devid,window_start,window_end,avg_temperature,avg_humidity,avg_lux
72:a5:12:55:c5:00,2024-01-01T00:00:00Z,2024-01-01T00:05:00Z,20.3,53.23,14.73
72:a5:12:55:c5:00,2024-01-01T00:05:00Z,2024-01-01T00:10:00Z,19.92,48.46,33.51
72:a5:12:55:c5:00,2024-01-01T00:10:00Z,2024-01-01T00:15:00Z,20.39,52.29,35.44
72:a5:12:55:c5:00,2024-01-01T00:15:00Z,2024-01-01T00:20:00Z,20.91,50.37,-84.54
72:a5:12:55:c5:00,2024-01-01T00:20:00Z,2024-01-01T00:25:00Z,19.86,50.5,49.45
72:a5:12:55:c5:00,2024-01-01T00:25:00Z,2024-01-01T00:30:00Z,19.86,46.06,18.19
72:a5:12:55:c5:00,2024-01-01T00:30:00Z,2024-01-01T00:35:00Z,20.95,45.59,-38.12
72:a5:12:55:c5:00,2024-01-01T00:35:00Z,2024-01-01T00:40:00Z,20.46,49.56,-44.98
72:a5:12:55:c5:00,2024-01-01T00:40:00Z,2024-01-01T00:45:00Z,19.72,50.49,-20.04
72:a5:12:55:c5:00,2024-01-01T00:45:00Z,2024-01-01T00:50:00Z,20.33,47.75,-77.92
72:a5:12:55:c5:00,2024-01-01T00:50:00Z,2024-01-01T00:55:00Z,19.72,47.82,103.34
72:a5:12:55:c5:00,2024-01-01T00:55:00Z,2024-01-01T01:00:00Z,19.72,51.12,89.17
72:a5:12:55:c5:00,2024-01-01T01:00:00Z,2024-01-01T01:05:00Z,21.44,48.02,544.74
72:a5:12:55:c5:00,2024-01-01T01:05:00Z,2024-01-01T01:10:00Z,20.15,46.62,504.23
72:a5:12:55:c5:00,2024-01-01T01:10:00Z,2024-01-01T01:15:00Z,20.26,48.45,505.81
72:a5:12:55:c5:00,2024-01-01T01:15:00Z,2024-01-01T01:20:00Z,20.96,44.55,563.12
72:a5:12:55:c5:00,2024-01-01T01:20:00Z,2024-01-01T01:25:00Z,20.69,46.18,623.11
72:a5:12:55:c5:00,2024-01-01T01:25:00Z,2024-01-01T01:30:00Z,21.48,50.19,483.41
72:a5:12:55:c5:00,2024-01-01T01:30:00Z,2024-01-01T01:35:00Z,20.75,47.03,450.58
72:a5:12:55:c5:00,2024-01-01T01:35:00Z,2024-01-01T01:40:00Z,20.45,47.15,610.5
72:a5:12:55:c5:00,2024-01-01T01:40:00Z,2024-01-01T01:45:00Z,22.17,51.51,410.41
72:a5:12:55:c5:00,2024-01-01T01:45:00Z,2024-01-01T01:50:00Z,21.16,44.1,457.13
72:a5:12:55:c5:00,2024-01-01T01:50:00Z,2024-01-01T01:55:00Z,21.33,48.49,502.83
72:a5:12:55:c5:00,2024-01-01T01:55:00Z,2024-01-01T02:00:00Z,20.44,50.22,424.01
72:a5:12:55:c5:00,2024-01-01T02:00:00Z,2024-01-01T02:05:00Z,22.17,43.35,1066.73
72:a5:12:55:c5:00,2024-01-01T02:05:00Z,2024-01-01T02:10:00Z,22.57,45.72,1051.41
72:a5:12:55:c5:00,2024-01-01T02:10:00Z,2024-01-01T02:15:00Z,21.81,42.04,965.51
72:a5:12:55:c5:00,2024-01-01T02:15:00Z,2024-01-01T02:20:00Z,22.73,42.63,1076.78
72:a5:12:55:c5:00,2024-01-01T02:20:00Z,2024-01-01T02:25:00Z,22.14,44.77,1086.96
72:a5:12:55:c5:00,2024-01-01T02:25:00Z,2024-01-01T02:30:00Z,22.32,45.6,993.21
72:a5:12:55:c5:00,2024-01-01T02:30:00Z,2024-01-01T02:35:00Z,22.14,46.24,972.96
72:a5:12:55:c5:00,2024-01-01T02:35:00Z,2024-01-01T02:40:00Z,23.61,47.14,1135.58
72:a5:12:55:c5:00,2024-01-01T02:40:00Z,2024-01-01T02:45:00Z,22.49,43.87,1043.27
72:a5:12:55:c5:00,2024-01-01T02:45:00Z,2024-01-01T02:50:00Z,21.87,46.39,1015.38
72:a5:12:55:c5:00,2024-01-01T02:50:00Z,2024-01-01T02:55:00Z,22.99,43.32,1081.81
72:a5:12:55:c5:00,2024-01-01T02:55:00Z,2024-01-01T03:00:00Z,21.77,45.8,1018.12
72:a5:12:55:c5:00,2024-01-01T03:00:00Z,2024-01-01T03:05:00Z,23.66,41.93,1383.88
72:a5:12:55:c5:00,2024-01-01T03:05:00Z,2024-01-01T03:10:00Z,22.36,42.41,1419.02
72:a5:12:55:c5:00,2024-01-01T03:10:00Z,2024-01-01T03:15:00Z,22.74,42.36,1476.53
72:a5:12:55:c5:00,2024-01-01T03:15:00Z,2024-01-01T03:20:00Z,23.65,38.31,1294.68
72:a5:12:55:c5:00,2024-01-01T03:20:00Z,2024-01-01T03:25:00Z,23.98,39.27,1396.93
72:a5:12:55:c5:00,2024-01-01T03:25:00Z,2024-01-01T03:30:00Z,23.64,41.72,1497.2
72:a5:12:55:c5:00,2024-01-01T03:30:00Z,2024-01-01T03:35:00Z,23.47,38.14,1383.5
72:a5:12:55:c5:00,2024-01-01T03:35:00Z,2024-01-01T03:40:00Z,23.35,43.18,1506.98
72:a5:12:55:c5:00,2024-01-01T03:40:00Z,2024-01-01T03:45:00Z,22.65,43.26,1499.1
72:a5:12:55:c5:00,2024-01-01T03:45:00Z,2024-01-01T03:50:00Z,23.1,42.17,1410.28
72:a5:12:55:c5:00,2024-01-01T03:50:00Z,2024-01-01T03:55:00Z,23.26,39.27,1380.1
72:a5:12:55:c5:00,2024-01-01T03:55:00Z,2024-01-01T04:00:00Z,24.17,44.27,1396.97
72:a5:12:55:c5:00,2024-01-01T04:00:00Z,2024-01-01T04:05:00Z,24.54,43.68,1891.93
72:a5:12:55:c5:00,2024-01-01T04:05:00Z,2024-01-01T04:10:00Z,23.27,39.9,1844.52
72:a5:12:55:c5:00,2024-01-01T04:10:00Z,2024-01-01T04:15:00Z,24.52,40.63,1739.57
72:a5:12:55:c5:00,2024-01-01T04:15:00Z,2024-01-01T04:20:00Z,24.1,40.01,1695.56
72:a5:12:55:c5:00,2024-01-01T04:20:00Z,2024-01-01T04:25:00Z,23.92,40.67,1739.07
72:a5:12:55:c5:00,2024-01-01T04:25:00Z,2024-01-01T04:30:00Z,24.7,39.37,1746.68
72:a5:12:55:c5:00,2024-01-01T04:30:00Z,2024-01-01T04:35:00Z,24.95,39.54,1657.45
72:a5:12:55:c5:00,2024-01-01T04:35:00Z,2024-01-01T04:40:00Z,24.89,41.42,1736.85
72:a5:12:55:c5:00,2024-01-01T04:40:00Z,2024-01-01T04:45:00Z,23.83,44.3,1811.4
72:a5:12:55:c5:00,2024-01-01T04:45:00Z,2024-01-01T04:50:00Z,24.14,36.81,1624.09
72:a5:12:55:c5:00,2024-01-01T04:50:00Z,2024-01-01T04:55:00Z,24.53,39.4,1781.65
72:a5:12:55:c5:00,2024-01-01T04:55:00Z,2024-01-01T05:00:00Z,24.92,37.25,1814.54
72:a5:12:55:c5:00,2024-01-01T05:00:00Z,2024-01-01T05:05:00Z,24.54,41.59,1898.22
72:a5:12:55:c5:00,2024-01-01T05:05:00Z,2024-01-01T05:10:00Z,24.72,37.23,2033.5
72:a5:12:55:c5:00,2024-01-01T05:10:00Z,2024-01-01T05:15:00Z,24.17,35.52,1890.43
72:a5:12:55:c5:00,2024-01-01T05:15:00Z,2024-01-01T05:20:00Z,24.11,39.69,1958.32
72:a5:12:55:c5:00,2024-01-01T05:20:00Z,2024-01-01T05:25:00Z,25.32,41.9,1913.45
72:a5:12:55:c5:00,2024-01-01T05:25:00Z,2024-01-01T05:30:00Z,25.64,39.74,1913.43
72:a5:12:55:c5:00,2024-01-01T05:30:00Z,2024-01-01T05:35:00Z,24.79,38.82,1894.81
72:a5:12:55:c5:00,2024-01-01T05:35:00Z,2024-01-01T05:40:00Z,25.43,39.23,1973.77
72:a5:12:55:c5:00,2024-01-01T05:40:00Z,2024-01-01T05:45:00Z,25.05,41.24,1982.78
72:a5:12:55:c5:00,2024-01-01T05:45:00Z,2024-01-01T05:50:00Z,24.44,36.66,1927.99
72:a5:12:55:c5:00,2024-01-01T05:50:00Z,2024-01-01T05:55:00Z,25.05,38.19,1850.25
72:a5:12:55:c5:00,2024-01-01T05:55:00Z,2024-01-01T06:00:00Z,25.75,37.5,1956.04
72:a5:12:55:c5:00,2024-01-01T06:00:00Z,2024-01-01T06:05:00Z,24.98,35.66,2025.32
72:a5:12:55:c5:00,2024-01-01T06:05:00Z,2024-01-01T06:10:00Z,25.94,37.34,1987.0
72:a5:12:55:c5:00,2024-01-01T06:10:00Z,2024-01-01T06:15:00Z,23.43,40.22,2112.03
72:a5:12:55:c5:00,2024-01-01T06:15:00Z,2024-01-01T06:20:00Z,25.49,39.13,1906.16
72:a5:12:55:c5:00,2024-01-01T06:20:00Z,2024-01-01T06:25:00Z,25.05,39.29,1866.96
72:a5:12:55:c5:00,2024-01-01T06:25:00Z,2024-01-01T06:30:00Z,24.82,38.29,1956.15
72:a5:12:55:c5:00,2024-01-01T06:30:00Z,2024-01-01T06:35:00Z,25.06,39.05,2042.63
72:a5:12:55:c5:00,2024-01-01T06:35:00Z,2024-01-01T06:40:00Z,23.81,36.4,1936.65
72:a5:12:55:c5:00,2024-01-01T06:40:00Z,2024-01-01T06:45:00Z,24.87,37.38,1941.14
72:a5:12:55:c5:00,2024-01-01T06:45:00Z,2024-01-01T06:50:00Z,25.21,38.38,2057.06
72:a5:12:55:c5:00,2024-01-01T06:50:00Z,2024-01-01T06:55:00Z,25.89,38.56,2027.75
72:a5:12:55:c5:00,2024-01-01T06:55:00Z,2024-01-01T07:00:00Z,24.69,38.64,2022.62
72:a5:12:55:c5:00,2024-01-01T07:00:00Z,2024-01-01T07:05:00Z,24.34,38.13,1978.74
72:a5:12:55:c5:00,2024-01-01T07:05:00Z,2024-01-01T07:10:00Z,24.53,37.65,1906.34
72:a5:12:55:c5:00,2024-01-01T07:10:00Z,2024-01-01T07:15:00Z,25.38,44.72,1909.11
72:a5:12:55:c5:00,2024-01-01T07:15:00Z,2024-01-01T07:20:00Z,25.03,40.22,1980.44
72:a5:12:55:c5:00,2024-01-01T07:20:00Z,2024-01-01T07:25:00Z,24.51,39.24,1851.16
72:a5:12:55:c5:00,2024-01-01T07:25:00Z,2024-01-01T07:30:00Z,25.14,37.94,1803.29
72:a5:12:55:c5:00,2024-01-01T07:30:00Z,2024-01-01T07:35:00Z,24.89,37.51,1905.85
72:a5:12:55:c5:00,2024-01-01T07:35:00Z,2024-01-01T07:40:00Z,25.41,38.15,1987.7
72:a5:12:55:c5:00,2024-01-01T07:40:00Z,2024-01-01T07:45:00Z,24.41,38.99,1947.19
72:a5:12:55:c5:00,2024-01-01T07:45:00Z,2024-01-01T07:50:00Z,24.63,34.65,1983.29
72:a5:12:55:c5:00,2024-01-01T07:50:00Z,2024-01-01T07:55:00Z,24.59,35.27,1810.87
72:a5:12:55:c5:00,2024-01-01T07:55:00Z,2024-01-01T08:00:00Z,23.95,37.14,1950.78
72:a5:12:55:c5:00,2024-01-01T08:00:00Z,2024-01-01T08:05:00Z,24.51,40.02,1771.28
72:a5:12:55:c5:00,2024-01-01T08:05:00Z,2024-01-01T08:10:00Z,24.49,39.13,1651.0
72:a5:12:55:c5:00,2024-01-01T08:10:00Z,2024-01-01T08:15:00Z,24.33,42.56,1783.77
72:a5:12:55:c5:00,2024-01-01T08:15:00Z,2024-01-01T08:20:00Z,24.19,36.64,1725.36
72:a5:12:55:c5:00,2024-01-01T08:20:00Z,2024-01-01T08:25:00Z,23.48,38.11,1916.33
72:a5:12:55:c5:00,2024-01-01T08:25:00Z,2024-01-01T08:30:00Z,24.08,42.65,1601.42
72:a5:12:55:c5:00,2024-01-01T08:30:00Z,2024-01-01T08:35:00Z,24.12,39.87,1814.2
72:a5:12:55:c5:00,2024-01-01T08:35:00Z,2024-01-01T08:40:00Z,23.85,41.38,1708.4
72:a5:12:55:c5:00,2024-01-01T08:40:00Z,2024-01-01T08:45:00Z,24.23,43.71,1635.02
72:a5:12:55:c5:00,2024-01-01T08:45:00Z,2024-01-01T08:50:00Z,24.57,38.22,1700.43
72:a5:12:55:c5:00,2024-01-01T08:50:00Z,2024-01-01T08:55:00Z,25.46,39.41,1748.7
72:a5:12:55:c5:00,2024-01-01T08:55:00Z,2024-01-01T09:00:00Z,24.43,39.06,1794.3
72:a5:12:55:c5:00,2024-01-01T09:00:00Z,2024-01-01T09:05:00Z,23.69,37.61,1517.53
72:a5:12:55:c5:00,2024-01-01T09:05:00Z,2024-01-01T09:10:00Z,23.49,40.89,1499.53
72:a5:12:55:c5:00,2024-01-01T09:10:00Z,2024-01-01T09:15:00Z,22.38,43.28,1356.29
72:a5:12:55:c5:00,2024-01-01T09:15:00Z,2024-01-01T09:20:00Z,23.52,42.6,1482.02
72:a5:12:55:c5:00,2024-01-01T09:20:00Z,2024-01-01T09:25:00Z,23.57,42.75,1437.69
72:a5:12:55:c5:00,2024-01-01T09:25:00Z,2024-01-01T09:30:00Z,25.01,40.76,1374.94
72:a5:12:55:c5:00,2024-01-01T09:30:00Z,2024-01-01T09:35:00Z,23.42,40.2,1401.5
72:a5:12:55:c5:00,2024-01-01T09:35:00Z,2024-01-01T09:40:00Z,23.72,44.05,1371.62
72:a5:12:55:c5:00,2024-01-01T09:40:00Z,2024-01-01T09:45:00Z,23.51,40.52,1416.44
72:a5:12:55:c5:00,2024-01-01T09:45:00Z,2024-01-01T09:50:00Z,22.83,42.1,1370.43
72:a5:12:55:c5:00,2024-01-01T09:50:00Z,2024-01-01T09:55:00Z,24.22,41.84,1352.53
72:a5:12:55:c5:00,2024-01-01T09:55:00Z,2024-01-01T10:00:00Z,23.99,44.44,1442.96
72:a5:12:55:c5:00,2024-01-01T10:00:00Z,2024-01-01T10:05:00Z,22.97,45.94,1037.72
72:a5:12:55:c5:00,2024-01-01T10:05:00Z,2024-01-01T10:10:00Z,21.95,41.41,988.74
72:a5:12:55:c5:00,2024-01-01T10:10:00Z,2024-01-01T10:15:00Z,23.34,41.62,1082.06
72:a5:12:55:c5:00,2024-01-01T10:15:00Z,2024-01-01T10:20:00Z,21.66,45.16,984.37
72:a5:12:55:c5:00,2024-01-01T10:20:00Z,2024-01-01T10:25:00Z,22.85,43.87,981.83
72:a5:12:55:c5:00,2024-01-01T10:25:00Z,2024-01-01T10:30:00Z,23.81,43.09,1039.63
72:a5:12:55:c5:00,2024-01-01T10:30:00Z,2024-01-01T10:35:00Z,21.91,46.03,992.05
72:a5:12:55:c5:00,2024-01-01T10:35:00Z,2024-01-01T10:40:00Z,22.16,44.37,1005.09
72:a5:12:55:c5:00,2024-01-01T10:40:00Z,2024-01-01T10:45:00Z,22.56,44.1,848.77
72:a5:12:55:c5:00,2024-01-01T10:45:00Z,2024-01-01T10:50:00Z,22.2,45.56,1001.0
72:a5:12:55:c5:00,2024-01-01T10:50:00Z,2024-01-01T10:55:00Z,21.57,43.25,890.37
72:a5:12:55:c5:00,2024-01-01T10:55:00Z,2024-01-01T11:00:00Z,22.54,47.14,926.74
72:a5:12:55:c5:00,2024-01-01T11:00:00Z,2024-01-01T11:05:00Z,20.66,45.32,437.52
72:a5:12:55:c5:00,2024-01-01T11:05:00Z,2024-01-01T11:10:00Z,21.58,48.21,455.08
72:a5:12:55:c5:00,2024-01-01T11:10:00Z,2024-01-01T11:15:00Z,20.74,49.76,484.71
72:a5:12:55:c5:00,2024-01-01T11:15:00Z,2024-01-01T11:20:00Z,22.22,44.14,488.45
72:a5:12:55:c5:00,2024-01-01T11:20:00Z,2024-01-01T11:25:00Z,20.82,46.21,557.49
72:a5:12:55:c5:00,2024-01-01T11:25:00Z,2024-01-01T11:30:00Z,21.1,49.18,530.98
72:a5:12:55:c5:00,2024-01-01T11:30:00Z,2024-01-01T11:35:00Z,21.78,49.21,403.57
72:a5:12:55:c5:00,2024-01-01T11:35:00Z,2024-01-01T11:40:00Z,20.56,46.55,522.64
72:a5:12:55:c5:00,2024-01-01T11:40:00Z,2024-01-01T11:45:00Z,21.43,45.42,536.73
72:a5:12:55:c5:00,2024-01-01T11:45:00Z,2024-01-01T11:50:00Z,22.08,48.81,497.92
72:a5:12:55:c5:00,2024-01-01T11:50:00Z,2024-01-01T11:55:00Z,20.33,49.26,513.98
72:a5:12:55:c5:00,2024-01-01T11:55:00Z,2024-01-01T12:00:00Z,21.4,44.56,529.06
72:a5:12:55:c5:00,2024-01-01T12:00:00Z,2024-01-01T12:05:00Z,20.16,47.59,45.88
72:a5:12:55:c5:00,2024-01-01T12:05:00Z,2024-01-01T12:10:00Z,20.47,50.45,-94.49
72:a5:12:55:c5:00,2024-01-01T12:10:00Z,2024-01-01T12:15:00Z,19.26,51.26,-14.66
72:a5:12:55:c5:00,2024-01-01T12:15:00Z,2024-01-01T12:20:00Z,19.21,49.4,90.5
72:a5:12:55:c5:00,2024-01-01T12:20:00Z,2024-01-01T12:25:00Z,20.31,51.36,85.0
72:a5:12:55:c5:00,2024-01-01T12:25:00Z,2024-01-01T12:30:00Z,20.18,48.58,51.06
72:a5:12:55:c5:00,2024-01-01T12:30:00Z,2024-01-01T12:35:00Z,20.15,45.77,32.21
72:a5:12:55:c5:00,2024-01-01T12:35:00Z,2024-01-01T12:40:00Z,20.21,49.15,99.28
72:a5:12:55:c5:00,2024-01-01T12:40:00Z,2024-01-01T12:45:00Z,19.59,50.13,115.07
72:a5:12:55:c5:00,2024-01-01T12:45:00Z,2024-01-01T12:50:00Z,20.14,49.45,-7.74
72:a5:12:55:c5:00,2024-01-01T12:50:00Z,2024-01-01T12:55:00Z,20.18,47.68,-58.17
72:a5:12:55:c5:00,2024-01-01T12:55:00Z,2024-01-01T13:00:00Z,19.57,46.37,-16.22
72:a5:12:55:c5:00,2024-01-01T13:00:00Z,2024-01-01T13:05:00Z,19.83,52.08,185.8
72:a5:12:55:c5:00,2024-01-01T13:05:00Z,2024-01-01T13:10:00Z,18.99,54.9,-94.16
72:a5:12:55:c5:00,2024-01-01T13:10:00Z,2024-01-01T13:15:00Z,17.99,55.62,-28.23
72:a5:12:55:c5:00,2024-01-01T13:15:00Z,2024-01-01T13:20:00Z,19.1,55.48,-84.76
72:a5:12:55:c5:00,2024-01-01T13:20:00Z,2024-01-01T13:25:00Z,18.12,51.47,7.49
72:a5:12:55:c5:00,2024-01-01T13:25:00Z,2024-01-01T13:30:00Z,19.18,50.8,-72.16
72:a5:12:55:c5:00,2024-01-01T13:30:00Z,2024-01-01T13:35:00Z,19.4,54.1,-6.53
72:a5:12:55:c5:00,2024-01-01T13:35:00Z,2024-01-01T13:40:00Z,18.21,54.38,-117.01
72:a5:12:55:c5:00,2024-01-01T13:40:00Z,2024-01-01T13:45:00Z,19.28,53.91,37.06
72:a5:12:55:c5:00,2024-01-01T13:45:00Z,2024-01-01T13:50:00Z,18.95,49.08,73.34
72:a5:12:55:c5:00,2024-01-01T13:50:00Z,2024-01-01T13:55:00Z,19.2,51.37,-23.04
72:a5:12:55:c5:00,2024-01-01T13:55:00Z,2024-01-01T14:00:00Z,19.84,53.05,-8.11
72:a5:12:55:c5:00,2024-01-01T14:00:00Z,2024-01-01T14:05:00Z,17.35,56.97,-9.8
72:a5:12:55:c5:00,2024-01-01T14:05:00Z,2024-01-01T14:10:00Z,17.05,57.53,10.85
72:a5:12:55:c5:00,2024-01-01T14:10:00Z,2024-01-01T14:15:00Z,16.97,56.29,-2.29
72:a5:12:55:c5:00,2024-01-01T14:15:00Z,2024-01-01T14:20:00Z,17.01,56.66,46.09
72:a5:12:55:c5:00,2024-01-01T14:20:00Z,2024-01-01T14:25:00Z,17.45,56.17,73.98
72:a5:12:55:c5:00,2024-01-01T14:25:00Z,2024-01-01T14:30:00Z,17.7,57.37,-48.84
72:a5:12:55:c5:00,2024-01-01T14:30:00Z,2024-01-01T14:35:00Z,17.67,56.63,-18.56
72:a5:12:55:c5:00,2024-01-01T14:35:00Z,2024-01-01T14:40:00Z,18.0,56.13,54.1
72:a5:12:55:c5:00,2024-01-01T14:40:00Z,2024-01-01T14:45:00Z,17.51,55.46,-85.3
72:a5:12:55:c5:00,2024-01-01T14:45:00Z,2024-01-01T14:50:00Z,18.37,56.16,-118.24
72:a5:12:55:c5:00,2024-01-01T14:50:00Z,2024-01-01T14:55:00Z,17.34,56.97,13.58
72:a5:12:55:c5:00,2024-01-01T14:55:00Z,2024-01-01T15:00:00Z,19.13,56.53,29.78
72:a5:12:55:c5:00,2024-01-01T15:00:00Z,2024-01-01T15:05:00Z,16.84,59.25,-43.34
72:a5:12:55:c5:00,2024-01-01T15:05:00Z,2024-01-01T15:10:00Z,15.95,61.17,-34.72
72:a5:12:55:c5:00,2024-01-01T15:10:00Z,2024-01-01T15:15:00Z,15.82,59.02,-45.61
72:a5:12:55:c5:00,2024-01-01T15:15:00Z,2024-01-01T15:20:00Z,16.75,57.19,-52.02
72:a5:12:55:c5:00,2024-01-01T15:20:00Z,2024-01-01T15:25:00Z,16.33,60.25,41.61
72:a5:12:55:c5:00,2024-01-01T15:25:00Z,2024-01-01T15:30:00Z,16.89,55.75,-70.83
72:a5:12:55:c5:00,2024-01-01T15:30:00Z,2024-01-01T15:35:00Z,16.75,56.32,-15.93
72:a5:12:55:c5:00,2024-01-01T15:35:00Z,2024-01-01T15:40:00Z,16.42,59.16,-54.32
72:a5:12:55:c5:00,2024-01-01T15:40:00Z,2024-01-01T15:45:00Z,15.96,59.52,-87.32
72:a5:12:55:c5:00,2024-01-01T15:45:00Z,2024-01-01T15:50:00Z,15.56,56.0,52.21
72:a5:12:55:c5:00,2024-01-01T15:50:00Z,2024-01-01T15:55:00Z,16.2,57.72,-31.19
72:a5:12:55:c5:00,2024-01-01T15:55:00Z,2024-01-01T16:00:00Z,16.98,57.27,11.31
72:a5:12:55:c5:00,2024-01-01T16:00:00Z,2024-01-01T16:05:00Z,15.8,59.42,-90.48
72:a5:12:55:c5:00,2024-01-01T16:05:00Z,2024-01-01T16:10:00Z,14.92,62.28,-44.52
72:a5:12:55:c5:00,2024-01-01T16:10:00Z,2024-01-01T16:15:00Z,15.77,61.81,45.37
72:a5:12:55:c5:00,2024-01-01T16:15:00Z,2024-01-01T16:20:00Z,15.9,60.35,155.24
72:a5:12:55:c5:00,2024-01-01T16:20:00Z,2024-01-01T16:25:00Z,15.14,59.3,-118.57
72:a5:12:55:c5:00,2024-01-01T16:25:00Z,2024-01-01T16:30:00Z,15.76,57.69,-12.07
72:a5:12:55:c5:00,2024-01-01T16:30:00Z,2024-01-01T16:35:00Z,15.7,63.23,24.74
72:a5:12:55:c5:00,2024-01-01T16:35:00Z,2024-01-01T16:40:00Z,14.98,61.58,-36.97
72:a5:12:55:c5:00,2024-01-01T16:40:00Z,2024-01-01T16:45:00Z,15.88,58.98,50.97
72:a5:12:55:c5:00,2024-01-01T16:45:00Z,2024-01-01T16:50:00Z,16.01,61.83,-52.0
72:a5:12:55:c5:00,2024-01-01T16:50:00Z,2024-01-01T16:55:00Z,16.32,60.25,9.23
72:a5:12:55:c5:00,2024-01-01T16:55:00Z,2024-01-01T17:00:00Z,16.3,59.82,-31.32
72:a5:12:55:c5:00,2024-01-01T17:00:00Z,2024-01-01T17:05:00Z,14.34,62.46,73.17
72:a5:12:55:c5:00,2024-01-01T17:05:00Z,2024-01-01T17:10:00Z,14.61,60.11,-40.58
72:a5:12:55:c5:00,2024-01-01T17:10:00Z,2024-01-01T17:15:00Z,15.48,60.9,-21.11
72:a5:12:55:c5:00,2024-01-01T17:15:00Z,2024-01-01T17:20:00Z,15.48,61.83,56.74
72:a5:12:55:c5:00,2024-01-01T17:20:00Z,2024-01-01T17:25:00Z,15.48,60.59,-61.68
72:a5:12:55:c5:00,2024-01-01T17:25:00Z,2024-01-01T17:30:00Z,17.48,62.93,4.13
72:a5:12:55:c5:00,2024-01-01T17:30:00Z,2024-01-01T17:35:00Z,15.51,65.33,-109.35
72:a5:12:55:c5:00,2024-01-01T17:35:00Z,2024-01-01T17:40:00Z,15.85,60.08,-65.28
72:a5:12:55:c5:00,2024-01-01T17:40:00Z,2024-01-01T17:45:00Z,15.74,58.26,22.93
72:a5:12:55:c5:00,2024-01-01T17:45:00Z,2024-01-01T17:50:00Z,15.56,57.59,-59.44
72:a5:12:55:c5:00,2024-01-01T17:50:00Z,2024-01-01T17:55:00Z,14.98,61.29,-32.67
72:a5:12:55:c5:00,2024-01-01T17:55:00Z,2024-01-01T18:00:00Z,15.63,60.26,29.59
72:a5:12:55:c5:00,2024-01-01T18:00:00Z,2024-01-01T18:05:00Z,14.54,62.42,-34.75
72:a5:12:55:c5:00,2024-01-01T18:05:00Z,2024-01-01T18:10:00Z,14.86,62.27,49.37
72:a5:12:55:c5:00,2024-01-01T18:10:00Z,2024-01-01T18:15:00Z,14.71,58.79,12.94
72:a5:12:55:c5:00,2024-01-01T18:15:00Z,2024-01-01T18:20:00Z,15.05,58.37,26.14
72:a5:12:55:c5:00,2024-01-01T18:20:00Z,2024-01-01T18:25:00Z,16.39,62.59,74.46
72:a5:12:55:c5:00,2024-01-01T18:25:00Z,2024-01-01T18:30:00Z,13.88,62.27,19.19
72:a5:12:55:c5:00,2024-01-01T18:30:00Z,2024-01-01T18:35:00Z,15.41,61.15,92.33
72:a5:12:55:c5:00,2024-01-01T18:35:00Z,2024-01-01T18:40:00Z,14.03,58.69,54.68
72:a5:12:55:c5:00,2024-01-01T18:40:00Z,2024-01-01T18:45:00Z,14.72,62.94,-31.41
72:a5:12:55:c5:00,2024-01-01T18:45:00Z,2024-01-01T18:50:00Z,15.65,64.54,77.59
72:a5:12:55:c5:00,2024-01-01T18:50:00Z,2024-01-01T18:55:00Z,15.04,62.56,15.83
72:a5:12:55:c5:00,2024-01-01T18:55:00Z,2024-01-01T19:00:00Z,14.35,60.31,-23.68
72:a5:12:55:c5:00,2024-01-01T19:00:00Z,2024-01-01T19:05:00Z,14.74,61.68,16.7
72:a5:12:55:c5:00,2024-01-01T19:05:00Z,2024-01-01T19:10:00Z,15.58,58.86,66.74
72:a5:12:55:c5:00,2024-01-01T19:10:00Z,2024-01-01T19:15:00Z,14.73,63.71,27.3
72:a5:12:55:c5:00,2024-01-01T19:15:00Z,2024-01-01T19:20:00Z,15.3,61.75,109.34
72:a5:12:55:c5:00,2024-01-01T19:20:00Z,2024-01-01T19:25:00Z,15.2,58.05,65.19
72:a5:12:55:c5:00,2024-01-01T19:25:00Z,2024-01-01T19:30:00Z,14.78,60.99,31.39
72:a5:12:55:c5:00,2024-01-01T19:30:00Z,2024-01-01T19:35:00Z,16.46,62.52,-61.56
72:a5:12:55:c5:00,2024-01-01T19:35:00Z,2024-01-01T19:40:00Z,15.55,60.93,-10.78
72:a5:12:55:c5:00,2024-01-01T19:40:00Z,2024-01-01T19:45:00Z,13.96,61.04,4.3
72:a5:12:55:c5:00,2024-01-01T19:45:00Z,2024-01-01T19:50:00Z,15.28,59.14,41.8
72:a5:12:55:c5:00,2024-01-01T19:50:00Z,2024-01-01T19:55:00Z,14.77,62.72,38.24
72:a5:12:55:c5:00,2024-01-01T19:55:00Z,2024-01-01T20:00:00Z,15.68,60.29,10.17
72:a5:12:55:c5:00,2024-01-01T20:00:00Z,2024-01-01T20:05:00Z,15.19,56.08,7.22
72:a5:12:55:c5:00,2024-01-01T20:05:00Z,2024-01-01T20:10:00Z,15.6,59.65,43.23
72:a5:12:55:c5:00,2024-01-01T20:10:00Z,2024-01-01T20:15:00Z,15.97,62.35,-51.52
72:a5:12:55:c5:00,2024-01-01T20:15:00Z,2024-01-01T20:20:00Z,16.19,59.62,101.73
72:a5:12:55:c5:00,2024-01-01T20:20:00Z,2024-01-01T20:25:00Z,14.95,63.87,-122.83
72:a5:12:55:c5:00,2024-01-01T20:25:00Z,2024-01-01T20:30:00Z,15.47,61.25,87.32
72:a5:12:55:c5:00,2024-01-01T20:30:00Z,2024-01-01T20:35:00Z,15.38,61.07,-2.71
72:a5:12:55:c5:00,2024-01-01T20:35:00Z,2024-01-01T20:40:00Z,15.28,60.14,60.15
72:a5:12:55:c5:00,2024-01-01T20:40:00Z,2024-01-01T20:45:00Z,16.73,60.26,21.83
72:a5:12:55:c5:00,2024-01-01T20:45:00Z,2024-01-01T20:50:00Z,15.91,59.87,20.76
72:a5:12:55:c5:00,2024-01-01T20:50:00Z,2024-01-01T20:55:00Z,14.91,59.79,33.26
72:a5:12:55:c5:00,2024-01-01T20:55:00Z,2024-01-01T21:00:00Z,16.22,61.45,48.54
72:a5:12:55:c5:00,2024-01-01T21:00:00Z,2024-01-01T21:05:00Z,17.74,56.61,-19.73
72:a5:12:55:c5:00,2024-01-01T21:05:00Z,2024-01-01T21:10:00Z,17.08,56.33,62.09
72:a5:12:55:c5:00,2024-01-01T21:10:00Z,2024-01-01T21:15:00Z,15.55,56.24,-65.07
72:a5:12:55:c5:00,2024-01-01T21:15:00Z,2024-01-01T21:20:00Z,16.17,62.58,-0.32
72:a5:12:55:c5:00,2024-01-01T21:20:00Z,2024-01-01T21:25:00Z,17.22,59.55,50.16
72:a5:12:55:c5:00,2024-01-01T21:25:00Z,2024-01-01T21:30:00Z,16.04,59.09,59.7
72:a5:12:55:c5:00,2024-01-01T21:30:00Z,2024-01-01T21:35:00Z,16.73,56.37,27.65
72:a5:12:55:c5:00,2024-01-01T21:35:00Z,2024-01-01T21:40:00Z,16.93,59.73,-23.6
72:a5:12:55:c5:00,2024-01-01T21:40:00Z,2024-01-01T21:45:00Z,15.91,58.25,53.8
72:a5:12:55:c5:00,2024-01-01T21:45:00Z,2024-01-01T21:50:00Z,16.43,58.91,-40.16
72:a5:12:55:c5:00,2024-01-01T21:50:00Z,2024-01-01T21:55:00Z,14.52,56.53,105.08
72:a5:12:55:c5:00,2024-01-01T21:55:00Z,2024-01-01T22:00:00Z,15.85,58.81,-5.08
72:a5:12:55:c5:00,2024-01-01T22:00:00Z,2024-01-01T22:05:00Z,17.35,55.15,-92.38
72:a5:12:55:c5:00,2024-01-01T22:05:00Z,2024-01-01T22:10:00Z,16.75,54.47,-71.68
72:a5:12:55:c5:00,2024-01-01T22:10:00Z,2024-01-01T22:15:00Z,18.48,57.47,2.62
72:a5:12:55:c5:00,2024-01-01T22:15:00Z,2024-01-01T22:20:00Z,16.64,52.92,8.39
72:a5:12:55:c5:00,2024-01-01T22:20:00Z,2024-01-01T22:25:00Z,17.24,57.13,118.18
72:a5:12:55:c5:00,2024-01-01T22:25:00Z,2024-01-01T22:30:00Z,17.58,57.37,-62.31
72:a5:12:55:c5:00,2024-01-01T22:30:00Z,2024-01-01T22:35:00Z,18.36,54.24,2.37
72:a5:12:55:c5:00,2024-01-01T22:35:00Z,2024-01-01T22:40:00Z,16.64,54.36,-63.57
72:a5:12:55:c5:00,2024-01-01T22:40:00Z,2024-01-01T22:45:00Z,18.2,55.55,-29.56
72:a5:12:55:c5:00,2024-01-01T22:45:00Z,2024-01-01T22:50:00Z,17.51,56.56,101.04
72:a5:12:55:c5:00,2024-01-01T22:50:00Z,2024-01-01T22:55:00Z,16.91,55.69,-68.18
72:a5:12:55:c5:00,2024-01-01T22:55:00Z,2024-01-01T23:00:00Z,17.78,56.87,35.22
72:a5:12:55:c5:00,2024-01-01T23:00:00Z,2024-01-01T23:05:00Z,18.83,56.63,23.57
72:a5:12:55:c5:00,2024-01-01T23:05:00Z,2024-01-01T23:10:00Z,18.35,52.09,-1.45
72:a5:12:55:c5:00,2024-01-01T23:10:00Z,2024-01-01T23:15:00Z,18.75,49.68,31.17
72:a5:12:55:c5:00,2024-01-01T23:15:00Z,2024-01-01T23:20:00Z,18.47,54.76,-69.6
72:a5:12:55:c5:00,2024-01-01T23:20:00Z,2024-01-01T23:25:00Z,18.77,56.47,99.38
72:a5:12:55:c5:00,2024-01-01T23:25:00Z,2024-01-01T23:30:00Z,19.1,53.89,115.49
72:a5:12:55:c5:00,2024-01-01T23:30:00Z,2024-01-01T23:35:00Z,19.66,50.93,2.83
72:a5:12:55:c5:00,2024-01-01T23:35:00Z,2024-01-01T23:40:00Z,17.96,52.86,145.39
72:a5:12:55:c5:00,2024-01-01T23:40:00Z,2024-01-01T23:45:00Z,19.99,50.87,-23.94
72:a5:12:55:c5:00,2024-01-01T23:45:00Z,2024-01-01T23:50:00Z,17.53,54.39,24.03
72:a5:12:55:c5:00,2024-01-01T23:50:00Z,2024-01-01T23:55:00Z,18.61,50.4,85.91
72:a5:12:55:c5:00,2024-01-01T23:55:00Z,2024-01-02T00:00:00Z,19.06,52.51,-27.54
72:a5:12:55:c5:00,2024-01-02T00:00:00Z,2024-01-02T00:05:00Z,20.17,47.99,-82.89
72:a5:12:55:c5:00,2024-01-02T00:05:00Z,2024-01-02T00:10:00Z,19.63,50.25,-96.7
72:a5:12:55:c5:00,2024-01-02T00:10:00Z,2024-01-02T00:15:00Z,19.88,49.27,123.65
72:a5:12:55:c5:00,2024-01-02T00:15:00Z,2024-01-02T00:20:00Z,19.7,50.35,-31.74
72:a5:12:55:c5:00,2024-01-02T00:20:00Z,2024-01-02T00:25:00Z,19.65,50.04,-11.14
72:a5:12:55:c5:00,2024-01-02T00:25:00Z,2024-01-02T00:30:00Z,20.51,48.03,-66.77
72:a5:12:55:c5:00,2024-01-02T00:30:00Z,2024-01-02T00:35:00Z,20.21,51.25,56.9
72:a5:12:55:c5:00,2024-01-02T00:35:00Z,2024-01-02T00:40:00Z,19.58,49.9,-46.89
72:a5:12:55:c5:00,2024-01-02T00:40:00Z,2024-01-02T00:45:00Z,20.54,48.02,-29.48
72:a5:12:55:c5:00,2024-01-02T00:45:00Z,2024-01-02T00:50:00Z,20.18,54.48,17.97
72:a5:12:55:c5:00,2024-01-02T00:50:00Z,2024-01-02T00:55:00Z,20.49,50.95,-63.84
72:a5:12:55:c5:00,2024-01-02T00:55:00Z,2024-01-02T01:00:00Z,20.38,49.69,-10.71
72:a5:12:55:c5:00,2024-01-02T01:00:00Z,2024-01-02T01:05:00Z,20.8,49.72,601.77
72:a5:12:55:c5:00,2024-01-02T01:05:00Z,2024-01-02T01:10:00Z,20.96,50.58,543.33
72:a5:12:55:c5:00,2024-01-02T01:10:00Z,2024-01-02T01:15:00Z,21.74,46.6,525.47
72:a5:12:55:c5:00,2024-01-02T01:15:00Z,2024-01-02T01:20:00Z,21.66,47.59,530.53
72:a5:12:55:c5:00,2024-01-02T01:20:00Z,2024-01-02T01:25:00Z,21.28,44.92,494.29
72:a5:12:55:c5:00,2024-01-02T01:25:00Z,2024-01-02T01:30:00Z,21.36,46.6,637.41
72:a5:12:55:c5:00,2024-01-02T01:30:00Z,2024-01-02T01:35:00Z,22.06,46.5,468.91
72:a5:12:55:c5:00,2024-01-02T01:35:00Z,2024-01-02T01:40:00Z,20.94,47.26,530.29
72:a5:12:55:c5:00,2024-01-02T01:40:00Z,2024-01-02T01:45:00Z,21.62,47.56,524.54
72:a5:12:55:c5:00,2024-01-02T01:45:00Z,2024-01-02T01:50:00Z,21.17,48.01,578.16
72:a5:12:55:c5:00,2024-01-02T01:50:00Z,2024-01-02T01:55:00Z,21.16,47.37,583.83
72:a5:12:55:c5:00,2024-01-02T01:55:00Z,2024-01-02T02:00:00Z,21.95,44.47,515.72
72:a5:12:55:c5:00,2024-01-02T02:00:00Z,2024-01-02T02:05:00Z,23.0,42.12,1017.44
72:a5:12:55:c5:00,2024-01-02T02:05:00Z,2024-01-02T02:10:00Z,22.99,42.91,1019.71
72:a5:12:55:c5:00,2024-01-02T02:10:00Z,2024-01-02T02:15:00Z,23.28,43.44,863.67
72:a5:12:55:c5:00,2024-01-02T02:15:00Z,2024-01-02T02:20:00Z,22.51,46.1,904.66
72:a5:12:55:c5:00,2024-01-02T02:20:00Z,2024-01-02T02:25:00Z,22.91,41.67,963.7
72:a5:12:55:c5:00,2024-01-02T02:25:00Z,2024-01-02T02:30:00Z,22.31,43.29,966.3
72:a5:12:55:c5:00,2024-01-02T02:30:00Z,2024-01-02T02:35:00Z,22.69,45.91,928.04
72:a5:12:55:c5:00,2024-01-02T02:35:00Z,2024-01-02T02:40:00Z,22.42,43.4,1044.97
72:a5:12:55:c5:00,2024-01-02T02:40:00Z,2024-01-02T02:45:00Z,22.56,44.92,1000.13
72:a5:12:55:c5:00,2024-01-02T02:45:00Z,2024-01-02T02:50:00Z,22.86,43.72,987.12
72:a5:12:55:c5:00,2024-01-02T02:50:00Z,2024-01-02T02:55:00Z,22.01,44.51,924.63
72:a5:12:55:c5:00,2024-01-02T02:55:00Z,2024-01-02T03:00:00Z,23.76,43.54,997.33
72:a5:12:55:c5:00,2024-01-02T03:00:00Z,2024-01-02T03:05:00Z,22.93,42.85,1256.61
72:a5:12:55:c5:00,2024-01-02T03:05:00Z,2024-01-02T03:10:00Z,22.81,38.42,1404.44
72:a5:12:55:c5:00,2024-01-02T03:10:00Z,2024-01-02T03:15:00Z,24.23,40.79,1418.0
72:a5:12:55:c5:00,2024-01-02T03:15:00Z,2024-01-02T03:20:00Z,24.01,42.11,1428.73
72:a5:12:55:c5:00,2024-01-02T03:20:00Z,2024-01-02T03:25:00Z,23.91,42.58,1320.37
72:a5:12:55:c5:00,2024-01-02T03:25:00Z,2024-01-02T03:30:00Z,23.91,44.5,1427.7
72:a5:12:55:c5:00,2024-01-02T03:30:00Z,2024-01-02T03:35:00Z,23.53,40.73,1351.73
72:a5:12:55:c5:00,2024-01-02T03:35:00Z,2024-01-02T03:40:00Z,23.0,44.47,1365.47
72:a5:12:55:c5:00,2024-01-02T03:40:00Z,2024-01-02T03:45:00Z,23.58,40.2,1457.29
72:a5:12:55:c5:00,2024-01-02T03:45:00Z,2024-01-02T03:50:00Z,23.13,44.17,1535.06
72:a5:12:55:c5:00,2024-01-02T03:50:00Z,2024-01-02T03:55:00Z,24.12,43.15,1417.3
72:a5:12:55:c5:00,2024-01-02T03:55:00Z,2024-01-02T04:00:00Z,23.45,39.69,1365.19
72:a5:12:55:c5:00,2024-01-02T04:00:00Z,2024-01-02T04:05:00Z,23.83,40.22,1743.37
72:a5:12:55:c5:00,2024-01-02T04:05:00Z,2024-01-02T04:10:00Z,24.14,39.51,1788.39
72:a5:12:55:c5:00,2024-01-02T04:10:00Z,2024-01-02T04:15:00Z,24.58,40.86,1769.31
72:a5:12:55:c5:00,2024-01-02T04:15:00Z,2024-01-02T04:20:00Z,23.99,39.16,1896.64
72:a5:12:55:c5:00,2024-01-02T04:20:00Z,2024-01-02T04:25:00Z,23.84,38.99,1689.13
72:a5:12:55:c5:00,2024-01-02T04:25:00Z,2024-01-02T04:30:00Z,24.48,42.35,1747.18
72:a5:12:55:c5:00,2024-01-02T04:30:00Z,2024-01-02T04:35:00Z,24.48,39.41,1824.99
72:a5:12:55:c5:00,2024-01-02T04:35:00Z,2024-01-02T04:40:00Z,24.03,41.26,1821.22
72:a5:12:55:c5:00,2024-01-02T04:40:00Z,2024-01-02T04:45:00Z,24.05,39.16,1615.05
72:a5:12:55:c5:00,2024-01-02T04:45:00Z,2024-01-02T04:50:00Z,24.47,42.94,1731.85
72:a5:12:55:c5:00,2024-01-02T04:50:00Z,2024-01-02T04:55:00Z,23.46,38.25,1821.12
72:a5:12:55:c5:00,2024-01-02T04:55:00Z,2024-01-02T05:00:00Z,23.49,38.38,1905.49
72:a5:12:55:c5:00,2024-01-02T05:00:00Z,2024-01-02T05:05:00Z,24.4,41.46,1974.08
72:a5:12:55:c5:00,2024-01-02T05:05:00Z,2024-01-02T05:10:00Z,24.7,37.52,1909.78
72:a5:12:55:c5:00,2024-01-02T05:10:00Z,2024-01-02T05:15:00Z,25.02,41.61,1871.3
72:a5:12:55:c5:00,2024-01-02T05:15:00Z,2024-01-02T05:20:00Z,25.71,40.19,2064.98
72:a5:12:55:c5:00,2024-01-02T05:20:00Z,2024-01-02T05:25:00Z,25.34,38.1,1975.58
72:a5:12:55:c5:00,2024-01-02T05:25:00Z,2024-01-02T05:30:00Z,24.73,34.78,1880.97
72:a5:12:55:c5:00,2024-01-02T05:30:00Z,2024-01-02T05:35:00Z,24.82,38.37,1919.66
72:a5:12:55:c5:00,2024-01-02T05:35:00Z,2024-01-02T05:40:00Z,24.23,38.61,1950.46
72:a5:12:55:c5:00,2024-01-02T05:40:00Z,2024-01-02T05:45:00Z,24.82,40.74,1964.48
72:a5:12:55:c5:00,2024-01-02T05:45:00Z,2024-01-02T05:50:00Z,24.66,41.59,1877.87
72:a5:12:55:c5:00,2024-01-02T05:50:00Z,2024-01-02T05:55:00Z,25.02,37.04,1895.0
72:a5:12:55:c5:00,2024-01-02T05:55:00Z,2024-01-02T06:00:00Z,24.33,40.01,1832.68
72:a5:12:55:c5:00,2024-01-02T06:00:00Z,2024-01-02T06:05:00Z,25.31,39.53,2062.39
72:a5:12:55:c5:00,2024-01-02T06:05:00Z,2024-01-02T06:10:00Z,25.92,40.15,1979.5
72:a5:12:55:c5:00,2024-01-02T06:10:00Z,2024-01-02T06:15:00Z,24.93,39.0,2027.98
72:a5:12:55:c5:00,2024-01-02T06:15:00Z,2024-01-02T06:20:00Z,25.24,34.12,2085.34
72:a5:12:55:c5:00,2024-01-02T06:20:00Z,2024-01-02T06:25:00Z,25.41,37.69,2013.19
72:a5:12:55:c5:00,2024-01-02T06:25:00Z,2024-01-02T06:30:00Z,24.76,35.69,1993.22
72:a5:12:55:c5:00,2024-01-02T06:30:00Z,2024-01-02T06:35:00Z,25.13,37.59,2011.64
72:a5:12:55:c5:00,2024-01-02T06:35:00Z,2024-01-02T06:40:00Z,25.01,39.96,2003.79
72:a5:12:55:c5:00,2024-01-02T06:40:00Z,2024-01-02T06:45:00Z,25.06,38.61,2074.77
72:a5:12:55:c5:00,2024-01-02T06:45:00Z,2024-01-02T06:50:00Z,24.54,40.3,2018.65
72:a5:12:55:c5:00,2024-01-02T06:50:00Z,2024-01-02T06:55:00Z,25.01,38.68,1967.34
72:a5:12:55:c5:00,2024-01-02T06:55:00Z,2024-01-02T07:00:00Z,25.3,35.4,2062.87
72:a5:12:55:c5:00,2024-01-02T07:00:00Z,2024-01-02T07:05:00Z,25.7,33.37,2005.68
72:a5:12:55:c5:00,2024-01-02T07:05:00Z,2024-01-02T07:10:00Z,25.41,38.71,1851.55
72:a5:12:55:c5:00,2024-01-02T07:10:00Z,2024-01-02T07:15:00Z,26.12,37.98,2023.82
72:a5:12:55:c5:00,2024-01-02T07:15:00Z,2024-01-02T07:20:00Z,24.37,36.45,1953.73
72:a5:12:55:c5:00,2024-01-02T07:20:00Z,2024-01-02T07:25:00Z,25.35,35.01,1948.85
72:a5:12:55:c5:00,2024-01-02T07:25:00Z,2024-01-02T07:30:00Z,24.94,36.94,1992.25
72:a5:12:55:c5:00,2024-01-02T07:30:00Z,2024-01-02T07:35:00Z,26.14,38.02,1897.83
72:a5:12:55:c5:00,2024-01-02T07:35:00Z,2024-01-02T07:40:00Z,24.34,39.74,1989.1
72:a5:12:55:c5:00,2024-01-02T07:40:00Z,2024-01-02T07:45:00Z,24.33,38.79,1909.25
72:a5:12:55:c5:00,2024-01-02T07:45:00Z,2024-01-02T07:50:00Z,24.47,41.63,1843.35
72:a5:12:55:c5:00,2024-01-02T07:50:00Z,2024-01-02T07:55:00Z,23.56,36.34,1871.99
72:a5:12:55:c5:00,2024-01-02T07:55:00Z,2024-01-02T08:00:00Z,24.51,40.17,1965.87
72:a5:12:55:c5:00,2024-01-02T08:00:00Z,2024-01-02T08:05:00Z,23.87,39.7,1675.32
72:a5:12:55:c5:00,2024-01-02T08:05:00Z,2024-01-02T08:10:00Z,24.42,41.0,1828.66
72:a5:12:55:c5:00,2024-01-02T08:10:00Z,2024-01-02T08:15:00Z,24.54,38.73,1803.41
72:a5:12:55:c5:00,2024-01-02T08:15:00Z,2024-01-02T08:20:00Z,25.46,41.75,1812.06
72:a5:12:55:c5:00,2024-01-02T08:20:00Z,2024-01-02T08:25:00Z,24.9,40.2,1739.54
72:a5:12:55:c5:00,2024-01-02T08:25:00Z,2024-01-02T08:30:00Z,23.98,38.25,1747.52
72:a5:12:55:c5:00,2024-01-02T08:30:00Z,2024-01-02T08:35:00Z,23.79,39.58,1660.43
72:a5:12:55:c5:00,2024-01-02T08:35:00Z,2024-01-02T08:40:00Z,24.63,39.13,1791.8
72:a5:12:55:c5:00,2024-01-02T08:40:00Z,2024-01-02T08:45:00Z,23.54,40.59,1754.84
72:a5:12:55:c5:00,2024-01-02T08:45:00Z,2024-01-02T08:50:00Z,25.43,37.25,1766.09
72:a5:12:55:c5:00,2024-01-02T08:50:00Z,2024-01-02T08:55:00Z,25.04,39.55,1833.35
72:a5:12:55:c5:00,2024-01-02T08:55:00Z,2024-01-02T09:00:00Z,24.05,40.4,1695.69
72:a5:12:55:c5:00,2024-01-02T09:00:00Z,2024-01-02T09:05:00Z,22.51,41.58,1406.65
72:a5:12:55:c5:00,2024-01-02T09:05:00Z,2024-01-02T09:10:00Z,24.35,44.21,1433.81
72:a5:12:55:c5:00,2024-01-02T09:10:00Z,2024-01-02T09:15:00Z,23.47,43.06,1358.09
72:a5:12:55:c5:00,2024-01-02T09:15:00Z,2024-01-02T09:20:00Z,24.28,41.5,1402.96
72:a5:12:55:c5:00,2024-01-02T09:20:00Z,2024-01-02T09:25:00Z,22.58,41.95,1443.79
72:a5:12:55:c5:00,2024-01-02T09:25:00Z,2024-01-02T09:30:00Z,23.18,42.11,1394.69
72:a5:12:55:c5:00,2024-01-02T09:30:00Z,2024-01-02T09:35:00Z,23.54,42.32,1492.75
72:a5:12:55:c5:00,2024-01-02T09:35:00Z,2024-01-02T09:40:00Z,23.56,37.86,1323.56
72:a5:12:55:c5:00,2024-01-02T09:40:00Z,2024-01-02T09:45:00Z,23.27,40.91,1481.58
72:a5:12:55:c5:00,2024-01-02T09:45:00Z,2024-01-02T09:50:00Z,23.91,38.55,1453.88
72:a5:12:55:c5:00,2024-01-02T09:50:00Z,2024-01-02T09:55:00Z,22.89,44.07,1380.08
72:a5:12:55:c5:00,2024-01-02T09:55:00Z,2024-01-02T10:00:00Z,23.45,41.39,1358.75
72:a5:12:55:c5:00,2024-01-02T10:00:00Z,2024-01-02T10:05:00Z,22.57,43.61,875.18
72:a5:12:55:c5:00,2024-01-02T10:05:00Z,2024-01-02T10:10:00Z,22.81,45.79,952.29
72:a5:12:55:c5:00,2024-01-02T10:10:00Z,2024-01-02T10:15:00Z,22.93,44.84,1062.83
72:a5:12:55:c5:00,2024-01-02T10:15:00Z,2024-01-02T10:20:00Z,21.83,41.74,996.63
72:a5:12:55:c5:00,2024-01-02T10:20:00Z,2024-01-02T10:25:00Z,21.58,43.86,1069.78
72:a5:12:55:c5:00,2024-01-02T10:25:00Z,2024-01-02T10:30:00Z,23.27,43.33,962.81
72:a5:12:55:c5:00,2024-01-02T10:30:00Z,2024-01-02T10:35:00Z,22.7,40.51,1042.43
72:a5:12:55:c5:00,2024-01-02T10:35:00Z,2024-01-02T10:40:00Z,22.05,42.62,956.95
72:a5:12:55:c5:00,2024-01-02T10:40:00Z,2024-01-02T10:45:00Z,23.43,43.63,942.07
72:a5:12:55:c5:00,2024-01-02T10:45:00Z,2024-01-02T10:50:00Z,22.57,43.77,993.57
72:a5:12:55:c5:00,2024-01-02T10:50:00Z,2024-01-02T10:55:00Z,23.21,41.04,960.1
72:a5:12:55:c5:00,2024-01-02T10:55:00Z,2024-01-02T11:00:00Z,22.54,46.3,907.43
72:a5:12:55:c5:00,2024-01-02T11:00:00Z,2024-01-02T11:05:00Z,22.53,46.69,506.7
72:a5:12:55:c5:00,2024-01-02T11:05:00Z,2024-01-02T11:10:00Z,22.35,46.97,524.02
72:a5:12:55:c5:00,2024-01-02T11:10:00Z,2024-01-02T11:15:00Z,21.14,47.7,593.74
72:a5:12:55:c5:00,2024-01-02T11:15:00Z,2024-01-02T11:20:00Z,21.88,45.32,573.85
72:a5:12:55:c5:00,2024-01-02T11:20:00Z,2024-01-02T11:25:00Z,21.68,47.81,590.83
72:a5:12:55:c5:00,2024-01-02T11:25:00Z,2024-01-02T11:30:00Z,22.12,46.16,560.86
72:a5:12:55:c5:00,2024-01-02T11:30:00Z,2024-01-02T11:35:00Z,20.72,45.1,537.59
72:a5:12:55:c5:00,2024-01-02T11:35:00Z,2024-01-02T11:40:00Z,21.71,48.04,443.9
72:a5:12:55:c5:00,2024-01-02T11:40:00Z,2024-01-02T11:45:00Z,21.93,49.88,526.63
72:a5:12:55:c5:00,2024-01-02T11:45:00Z,2024-01-02T11:50:00Z,20.24,48.34,553.45
72:a5:12:55:c5:00,2024-01-02T11:50:00Z,2024-01-02T11:55:00Z,20.58,48.74,605.08
72:a5:12:55:c5:00,2024-01-02T11:55:00Z,2024-01-02T12:00:00Z,20.07,45.85,558.82
72:a5:12:55:c5:00,2024-01-02T12:00:00Z,2024-01-02T12:05:00Z,19.84,46.8,74.42
72:a5:12:55:c5:00,2024-01-02T12:05:00Z,2024-01-02T12:10:00Z,20.43,52.98,-61.92
72:a5:12:55:c5:00,2024-01-02T12:10:00Z,2024-01-02T12:15:00Z,20.9,54.11,-19.59
72:a5:12:55:c5:00,2024-01-02T12:15:00Z,2024-01-02T12:20:00Z,20.04,53.09,25.76
72:a5:12:55:c5:00,2024-01-02T12:20:00Z,2024-01-02T12:25:00Z,20.98,49.33,69.66
72:a5:12:55:c5:00,2024-01-02T12:25:00Z,2024-01-02T12:30:00Z,19.17,47.69,-8.71
72:a5:12:55:c5:00,2024-01-02T12:30:00Z,2024-01-02T12:35:00Z,18.98,47.87,-4.95
72:a5:12:55:c5:00,2024-01-02T12:35:00Z,2024-01-02T12:40:00Z,19.97,46.63,41.23
72:a5:12:55:c5:00,2024-01-02T12:40:00Z,2024-01-02T12:45:00Z,20.23,49.79,-67.55
72:a5:12:55:c5:00,2024-01-02T12:45:00Z,2024-01-02T12:50:00Z,19.98,53.21,96.44
72:a5:12:55:c5:00,2024-01-02T12:50:00Z,2024-01-02T12:55:00Z,18.76,49.72,-52.75
72:a5:12:55:c5:00,2024-01-02T12:55:00Z,2024-01-02T13:00:00Z,19.95,50.6,-115.12
72:a5:12:55:c5:00,2024-01-02T13:00:00Z,2024-01-02T13:05:00Z,17.92,55.86,0.6
72:a5:12:55:c5:00,2024-01-02T13:05:00Z,2024-01-02T13:10:00Z,19.11,52.3,101.91
72:a5:12:55:c5:00,2024-01-02T13:10:00Z,2024-01-02T13:15:00Z,18.93,57.18,35.19
72:a5:12:55:c5:00,2024-01-02T13:15:00Z,2024-01-02T13:20:00Z,18.14,57.09,45.07
72:a5:12:55:c5:00,2024-01-02T13:20:00Z,2024-01-02T13:25:00Z,18.4,52.84,2.48
72:a5:12:55:c5:00,2024-01-02T13:25:00Z,2024-01-02T13:30:00Z,18.07,51.95,-9.14
72:a5:12:55:c5:00,2024-01-02T13:30:00Z,2024-01-02T13:35:00Z,18.67,54.5,-92.69
72:a5:12:55:c5:00,2024-01-02T13:35:00Z,2024-01-02T13:40:00Z,19.28,52.41,-135.56
72:a5:12:55:c5:00,2024-01-02T13:40:00Z,2024-01-02T13:45:00Z,18.11,50.79,11.78
72:a5:12:55:c5:00,2024-01-02T13:45:00Z,2024-01-02T13:50:00Z,19.01,55.67,78.75
72:a5:12:55:c5:00,2024-01-02T13:50:00Z,2024-01-02T13:55:00Z,18.39,55.54,20.65
72:a5:12:55:c5:00,2024-01-02T13:55:00Z,2024-01-02T14:00:00Z,18.23,53.42,37.42
72:a5:12:55:c5:00,2024-01-02T14:00:00Z,2024-01-02T14:05:00Z,17.44,53.47,95.02
72:a5:12:55:c5:00,2024-01-02T14:05:00Z,2024-01-02T14:10:00Z,16.88,53.54,19.73
72:a5:12:55:c5:00,2024-01-02T14:10:00Z,2024-01-02T14:15:00Z,17.17,56.21,-7.36
72:a5:12:55:c5:00,2024-01-02T14:15:00Z,2024-01-02T14:20:00Z,16.78,55.0,-49.11
72:a5:12:55:c5:00,2024-01-02T14:20:00Z,2024-01-02T14:25:00Z,18.68,55.32,121.33
72:a5:12:55:c5:00,2024-01-02T14:25:00Z,2024-01-02T14:30:00Z,17.52,58.04,31.59
72:a5:12:55:c5:00,2024-01-02T14:30:00Z,2024-01-02T14:35:00Z,17.08,57.47,-56.62
72:a5:12:55:c5:00,2024-01-02T14:35:00Z,2024-01-02T14:40:00Z,17.63,58.76,-70.27
72:a5:12:55:c5:00,2024-01-02T14:40:00Z,2024-01-02T14:45:00Z,17.43,54.02,75.18
72:a5:12:55:c5:00,2024-01-02T14:45:00Z,2024-01-02T14:50:00Z,17.37,55.31,-62.25
72:a5:12:55:c5:00,2024-01-02T14:50:00Z,2024-01-02T14:55:00Z,17.87,57.52,111.23
72:a5:12:55:c5:00,2024-01-02T14:55:00Z,2024-01-02T15:00:00Z,17.95,56.9,-165.39
72:a5:12:55:c5:00,2024-01-02T15:00:00Z,2024-01-02T15:05:00Z,16.15,61.55,85.36
72:a5:12:55:c5:00,2024-01-02T15:05:00Z,2024-01-02T15:10:00Z,16.12,59.33,29.21
72:a5:12:55:c5:00,2024-01-02T15:10:00Z,2024-01-02T15:15:00Z,16.3,62.18,7.12
72:a5:12:55:c5:00,2024-01-02T15:15:00Z,2024-01-02T15:20:00Z,15.08,59.57,-10.53
72:a5:12:55:c5:00,2024-01-02T15:20:00Z,2024-01-02T15:25:00Z,15.56,60.61,113.44
72:a5:12:55:c5:00,2024-01-02T15:25:00Z,2024-01-02T15:30:00Z,17.28,57.84,42.42
72:a5:12:55:c5:00,2024-01-02T15:30:00Z,2024-01-02T15:35:00Z,17.45,58.51,-54.19
72:a5:12:55:c5:00,2024-01-02T15:35:00Z,2024-01-02T15:40:00Z,16.32,60.31,-103.13
72:a5:12:55:c5:00,2024-01-02T15:40:00Z,2024-01-02T15:45:00Z,16.81,61.71,10.64
72:a5:12:55:c5:00,2024-01-02T15:45:00Z,2024-01-02T15:50:00Z,16.65,59.94,-0.06
72:a5:12:55:c5:00,2024-01-02T15:50:00Z,2024-01-02T15:55:00Z,18.31,58.32,-91.19
72:a5:12:55:c5:00,2024-01-02T15:55:00Z,2024-01-02T16:00:00Z,17.14,61.24,-3.32
72:a5:12:55:c5:00,2024-01-02T16:00:00Z,2024-01-02T16:05:00Z,15.59,56.01,-34.44
72:a5:12:55:c5:00,2024-01-02T16:05:00Z,2024-01-02T16:10:00Z,15.1,57.55,0.56
72:a5:12:55:c5:00,2024-01-02T16:10:00Z,2024-01-02T16:15:00Z,14.71,61.76,43.56
72:a5:12:55:c5:00,2024-01-02T16:15:00Z,2024-01-02T16:20:00Z,15.79,60.42,89.56
72:a5:12:55:c5:00,2024-01-02T16:20:00Z,2024-01-02T16:25:00Z,15.22,61.6,54.53
72:a5:12:55:c5:00,2024-01-02T16:25:00Z,2024-01-02T16:30:00Z,14.82,60.52,-43.29
72:a5:12:55:c5:00,2024-01-02T16:30:00Z,2024-01-02T16:35:00Z,15.28,61.53,22.13
72:a5:12:55:c5:00,2024-01-02T16:35:00Z,2024-01-02T16:40:00Z,15.02,58.76,3.79
72:a5:12:55:c5:00,2024-01-02T16:40:00Z,2024-01-02T16:45:00Z,16.68,61.53,-79.93
72:a5:12:55:c5:00,2024-01-02T16:45:00Z,2024-01-02T16:50:00Z,16.2,62.38,23.89
72:a5:12:55:c5:00,2024-01-02T16:50:00Z,2024-01-02T16:55:00Z,15.67,62.83,111.4
72:a5:12:55:c5:00,2024-01-02T16:55:00Z,2024-01-02T17:00:00Z,16.56,64.42,1.95
72:a5:12:55:c5:00,2024-01-02T17:00:00Z,2024-01-02T17:05:00Z,15.22,62.08,-95.65
72:a5:12:55:c5:00,2024-01-02T17:05:00Z,2024-01-02T17:10:00Z,14.65,62.14,1.82
72:a5:12:55:c5:00,2024-01-02T17:10:00Z,2024-01-02T17:15:00Z,16.08,58.54,-72.82
72:a5:12:55:c5:00,2024-01-02T17:15:00Z,2024-01-02T17:20:00Z,15.49,60.53,51.82
72:a5:12:55:c5:00,2024-01-02T17:20:00Z,2024-01-02T17:25:00Z,14.55,61.2,31.49
72:a5:12:55:c5:00,2024-01-02T17:25:00Z,2024-01-02T17:30:00Z,15.06,63.69,-10.25
72:a5:12:55:c5:00,2024-01-02T17:30:00Z,2024-01-02T17:35:00Z,14.64,60.37,-19.87
72:a5:12:55:c5:00,2024-01-02T17:35:00Z,2024-01-02T17:40:00Z,14.34,63.18,-12.73
72:a5:12:55:c5:00,2024-01-02T17:40:00Z,2024-01-02T17:45:00Z,15.73,61.59,0.5
72:a5:12:55:c5:00,2024-01-02T17:45:00Z,2024-01-02T17:50:00Z,16.32,61.24,-46.33
72:a5:12:55:c5:00,2024-01-02T17:50:00Z,2024-01-02T17:55:00Z,14.33,62.09,-83.27
72:a5:12:55:c5:00,2024-01-02T17:55:00Z,2024-01-02T18:00:00Z,15.51,60.81,68.32
72:a5:12:55:c5:00,2024-01-02T18:00:00Z,2024-01-02T18:05:00Z,14.61,61.14,-23.12
72:a5:12:55:c5:00,2024-01-02T18:05:00Z,2024-01-02T18:10:00Z,14.71,58.59,10.02
72:a5:12:55:c5:00,2024-01-02T18:10:00Z,2024-01-02T18:15:00Z,14.64,61.5,17.12
72:a5:12:55:c5:00,2024-01-02T18:15:00Z,2024-01-02T18:20:00Z,14.48,61.04,19.32
72:a5:12:55:c5:00,2024-01-02T18:20:00Z,2024-01-02T18:25:00Z,15.03,60.97,-70.43
72:a5:12:55:c5:00,2024-01-02T18:25:00Z,2024-01-02T18:30:00Z,14.5,62.83,-100.55
72:a5:12:55:c5:00,2024-01-02T18:30:00Z,2024-01-02T18:35:00Z,15.16,63.32,-35.32
72:a5:12:55:c5:00,2024-01-02T18:35:00Z,2024-01-02T18:40:00Z,14.97,62.46,23.74
72:a5:12:55:c5:00,2024-01-02T18:40:00Z,2024-01-02T18:45:00Z,14.86,63.99,-43.68
72:a5:12:55:c5:00,2024-01-02T18:45:00Z,2024-01-02T18:50:00Z,14.46,63.15,-21.3
72:a5:12:55:c5:00,2024-01-02T18:50:00Z,2024-01-02T18:55:00Z,14.65,61.41,127.64
72:a5:12:55:c5:00,2024-01-02T18:55:00Z,2024-01-02T19:00:00Z,15.45,61.07,-110.73
72:a5:12:55:c5:00,2024-01-02T19:00:00Z,2024-01-02T19:05:00Z,15.47,62.22,-45.3
72:a5:12:55:c5:00,2024-01-02T19:05:00Z,2024-01-02T19:10:00Z,14.58,62.74,113.8
72:a5:12:55:c5:00,2024-01-02T19:10:00Z,2024-01-02T19:15:00Z,15.23,64.39,-2.68
72:a5:12:55:c5:00,2024-01-02T19:15:00Z,2024-01-02T19:20:00Z,15.62,63.97,-42.36
72:a5:12:55:c5:00,2024-01-02T19:20:00Z,2024-01-02T19:25:00Z,14.17,60.51,70.13
72:a5:12:55:c5:00,2024-01-02T19:25:00Z,2024-01-02T19:30:00Z,15.5,61.39,3.31
72:a5:12:55:c5:00,2024-01-02T19:30:00Z,2024-01-02T19:35:00Z,14.77,62.93,-20.9
72:a5:12:55:c5:00,2024-01-02T19:35:00Z,2024-01-02T19:40:00Z,15.51,63.73,11.54
72:a5:12:55:c5:00,2024-01-02T19:40:00Z,2024-01-02T19:45:00Z,14.71,63.47,-39.49
72:a5:12:55:c5:00,2024-01-02T19:45:00Z,2024-01-02T19:50:00Z,14.09,61.46,-61.05
72:a5:12:55:c5:00,2024-01-02T19:50:00Z,2024-01-02T19:55:00Z,14.19,59.08,-6.82
72:a5:12:55:c5:00,2024-01-02T19:55:00Z,2024-01-02T20:00:00Z,15.2,59.59,-60.66
72:a5:12:55:c5:00,2024-01-02T20:00:00Z,2024-01-02T20:05:00Z,15.83,60.94,0.64
72:a5:12:55:c5:00,2024-01-02T20:05:00Z,2024-01-02T20:10:00Z,15.13,61.08,21.26
72:a5:12:55:c5:00,2024-01-02T20:10:00Z,2024-01-02T20:15:00Z,16.05,58.19,51.18
72:a5:12:55:c5:00,2024-01-02T20:15:00Z,2024-01-02T20:20:00Z,14.67,60.48,67.68
72:a5:12:55:c5:00,2024-01-02T20:20:00Z,2024-01-02T20:25:00Z,15.63,61.65,-24.34
72:a5:12:55:c5:00,2024-01-02T20:25:00Z,2024-01-02T20:30:00Z,14.94,58.09,29.96
72:a5:12:55:c5:00,2024-01-02T20:30:00Z,2024-01-02T20:35:00Z,15.28,62.6,29.55
72:a5:12:55:c5:00,2024-01-02T20:35:00Z,2024-01-02T20:40:00Z,15.7,59.64,19.67
72:a5:12:55:c5:00,2024-01-02T20:40:00Z,2024-01-02T20:45:00Z,15.15,62.91,-28.77
72:a5:12:55:c5:00,2024-01-02T20:45:00Z,2024-01-02T20:50:00Z,15.44,59.33,-61.68
72:a5:12:55:c5:00,2024-01-02T20:50:00Z,2024-01-02T20:55:00Z,16.27,58.34,30.12
72:a5:12:55:c5:00,2024-01-02T20:55:00Z,2024-01-02T21:00:00Z,15.32,59.48,-102.41
72:a5:12:55:c5:00,2024-01-02T21:00:00Z,2024-01-02T21:05:00Z,16.97,58.29,-16.07
72:a5:12:55:c5:00,2024-01-02T21:05:00Z,2024-01-02T21:10:00Z,15.79,57.71,-153.22
72:a5:12:55:c5:00,2024-01-02T21:10:00Z,2024-01-02T21:15:00Z,16.78,58.05,-80.18
72:a5:12:55:c5:00,2024-01-02T21:15:00Z,2024-01-02T21:20:00Z,17.33,59.15,-52.63
72:a5:12:55:c5:00,2024-01-02T21:20:00Z,2024-01-02T21:25:00Z,14.98,58.14,65.8
72:a5:12:55:c5:00,2024-01-02T21:25:00Z,2024-01-02T21:30:00Z,15.99,58.35,41.29
72:a5:12:55:c5:00,2024-01-02T21:30:00Z,2024-01-02T21:35:00Z,16.81,55.07,-33.24
72:a5:12:55:c5:00,2024-01-02T21:35:00Z,2024-01-02T21:40:00Z,16.34,59.27,43.76
72:a5:12:55:c5:00,2024-01-02T21:40:00Z,2024-01-02T21:45:00Z,16.69,58.31,53.26
72:a5:12:55:c5:00,2024-01-02T21:45:00Z,2024-01-02T21:50:00Z,16.1,61.71,-9.64
72:a5:12:55:c5:00,2024-01-02T21:50:00Z,2024-01-02T21:55:00Z,16.52,56.61,-83.06
72:a5:12:55:c5:00,2024-01-02T21:55:00Z,2024-01-02T22:00:00Z,16.37,54.87,-12.47
72:a5:12:55:c5:00,2024-01-02T22:00:00Z,2024-01-02T22:05:00Z,18.2,57.24,-5.87
72:a5:12:55:c5:00,2024-01-02T22:05:00Z,2024-01-02T22:10:00Z,17.65,56.69,-73.95
72:a5:12:55:c5:00,2024-01-02T22:10:00Z,2024-01-02T22:15:00Z,17.7,53.98,22.02
72:a5:12:55:c5:00,2024-01-02T22:15:00Z,2024-01-02T22:20:00Z,17.25,52.94,16.79
72:a5:12:55:c5:00,2024-01-02T22:20:00Z,2024-01-02T22:25:00Z,17.21,59.07,26.7
72:a5:12:55:c5:00,2024-01-02T22:25:00Z,2024-01-02T22:30:00Z,17.24,58.83,16.74
72:a5:12:55:c5:00,2024-01-02T22:30:00Z,2024-01-02T22:35:00Z,17.74,51.03,43.79
72:a5:12:55:c5:00,2024-01-02T22:35:00Z,2024-01-02T22:40:00Z,17.25,55.08,-10.76
72:a5:12:55:c5:00,2024-01-02T22:40:00Z,2024-01-02T22:45:00Z,17.67,59.33,12.11
72:a5:12:55:c5:00,2024-01-02T22:45:00Z,2024-01-02T22:50:00Z,18.75,55.05,-23.86
72:a5:12:55:c5:00,2024-01-02T22:50:00Z,2024-01-02T22:55:00Z,18.02,55.02,-35.07
72:a5:12:55:c5:00,2024-01-02T22:55:00Z,2024-01-02T23:00:00Z,17.3,55.43,80.29
72:a5:12:55:c5:00,2024-01-02T23:00:00Z,2024-01-02T23:05:00Z,19.43,50.86,-122.63
72:a5:12:55:c5:00,2024-01-02T23:05:00Z,2024-01-02T23:10:00Z,18.46,49.7,52.61
72:a5:12:55:c5:00,2024-01-02T23:10:00Z,2024-01-02T23:15:00Z,17.48,55.21,-37.23
72:a5:12:55:c5:00,2024-01-02T23:15:00Z,2024-01-02T23:20:00Z,18.1,49.42,-45.0
72:a5:12:55:c5:00,2024-01-02T23:20:00Z,2024-01-02T23:25:00Z,17.58,53.6,15.69
72:a5:12:55:c5:00,2024-01-02T23:25:00Z,2024-01-02T23:30:00Z,18.49,54.88,-89.38
72:a5:12:55:c5:00,2024-01-02T23:30:00Z,2024-01-02T23:35:00Z,18.72,50.2,-48.96
72:a5:12:55:c5:00,2024-01-02T23:35:00Z,2024-01-02T23:40:00Z,19.71,51.26,-50.95
72:a5:12:55:c5:00,2024-01-02T23:40:00Z,2024-01-02T23:45:00Z,18.9,55.53,-13.28
72:a5:12:55:c5:00,2024-01-02T23:45:00Z,2024-01-02T23:50:00Z,18.57,54.17,-48.25
72:a5:12:55:c5:00,2024-01-02T23:50:00Z,2024-01-02T23:55:00Z,19.2,51.87,96.07
72:a5:12:55:c5:00,2024-01-02T23:55:00Z,2024-01-03T00:00:00Z,17.38,55.51,107.82
72:a5:12:55:c5:00,2024-01-03T00:00:00Z,2024-01-03T00:05:00Z,20.14,52.41,-121.32
72:a5:12:55:c5:00,2024-01-03T00:05:00Z,2024-01-03T00:10:00Z,20.46,50.54,32.66
72:a5:12:55:c5:00,2024-01-03T00:10:00Z,2024-01-03T00:15:00Z,19.11,48.2,51.52
72:a5:12:55:c5:00,2024-01-03T00:15:00Z,2024-01-03T00:20:00Z,20.69,49.17,32.58
72:a5:12:55:c5:00,2024-01-03T00:20:00Z,2024-01-03T00:25:00Z,20.2,50.57,-39.49
72:a5:12:55:c5:00,2024-01-03T00:25:00Z,2024-01-03T00:30:00Z,19.75,49.62,-14.65
72:a5:12:55:c5:00,2024-01-03T00:30:00Z,2024-01-03T00:35:00Z,20.38,51.88,-44.9
72:a5:12:55:c5:00,2024-01-03T00:35:00Z,2024-01-03T00:40:00Z,21.36,46.94,-25.22
72:a5:12:55:c5:00,2024-01-03T00:40:00Z,2024-01-03T00:45:00Z,20.11,47.01,-72.6
72:a5:12:55:c5:00,2024-01-03T00:45:00Z,2024-01-03T00:50:00Z,20.15,50.36,-6.89
72:a5:12:55:c5:00,2024-01-03T00:50:00Z,2024-01-03T00:55:00Z,19.72,49.02,-90.17
72:a5:12:55:c5:00,2024-01-03T00:55:00Z,2024-01-03T01:00:00Z,19.49,48.75,-12.01
72:a5:12:55:c5:00,2024-01-03T01:00:00Z,2024-01-03T01:05:00Z,21.79,43.36,442.72
72:a5:12:55:c5:00,2024-01-03T01:05:00Z,2024-01-03T01:10:00Z,20.78,46.93,530.05
72:a5:12:55:c5:00,2024-01-03T01:10:00Z,2024-01-03T01:15:00Z,21.34,46.79,476.87
72:a5:12:55:c5:00,2024-01-03T01:15:00Z,2024-01-03T01:20:00Z,21.01,48.2,535.07
72:a5:12:55:c5:00,2024-01-03T01:20:00Z,2024-01-03T01:25:00Z,21.58,47.03,582.53
72:a5:12:55:c5:00,2024-01-03T01:25:00Z,2024-01-03T01:30:00Z,21.49,46.63,613.0
72:a5:12:55:c5:00,2024-01-03T01:30:00Z,2024-01-03T01:35:00Z,21.92,49.25,365.96
72:a5:12:55:c5:00,2024-01-03T01:35:00Z,2024-01-03T01:40:00Z,20.99,44.27,467.59
72:a5:12:55:c5:00,2024-01-03T01:40:00Z,2024-01-03T01:45:00Z,21.13,47.97,499.45
72:a5:12:55:c5:00,2024-01-03T01:45:00Z,2024-01-03T01:50:00Z,20.71,43.55,545.26
72:a5:12:55:c5:00,2024-01-03T01:50:00Z,2024-01-03T01:55:00Z,21.03,45.22,418.62
72:a5:12:55:c5:00,2024-01-03T01:55:00Z,2024-01-03T02:00:00Z,21.52,44.47,458.71
72:a5:12:55:c5:00,2024-01-03T02:00:00Z,2024-01-03T02:05:00Z,22.95,45.56,1007.82
72:a5:12:55:c5:00,2024-01-03T02:05:00Z,2024-01-03T02:10:00Z,21.95,43.87,1005.09
72:a5:12:55:c5:00,2024-01-03T02:10:00Z,2024-01-03T02:15:00Z,23.02,43.97,1022.66
72:a5:12:55:c5:00,2024-01-03T02:15:00Z,2024-01-03T02:20:00Z,23.31,41.79,1026.62
72:a5:12:55:c5:00,2024-01-03T02:20:00Z,2024-01-03T02:25:00Z,22.75,43.4,1020.32
72:a5:12:55:c5:00,2024-01-03T02:25:00Z,2024-01-03T02:30:00Z,23.63,42.47,1011.62
72:a5:12:55:c5:00,2024-01-03T02:30:00Z,2024-01-03T02:35:00Z,22.04,44.77,1003.34
72:a5:12:55:c5:00,2024-01-03T02:35:00Z,2024-01-03T02:40:00Z,21.75,42.02,1039.89
72:a5:12:55:c5:00,2024-01-03T02:40:00Z,2024-01-03T02:45:00Z,21.43,46.66,865.64
72:a5:12:55:c5:00,2024-01-03T02:45:00Z,2024-01-03T02:50:00Z,23.4,40.65,1092.66
72:a5:12:55:c5:00,2024-01-03T02:50:00Z,2024-01-03T02:55:00Z,22.89,42.39,867.73
72:a5:12:55:c5:00,2024-01-03T02:55:00Z,2024-01-03T03:00:00Z,22.47,47.35,935.25
72:a5:12:55:c5:00,2024-01-03T03:00:00Z,2024-01-03T03:05:00Z,23.7,40.64,1400.61
72:a5:12:55:c5:00,2024-01-03T03:05:00Z,2024-01-03T03:10:00Z,22.86,38.88,1454.57
72:a5:12:55:c5:00,2024-01-03T03:10:00Z,2024-01-03T03:15:00Z,25.0,41.95,1234.5
72:a5:12:55:c5:00,2024-01-03T03:15:00Z,2024-01-03T03:20:00Z,23.61,40.56,1412.53
72:a5:12:55:c5:00,2024-01-03T03:20:00Z,2024-01-03T03:25:00Z,23.6,39.84,1461.76
72:a5:12:55:c5:00,2024-01-03T03:25:00Z,2024-01-03T03:30:00Z,23.97,39.32,1473.88
72:a5:12:55:c5:00,2024-01-03T03:30:00Z,2024-01-03T03:35:00Z,23.82,47.05,1372.37
72:a5:12:55:c5:00,2024-01-03T03:35:00Z,2024-01-03T03:40:00Z,23.67,41.01,1396.16
72:a5:12:55:c5:00,2024-01-03T03:40:00Z,2024-01-03T03:45:00Z,23.06,37.66,1377.24
72:a5:12:55:c5:00,2024-01-03T03:45:00Z,2024-01-03T03:50:00Z,23.82,44.5,1390.65
72:a5:12:55:c5:00,2024-01-03T03:50:00Z,2024-01-03T03:55:00Z,24.66,42.74,1352.3
72:a5:12:55:c5:00,2024-01-03T03:55:00Z,2024-01-03T04:00:00Z,24.34,39.98,1360.86
72:a5:12:55:c5:00,2024-01-03T04:00:00Z,2024-01-03T04:05:00Z,25.29,37.74,1758.11
72:a5:12:55:c5:00,2024-01-03T04:05:00Z,2024-01-03T04:10:00Z,24.02,40.95,1739.95
72:a5:12:55:c5:00,2024-01-03T04:10:00Z,2024-01-03T04:15:00Z,23.74,39.11,1761.55
72:a5:12:55:c5:00,2024-01-03T04:15:00Z,2024-01-03T04:20:00Z,24.25,35.76,1744.89
72:a5:12:55:c5:00,2024-01-03T04:20:00Z,2024-01-03T04:25:00Z,24.36,43.18,1774.31
72:a5:12:55:c5:00,2024-01-03T04:25:00Z,2024-01-03T04:30:00Z,24.99,38.74,1784.74
72:a5:12:55:c5:00,2024-01-03T04:30:00Z,2024-01-03T04:35:00Z,23.31,42.6,1627.55
72:a5:12:55:c5:00,2024-01-03T04:35:00Z,2024-01-03T04:40:00Z,25.25,42.16,1680.79
72:a5:12:55:c5:00,2024-01-03T04:40:00Z,2024-01-03T04:45:00Z,24.24,37.61,1718.17
72:a5:12:55:c5:00,2024-01-03T04:45:00Z,2024-01-03T04:50:00Z,24.07,41.67,1730.69
72:a5:12:55:c5:00,2024-01-03T04:50:00Z,2024-01-03T04:55:00Z,23.72,38.3,1691.85
72:a5:12:55:c5:00,2024-01-03T04:55:00Z,2024-01-03T05:00:00Z,23.34,35.87,1786.77
72:a5:12:55:c5:00,2024-01-03T05:00:00Z,2024-01-03T05:05:00Z,25.32,37.56,2050.65
72:a5:12:55:c5:00,2024-01-03T05:05:00Z,2024-01-03T05:10:00Z,24.87,39.2,1943.02
72:a5:12:55:c5:00,2024-01-03T05:10:00Z,2024-01-03T05:15:00Z,24.06,37.48,1936.91
72:a5:12:55:c5:00,2024-01-03T05:15:00Z,2024-01-03T05:20:00Z,24.05,37.79,1982.82
72:a5:12:55:c5:00,2024-01-03T05:20:00Z,2024-01-03T05:25:00Z,24.63,40.7,1819.9
72:a5:12:55:c5:00,2024-01-03T05:25:00Z,2024-01-03T05:30:00Z,25.83,38.62,1933.56
72:a5:12:55:c5:00,2024-01-03T05:30:00Z,2024-01-03T05:35:00Z,24.67,36.72,1990.59
72:a5:12:55:c5:00,2024-01-03T05:35:00Z,2024-01-03T05:40:00Z,23.93,39.81,1893.26
72:a5:12:55:c5:00,2024-01-03T05:40:00Z,2024-01-03T05:45:00Z,24.68,38.8,1858.26
72:a5:12:55:c5:00,2024-01-03T05:45:00Z,2024-01-03T05:50:00Z,24.67,33.37,1920.7
72:a5:12:55:c5:00,2024-01-03T05:50:00Z,2024-01-03T05:55:00Z,23.21,39.27,1928.21
72:a5:12:55:c5:00,2024-01-03T05:55:00Z,2024-01-03T06:00:00Z,24.8,39.19,1877.33
72:a5:12:55:c5:00,2024-01-03T06:00:00Z,2024-01-03T06:05:00Z,24.86,38.04,2125.77
72:a5:12:55:c5:00,2024-01-03T06:05:00Z,2024-01-03T06:10:00Z,25.42,39.78,1971.28
72:a5:12:55:c5:00,2024-01-03T06:10:00Z,2024-01-03T06:15:00Z,26.11,36.66,1930.78
72:a5:12:55:c5:00,2024-01-03T06:15:00Z,2024-01-03T06:20:00Z,25.68,38.67,1994.38
72:a5:12:55:c5:00,2024-01-03T06:20:00Z,2024-01-03T06:25:00Z,24.84,34.87,2054.47
72:a5:12:55:c5:00,2024-01-03T06:25:00Z,2024-01-03T06:30:00Z,24.34,38.81,2001.04
72:a5:12:55:c5:00,2024-01-03T06:30:00Z,2024-01-03T06:35:00Z,26.54,41.91,2029.14
72:a5:12:55:c5:00,2024-01-03T06:35:00Z,2024-01-03T06:40:00Z,25.04,36.01,1947.71
72:a5:12:55:c5:00,2024-01-03T06:40:00Z,2024-01-03T06:45:00Z,25.01,36.48,2089.26
72:a5:12:55:c5:00,2024-01-03T06:45:00Z,2024-01-03T06:50:00Z,24.99,36.58,2033.7
72:a5:12:55:c5:00,2024-01-03T06:50:00Z,2024-01-03T06:55:00Z,25.12,38.26,2062.86
72:a5:12:55:c5:00,2024-01-03T06:55:00Z,2024-01-03T07:00:00Z,24.91,35.87,2021.91
72:a5:12:55:c5:00,2024-01-03T07:00:00Z,2024-01-03T07:05:00Z,24.49,39.25,1981.34
72:a5:12:55:c5:00,2024-01-03T07:05:00Z,2024-01-03T07:10:00Z,24.5,40.1,1879.47
72:a5:12:55:c5:00,2024-01-03T07:10:00Z,2024-01-03T07:15:00Z,24.81,39.48,1902.37
72:a5:12:55:c5:00,2024-01-03T07:15:00Z,2024-01-03T07:20:00Z,24.5,34.87,2012.64
72:a5:12:55:c5:00,2024-01-03T07:20:00Z,2024-01-03T07:25:00Z,24.4,40.4,2025.44
72:a5:12:55:c5:00,2024-01-03T07:25:00Z,2024-01-03T07:30:00Z,24.89,40.28,1863.03
72:a5:12:55:c5:00,2024-01-03T07:30:00Z,2024-01-03T07:35:00Z,24.68,40.07,1946.84
72:a5:12:55:c5:00,2024-01-03T07:35:00Z,2024-01-03T07:40:00Z,25.73,39.15,1906.0
72:a5:12:55:c5:00,2024-01-03T07:40:00Z,2024-01-03T07:45:00Z,23.24,38.85,1890.03
72:a5:12:55:c5:00,2024-01-03T07:45:00Z,2024-01-03T07:50:00Z,25.48,40.47,1948.94
72:a5:12:55:c5:00,2024-01-03T07:50:00Z,2024-01-03T07:55:00Z,25.58,42.26,2000.31
72:a5:12:55:c5:00,2024-01-03T07:55:00Z,2024-01-03T08:00:00Z,23.59,36.5,1958.95
72:a5:12:55:c5:00,2024-01-03T08:00:00Z,2024-01-03T08:05:00Z,24.12,41.76,1712.88
72:a5:12:55:c5:00,2024-01-03T08:05:00Z,2024-01-03T08:10:00Z,24.11,39.44,1762.94
72:a5:12:55:c5:00,2024-01-03T08:10:00Z,2024-01-03T08:15:00Z,23.49,39.35,1710.45
72:a5:12:55:c5:00,2024-01-03T08:15:00Z,2024-01-03T08:20:00Z,23.86,36.53,1756.78
72:a5:12:55:c5:00,2024-01-03T08:20:00Z,2024-01-03T08:25:00Z,23.66,39.04,1815.84
72:a5:12:55:c5:00,2024-01-03T08:25:00Z,2024-01-03T08:30:00Z,25.38,37.61,1607.42
72:a5:12:55:c5:00,2024-01-03T08:30:00Z,2024-01-03T08:35:00Z,24.89,38.68,1779.89
72:a5:12:55:c5:00,2024-01-03T08:35:00Z,2024-01-03T08:40:00Z,25.09,37.41,1639.71
72:a5:12:55:c5:00,2024-01-03T08:40:00Z,2024-01-03T08:45:00Z,24.76,38.71,1805.75
72:a5:12:55:c5:00,2024-01-03T08:45:00Z,2024-01-03T08:50:00Z,23.65,38.8,1693.83
72:a5:12:55:c5:00,2024-01-03T08:50:00Z,2024-01-03T08:55:00Z,24.02,39.8,1658.99
72:a5:12:55:c5:00,2024-01-03T08:55:00Z,2024-01-03T09:00:00Z,24.62,36.38,1773.77
72:a5:12:55:c5:00,2024-01-03T09:00:00Z,2024-01-03T09:05:00Z,22.8,38.62,1436.06
72:a5:12:55:c5:00,2024-01-03T09:05:00Z,2024-01-03T09:10:00Z,23.96,42.24,1354.26
72:a5:12:55:c5:00,2024-01-03T09:10:00Z,2024-01-03T09:15:00Z,23.39,39.92,1339.03
72:a5:12:55:c5:00,2024-01-03T09:15:00Z,2024-01-03T09:20:00Z,23.31,43.66,1402.96
72:a5:12:55:c5:00,2024-01-03T09:20:00Z,2024-01-03T09:25:00Z,23.96,41.97,1341.97
72:a5:12:55:c5:00,2024-01-03T09:25:00Z,2024-01-03T09:30:00Z,23.8,42.73,1350.53
72:a5:12:55:c5:00,2024-01-03T09:30:00Z,2024-01-03T09:35:00Z,23.32,44.34,1421.15
72:a5:12:55:c5:00,2024-01-03T09:35:00Z,2024-01-03T09:40:00Z,24.23,40.9,1356.26
72:a5:12:55:c5:00,2024-01-03T09:40:00Z,2024-01-03T09:45:00Z,22.89,40.37,1439.81
72:a5:12:55:c5:00,2024-01-03T09:45:00Z,2024-01-03T09:50:00Z,23.91,43.26,1503.62
72:a5:12:55:c5:00,2024-01-03T09:50:00Z,2024-01-03T09:55:00Z,23.89,42.53,1405.3
72:a5:12:55:c5:00,2024-01-03T09:55:00Z,2024-01-03T10:00:00Z,23.35,41.14,1422.02
72:a5:12:55:c5:00,2024-01-03T10:00:00Z,2024-01-03T10:05:00Z,22.7,46.78,1121.09
72:a5:12:55:c5:00,2024-01-03T10:05:00Z,2024-01-03T10:10:00Z,21.75,43.58,928.74
72:a5:12:55:c5:00,2024-01-03T10:10:00Z,2024-01-03T10:15:00Z,23.05,44.07,1071.47
72:a5:12:55:c5:00,2024-01-03T10:15:00Z,2024-01-03T10:20:00Z,22.39,44.04,1064.25
72:a5:12:55:c5:00,2024-01-03T10:20:00Z,2024-01-03T10:25:00Z,22.19,42.13,1051.26
72:a5:12:55:c5:00,2024-01-03T10:25:00Z,2024-01-03T10:30:00Z,23.13,44.16,1077.5
72:a5:12:55:c5:00,2024-01-03T10:30:00Z,2024-01-03T10:35:00Z,22.08,46.79,1016.83
72:a5:12:55:c5:00,2024-01-03T10:35:00Z,2024-01-03T10:40:00Z,21.65,44.89,965.02
72:a5:12:55:c5:00,2024-01-03T10:40:00Z,2024-01-03T10:45:00Z,21.57,44.06,1065.67
72:a5:12:55:c5:00,2024-01-03T10:45:00Z,2024-01-03T10:50:00Z,22.86,43.68,1067.97
72:a5:12:55:c5:00,2024-01-03T10:50:00Z,2024-01-03T10:55:00Z,21.73,44.66,1066.32
72:a5:12:55:c5:00,2024-01-03T10:55:00Z,2024-01-03T11:00:00Z,23.55,45.5,1002.67
72:a5:12:55:c5:00,2024-01-03T11:00:00Z,2024-01-03T11:05:00Z,20.04,48.11,474.67
72:a5:12:55:c5:00,2024-01-03T11:05:00Z,2024-01-03T11:10:00Z,22.31,46.23,529.12
72:a5:12:55:c5:00,2024-01-03T11:10:00Z,2024-01-03T11:15:00Z,21.42,47.54,574.17
72:a5:12:55:c5:00,2024-01-03T11:15:00Z,2024-01-03T11:20:00Z,21.24,47.85,579.1
72:a5:12:55:c5:00,2024-01-03T11:20:00Z,2024-01-03T11:25:00Z,20.97,44.88,491.86
72:a5:12:55:c5:00,2024-01-03T11:25:00Z,2024-01-03T11:30:00Z,21.53,47.23,536.56
72:a5:12:55:c5:00,2024-01-03T11:30:00Z,2024-01-03T11:35:00Z,21.27,42.57,439.11
72:a5:12:55:c5:00,2024-01-03T11:35:00Z,2024-01-03T11:40:00Z,21.96,47.86,576.74
72:a5:12:55:c5:00,2024-01-03T11:40:00Z,2024-01-03T11:45:00Z,21.36,48.21,470.64
72:a5:12:55:c5:00,2024-01-03T11:45:00Z,2024-01-03T11:50:00Z,21.38,48.39,564.75
72:a5:12:55:c5:00,2024-01-03T11:50:00Z,2024-01-03T11:55:00Z,21.08,46.1,448.68
72:a5:12:55:c5:00,2024-01-03T11:55:00Z,2024-01-03T12:00:00Z,21.26,47.51,579.52
72:a5:12:55:c5:00,2024-01-03T12:00:00Z,2024-01-03T12:05:00Z,20.18,52.85,19.31
72:a5:12:55:c5:00,2024-01-03T12:05:00Z,2024-01-03T12:10:00Z,18.97,52.83,-46.88
72:a5:12:55:c5:00,2024-01-03T12:10:00Z,2024-01-03T12:15:00Z,19.19,49.94,41.48
72:a5:12:55:c5:00,2024-01-03T12:15:00Z,2024-01-03T12:20:00Z,20.45,50.28,-35.42
72:a5:12:55:c5:00,2024-01-03T12:20:00Z,2024-01-03T12:25:00Z,20.1,52.22,44.97
72:a5:12:55:c5:00,2024-01-03T12:25:00Z,2024-01-03T12:30:00Z,19.89,47.0,-16.45
72:a5:12:55:c5:00,2024-01-03T12:30:00Z,2024-01-03T12:35:00Z,20.01,49.35,-103.26
72:a5:12:55:c5:00,2024-01-03T12:35:00Z,2024-01-03T12:40:00Z,20.21,52.67,-58.94
72:a5:12:55:c5:00,2024-01-03T12:40:00Z,2024-01-03T12:45:00Z,19.68,51.95,-25.82
72:a5:12:55:c5:00,2024-01-03T12:45:00Z,2024-01-03T12:50:00Z,19.53,50.74,82.09
72:a5:12:55:c5:00,2024-01-03T12:50:00Z,2024-01-03T12:55:00Z,20.12,46.99,54.07
72:a5:12:55:c5:00,2024-01-03T12:55:00Z,2024-01-03T13:00:00Z,19.41,49.9,97.43
72:a5:12:55:c5:00,2024-01-03T13:00:00Z,2024-01-03T13:05:00Z,18.95,51.93,99.22
72:a5:12:55:c5:00,2024-01-03T13:05:00Z,2024-01-03T13:10:00Z,17.68,53.77,-32.09
72:a5:12:55:c5:00,2024-01-03T13:10:00Z,2024-01-03T13:15:00Z,19.32,51.49,-11.31
72:a5:12:55:c5:00,2024-01-03T13:15:00Z,2024-01-03T13:20:00Z,18.99,51.05,-24.68
72:a5:12:55:c5:00,2024-01-03T13:20:00Z,2024-01-03T13:25:00Z,18.86,48.98,-40.29
72:a5:12:55:c5:00,2024-01-03T13:25:00Z,2024-01-03T13:30:00Z,19.3,55.55,-110.49
72:a5:12:55:c5:00,2024-01-03T13:30:00Z,2024-01-03T13:35:00Z,19.71,52.31,-0.88
72:a5:12:55:c5:00,2024-01-03T13:35:00Z,2024-01-03T13:40:00Z,19.31,53.42,-77.13
72:a5:12:55:c5:00,2024-01-03T13:40:00Z,2024-01-03T13:45:00Z,17.6,53.1,-2.05
72:a5:12:55:c5:00,2024-01-03T13:45:00Z,2024-01-03T13:50:00Z,17.94,50.97,126.95
72:a5:12:55:c5:00,2024-01-03T13:50:00Z,2024-01-03T13:55:00Z,18.33,50.59,-30.56
72:a5:12:55:c5:00,2024-01-03T13:55:00Z,2024-01-03T14:00:00Z,18.72,51.1,11.69
72:a5:12:55:c5:00,2024-01-03T14:00:00Z,2024-01-03T14:05:00Z,17.81,54.55,54.4
72:a5:12:55:c5:00,2024-01-03T14:05:00Z,2024-01-03T14:10:00Z,17.06,56.73,16.82
72:a5:12:55:c5:00,2024-01-03T14:10:00Z,2024-01-03T14:15:00Z,17.61,54.41,17.55
72:a5:12:55:c5:00,2024-01-03T14:15:00Z,2024-01-03T14:20:00Z,17.05,59.49,-21.74
72:a5:12:55:c5:00,2024-01-03T14:20:00Z,2024-01-03T14:25:00Z,17.13,58.05,-13.91
72:a5:12:55:c5:00,2024-01-03T14:25:00Z,2024-01-03T14:30:00Z,16.66,57.62,-57.6
72:a5:12:55:c5:00,2024-01-03T14:30:00Z,2024-01-03T14:35:00Z,16.95,55.76,50.76
72:a5:12:55:c5:00,2024-01-03T14:35:00Z,2024-01-03T14:40:00Z,16.69,59.03,-104.49
72:a5:12:55:c5:00,2024-01-03T14:40:00Z,2024-01-03T14:45:00Z,16.91,55.56,58.27
72:a5:12:55:c5:00,2024-01-03T14:45:00Z,2024-01-03T14:50:00Z,18.13,55.94,-84.22
72:a5:12:55:c5:00,2024-01-03T14:50:00Z,2024-01-03T14:55:00Z,16.93,56.34,57.76
72:a5:12:55:c5:00,2024-01-03T14:55:00Z,2024-01-03T15:00:00Z,19.08,57.4,-21.23
72:a5:12:55:c5:00,2024-01-03T15:00:00Z,2024-01-03T15:05:00Z,16.76,59.76,-73.91
72:a5:12:55:c5:00,2024-01-03T15:05:00Z,2024-01-03T15:10:00Z,16.58,57.54,34.76
72:a5:12:55:c5:00,2024-01-03T15:10:00Z,2024-01-03T15:15:00Z,15.95,57.42,55.73
72:a5:12:55:c5:00,2024-01-03T15:15:00Z,2024-01-03T15:20:00Z,16.88,59.77,-26.28
72:a5:12:55:c5:00,2024-01-03T15:20:00Z,2024-01-03T15:25:00Z,16.12,59.92,43.24
72:a5:12:55:c5:00,2024-01-03T15:25:00Z,2024-01-03T15:30:00Z,16.54,57.7,-137.11
72:a5:12:55:c5:00,2024-01-03T15:30:00Z,2024-01-03T15:35:00Z,18.0,55.31,-79.24
72:a5:12:55:c5:00,2024-01-03T15:35:00Z,2024-01-03T15:40:00Z,16.41,58.07,77.54
72:a5:12:55:c5:00,2024-01-03T15:40:00Z,2024-01-03T15:45:00Z,17.15,59.73,-13.42
72:a5:12:55:c5:00,2024-01-03T15:45:00Z,2024-01-03T15:50:00Z,16.04,62.1,-111.73
72:a5:12:55:c5:00,2024-01-03T15:50:00Z,2024-01-03T15:55:00Z,16.44,56.09,-41.93
72:a5:12:55:c5:00,2024-01-03T15:55:00Z,2024-01-03T16:00:00Z,17.53,57.63,-55.4
72:a5:12:55:c5:00,2024-01-03T16:00:00Z,2024-01-03T16:05:00Z,15.29,59.61,-9.96
72:a5:12:55:c5:00,2024-01-03T16:05:00Z,2024-01-03T16:10:00Z,16.76,63.1,-22.25
72:a5:12:55:c5:00,2024-01-03T16:10:00Z,2024-01-03T16:15:00Z,16.09,60.32,10.74
72:a5:12:55:c5:00,2024-01-03T16:15:00Z,2024-01-03T16:20:00Z,15.33,58.58,-4.17
72:a5:12:55:c5:00,2024-01-03T16:20:00Z,2024-01-03T16:25:00Z,16.05,61.51,81.58
72:a5:12:55:c5:00,2024-01-03T16:25:00Z,2024-01-03T16:30:00Z,16.25,59.58,25.47
72:a5:12:55:c5:00,2024-01-03T16:30:00Z,2024-01-03T16:35:00Z,16.04,57.94,27.46
72:a5:12:55:c5:00,2024-01-03T16:35:00Z,2024-01-03T16:40:00Z,14.73,58.61,69.91
72:a5:12:55:c5:00,2024-01-03T16:40:00Z,2024-01-03T16:45:00Z,15.23,63.86,-23.33
72:a5:12:55:c5:00,2024-01-03T16:45:00Z,2024-01-03T16:50:00Z,15.52,61.16,-75.71
72:a5:12:55:c5:00,2024-01-03T16:50:00Z,2024-01-03T16:55:00Z,15.63,60.61,72.42
72:a5:12:55:c5:00,2024-01-03T16:55:00Z,2024-01-03T17:00:00Z,16.04,59.89,8.15
72:a5:12:55:c5:00,2024-01-03T17:00:00Z,2024-01-03T17:05:00Z,15.28,62.18,8.36
72:a5:12:55:c5:00,2024-01-03T17:05:00Z,2024-01-03T17:10:00Z,14.37,62.15,-38.0
72:a5:12:55:c5:00,2024-01-03T17:10:00Z,2024-01-03T17:15:00Z,15.4,62.18,-37.01
72:a5:12:55:c5:00,2024-01-03T17:15:00Z,2024-01-03T17:20:00Z,15.54,61.82,50.8
72:a5:12:55:c5:00,2024-01-03T17:20:00Z,2024-01-03T17:25:00Z,15.51,63.33,59.08
72:a5:12:55:c5:00,2024-01-03T17:25:00Z,2024-01-03T17:30:00Z,15.82,61.64,47.03
72:a5:12:55:c5:00,2024-01-03T17:30:00Z,2024-01-03T17:35:00Z,15.67,59.64,47.58
72:a5:12:55:c5:00,2024-01-03T17:35:00Z,2024-01-03T17:40:00Z,15.45,60.37,34.14
72:a5:12:55:c5:00,2024-01-03T17:40:00Z,2024-01-03T17:45:00Z,15.13,57.63,7.89
72:a5:12:55:c5:00,2024-01-03T17:45:00Z,2024-01-03T17:50:00Z,14.17,65.64,-10.52
72:a5:12:55:c5:00,2024-01-03T17:50:00Z,2024-01-03T17:55:00Z,15.43,63.32,72.62
72:a5:12:55:c5:00,2024-01-03T17:55:00Z,2024-01-03T18:00:00Z,15.29,59.93,-22.42
72:a5:12:55:c5:00,2024-01-03T18:00:00Z,2024-01-03T18:05:00Z,15.16,61.44,22.2
72:a5:12:55:c5:00,2024-01-03T18:05:00Z,2024-01-03T18:10:00Z,14.23,60.73,-48.24
72:a5:12:55:c5:00,2024-01-03T18:10:00Z,2024-01-03T18:15:00Z,14.35,65.09,-39.56
72:a5:12:55:c5:00,2024-01-03T18:15:00Z,2024-01-03T18:20:00Z,15.63,59.16,-14.17
72:a5:12:55:c5:00,2024-01-03T18:20:00Z,2024-01-03T18:25:00Z,14.98,62.23,-48.24
72:a5:12:55:c5:00,2024-01-03T18:25:00Z,2024-01-03T18:30:00Z,15.41,61.78,47.87
72:a5:12:55:c5:00,2024-01-03T18:30:00Z,2024-01-03T18:35:00Z,15.02,63.65,-80.88
72:a5:12:55:c5:00,2024-01-03T18:35:00Z,2024-01-03T18:40:00Z,15.02,61.79,5.95
72:a5:12:55:c5:00,2024-01-03T18:40:00Z,2024-01-03T18:45:00Z,15.56,58.48,7.95
72:a5:12:55:c5:00,2024-01-03T18:45:00Z,2024-01-03T18:50:00Z,14.69,61.5,-108.65
72:a5:12:55:c5:00,2024-01-03T18:50:00Z,2024-01-03T18:55:00Z,15.06,60.06,-26.46
72:a5:12:55:c5:00,2024-01-03T18:55:00Z,2024-01-03T19:00:00Z,14.72,62.16,15.34
72:a5:12:55:c5:00,2024-01-03T19:00:00Z,2024-01-03T19:05:00Z,14.91,64.46,25.72
72:a5:12:55:c5:00,2024-01-03T19:05:00Z,2024-01-03T19:10:00Z,14.98,58.11,-12.26
72:a5:12:55:c5:00,2024-01-03T19:10:00Z,2024-01-03T19:15:00Z,15.3,59.99,40.61
72:a5:12:55:c5:00,2024-01-03T19:15:00Z,2024-01-03T19:20:00Z,14.88,60.49,-6.56
72:a5:12:55:c5:00,2024-01-03T19:20:00Z,2024-01-03T19:25:00Z,15.92,60.83,0.82
72:a5:12:55:c5:00,2024-01-03T19:25:00Z,2024-01-03T19:30:00Z,14.63,63.07,15.1
72:a5:12:55:c5:00,2024-01-03T19:30:00Z,2024-01-03T19:35:00Z,15.06,61.24,55.62
72:a5:12:55:c5:00,2024-01-03T19:35:00Z,2024-01-03T19:40:00Z,14.91,62.42,-40.54
72:a5:12:55:c5:00,2024-01-03T19:40:00Z,2024-01-03T19:45:00Z,16.04,60.34,-29.21
72:a5:12:55:c5:00,2024-01-03T19:45:00Z,2024-01-03T19:50:00Z,15.29,62.05,-40.13
72:a5:12:55:c5:00,2024-01-03T19:50:00Z,2024-01-03T19:55:00Z,15.79,63.15,-19.93
72:a5:12:55:c5:00,2024-01-03T19:55:00Z,2024-01-03T20:00:00Z,14.28,60.13,85.57
72:a5:12:55:c5:00,2024-01-03T20:00:00Z,2024-01-03T20:05:00Z,15.83,61.96,34.36
72:a5:12:55:c5:00,2024-01-03T20:05:00Z,2024-01-03T20:10:00Z,16.2,60.5,-67.87
72:a5:12:55:c5:00,2024-01-03T20:10:00Z,2024-01-03T20:15:00Z,15.72,62.48,-36.03
72:a5:12:55:c5:00,2024-01-03T20:15:00Z,2024-01-03T20:20:00Z,16.31,59.99,22.37
72:a5:12:55:c5:00,2024-01-03T20:20:00Z,2024-01-03T20:25:00Z,15.36,61.15,-54.39
72:a5:12:55:c5:00,2024-01-03T20:25:00Z,2024-01-03T20:30:00Z,16.52,60.31,-43.52
72:a5:12:55:c5:00,2024-01-03T20:30:00Z,2024-01-03T20:35:00Z,17.05,60.2,80.7
72:a5:12:55:c5:00,2024-01-03T20:35:00Z,2024-01-03T20:40:00Z,15.45,60.91,-36.8
72:a5:12:55:c5:00,2024-01-03T20:40:00Z,2024-01-03T20:45:00Z,15.4,61.47,57.28
72:a5:12:55:c5:00,2024-01-03T20:45:00Z,2024-01-03T20:50:00Z,16.54,57.89,75.32
72:a5:12:55:c5:00,2024-01-03T20:50:00Z,2024-01-03T20:55:00Z,16.62,63.26,-44.01
72:a5:12:55:c5:00,2024-01-03T20:55:00Z,2024-01-03T21:00:00Z,15.36,56.67,-53.4
72:a5:12:55:c5:00,2024-01-03T21:00:00Z,2024-01-03T21:05:00Z,16.21,57.12,-16.57
72:a5:12:55:c5:00,2024-01-03T21:05:00Z,2024-01-03T21:10:00Z,16.3,58.3,-65.32
72:a5:12:55:c5:00,2024-01-03T21:10:00Z,2024-01-03T21:15:00Z,15.66,59.31,7.26
72:a5:12:55:c5:00,2024-01-03T21:15:00Z,2024-01-03T21:20:00Z,15.91,61.64,-12.34
72:a5:12:55:c5:00,2024-01-03T21:20:00Z,2024-01-03T21:25:00Z,15.86,54.77,21.63
72:a5:12:55:c5:00,2024-01-03T21:25:00Z,2024-01-03T21:30:00Z,16.0,57.47,83.82
72:a5:12:55:c5:00,2024-01-03T21:30:00Z,2024-01-03T21:35:00Z,16.44,54.23,49.05
72:a5:12:55:c5:00,2024-01-03T21:35:00Z,2024-01-03T21:40:00Z,16.6,58.55,29.35
72:a5:12:55:c5:00,2024-01-03T21:40:00Z,2024-01-03T21:45:00Z,17.39,59.03,-117.96
72:a5:12:55:c5:00,2024-01-03T21:45:00Z,2024-01-03T21:50:00Z,15.87,61.67,26.6
72:a5:12:55:c5:00,2024-01-03T21:50:00Z,2024-01-03T21:55:00Z,17.06,58.73,103.36
72:a5:12:55:c5:00,2024-01-03T21:55:00Z,2024-01-03T22:00:00Z,16.34,60.57,-180.63
72:a5:12:55:c5:00,2024-01-03T22:00:00Z,2024-01-03T22:05:00Z,17.47,57.17,41.36
72:a5:12:55:c5:00,2024-01-03T22:05:00Z,2024-01-03T22:10:00Z,17.9,55.13,-9.56
72:a5:12:55:c5:00,2024-01-03T22:10:00Z,2024-01-03T22:15:00Z,16.83,53.18,-50.99
72:a5:12:55:c5:00,2024-01-03T22:15:00Z,2024-01-03T22:20:00Z,17.73,56.55,48.07
72:a5:12:55:c5:00,2024-01-03T22:20:00Z,2024-01-03T22:25:00Z,17.6,53.02,102.58
72:a5:12:55:c5:00,2024-01-03T22:25:00Z,2024-01-03T22:30:00Z,17.8,58.59,46.51
72:a5:12:55:c5:00,2024-01-03T22:30:00Z,2024-01-03T22:35:00Z,17.67,55.68,-22.27
72:a5:12:55:c5:00,2024-01-03T22:35:00Z,2024-01-03T22:40:00Z,18.97,58.39,-56.61
72:a5:12:55:c5:00,2024-01-03T22:40:00Z,2024-01-03T22:45:00Z,17.12,55.04,8.68
72:a5:12:55:c5:00,2024-01-03T22:45:00Z,2024-01-03T22:50:00Z,17.18,56.54,52.39
72:a5:12:55:c5:00,2024-01-03T22:50:00Z,2024-01-03T22:55:00Z,17.13,56.42,-23.22
72:a5:12:55:c5:00,2024-01-03T22:55:00Z,2024-01-03T23:00:00Z,17.17,55.91,-17.42
72:a5:12:55:c5:00,2024-01-03T23:00:00Z,2024-01-03T23:05:00Z,18.32,52.24,169.32
72:a5:12:55:c5:00,2024-01-03T23:05:00Z,2024-01-03T23:10:00Z,19.42,53.89,64.72
72:a5:12:55:c5:00,2024-01-03T23:10:00Z,2024-01-03T23:15:00Z,19.56,51.25,69.01
72:a5:12:55:c5:00,2024-01-03T23:15:00Z,2024-01-03T23:20:00Z,18.36,50.69,-87.62
72:a5:12:55:c5:00,2024-01-03T23:20:00Z,2024-01-03T23:25:00Z,18.21,55.59,-42.43
72:a5:12:55:c5:00,2024-01-03T23:25:00Z,2024-01-03T23:30:00Z,18.99,54.56,4.48
72:a5:12:55:c5:00,2024-01-03T23:30:00Z,2024-01-03T23:35:00Z,18.37,53.24,-60.07
72:a5:12:55:c5:00,2024-01-03T23:35:00Z,2024-01-03T23:40:00Z,19.09,56.44,96.02
72:a5:12:55:c5:00,2024-01-03T23:40:00Z,2024-01-03T23:45:00Z,18.83,52.57,84.62
72:a5:12:55:c5:00,2024-01-03T23:45:00Z,2024-01-03T23:50:00Z,17.8,55.75,-32.01
72:a5:12:55:c5:00,2024-01-03T23:50:00Z,2024-01-03T23:55:00Z,19.63,53.46,107.04
72:a5:12:55:c5:00,2024-01-03T23:55:00Z,2024-01-04T00:00:00Z,19.78,51.06,-0.26
72:a5:12:55:c5:00,2024-01-04T00:00:00Z,2024-01-04T00:05:00Z,19.63,53.7,155.36
72:a5:12:55:c5:00,2024-01-04T00:05:00Z,2024-01-04T00:10:00Z,19.77,51.98,8.68
72:a5:12:55:c5:00,2024-01-04T00:10:00Z,2024-01-04T00:15:00Z,20.17,49.76,34.57
72:a5:12:55:c5:00,2024-01-04T00:15:00Z,2024-01-04T00:20:00Z,20.2,51.45,83.99
72:a5:12:55:c5:00,2024-01-04T00:20:00Z,2024-01-04T00:25:00Z,20.4,49.19,76.66
72:a5:12:55:c5:00,2024-01-04T00:25:00Z,2024-01-04T00:30:00Z,21.21,51.66,30.64
72:a5:12:55:c5:00,2024-01-04T00:30:00Z,2024-01-04T00:35:00Z,19.89,45.22,-8.47
72:a5:12:55:c5:00,2024-01-04T00:35:00Z,2024-01-04T00:40:00Z,19.52,47.96,30.85
72:a5:12:55:c5:00,2024-01-04T00:40:00Z,2024-01-04T00:45:00Z,19.17,51.96,-48.97
72:a5:12:55:c5:00,2024-01-04T00:45:00Z,2024-01-04T00:50:00Z,19.56,49.5,9.13
72:a5:12:55:c5:00,2024-01-04T00:50:00Z,2024-01-04T00:55:00Z,19.98,50.42,-66.56
72:a5:12:55:c5:00,2024-01-04T00:55:00Z,2024-01-04T01:00:00Z,21.08,47.31,-106.85
72:a5:12:55:c5:00,2024-01-04T01:00:00Z,2024-01-04T01:05:00Z,20.98,50.59,520.66
72:a5:12:55:c5:00,2024-01-04T01:05:00Z,2024-01-04T01:10:00Z,21.43,49.28,593.37
72:a5:12:55:c5:00,2024-01-04T01:10:00Z,2024-01-04T01:15:00Z,21.28,46.49,573.19
72:a5:12:55:c5:00,2024-01-04T01:15:00Z,2024-01-04T01:20:00Z,22.01,46.08,512.72
72:a5:12:55:c5:00,2024-01-04T01:20:00Z,2024-01-04T01:25:00Z,22.81,48.95,622.46
72:a5:12:55:c5:00,2024-01-04T01:25:00Z,2024-01-04T01:30:00Z,20.98,50.86,483.49
72:a5:12:55:c5:00,2024-01-04T01:30:00Z,2024-01-04T01:35:00Z,21.0,48.8,402.57
72:a5:12:55:c5:00,2024-01-04T01:35:00Z,2024-01-04T01:40:00Z,21.92,51.24,386.71
72:a5:12:55:c5:00,2024-01-04T01:40:00Z,2024-01-04T01:45:00Z,21.7,45.05,446.77
72:a5:12:55:c5:00,2024-01-04T01:45:00Z,2024-01-04T01:50:00Z,22.4,45.26,566.64
72:a5:12:55:c5:00,2024-01-04T01:50:00Z,2024-01-04T01:55:00Z,21.64,44.52,479.55
72:a5:12:55:c5:00,2024-01-04T01:55:00Z,2024-01-04T02:00:00Z,21.08,47.78,545.3
72:a5:12:55:c5:00,2024-01-04T02:00:00Z,2024-01-04T02:05:00Z,22.85,44.35,1098.78
72:a5:12:55:c5:00,2024-01-04T02:05:00Z,2024-01-04T02:10:00Z,23.17,43.7,933.99
72:a5:12:55:c5:00,2024-01-04T02:10:00Z,2024-01-04T02:15:00Z,22.99,45.62,1028.71
72:a5:12:55:c5:00,2024-01-04T02:15:00Z,2024-01-04T02:20:00Z,22.8,46.46,1032.34
72:a5:12:55:c5:00,2024-01-04T02:20:00Z,2024-01-04T02:25:00Z,23.14,40.95,948.36
72:a5:12:55:c5:00,2024-01-04T02:25:00Z,2024-01-04T02:30:00Z,23.2,42.81,1081.25
72:a5:12:55:c5:00,2024-01-04T02:30:00Z,2024-01-04T02:35:00Z,23.33,45.64,982.74
72:a5:12:55:c5:00,2024-01-04T02:35:00Z,2024-01-04T02:40:00Z,22.89,43.06,976.97
72:a5:12:55:c5:00,2024-01-04T02:40:00Z,2024-01-04T02:45:00Z,22.4,42.4,1126.7
72:a5:12:55:c5:00,2024-01-04T02:45:00Z,2024-01-04T02:50:00Z,22.59,46.04,1031.37
72:a5:12:55:c5:00,2024-01-04T02:50:00Z,2024-01-04T02:55:00Z,23.22,41.42,1055.52
72:a5:12:55:c5:00,2024-01-04T02:55:00Z,2024-01-04T03:00:00Z,22.01,43.4,1081.29
72:a5:12:55:c5:00,2024-01-04T03:00:00Z,2024-01-04T03:05:00Z,23.76,42.17,1375.19
72:a5:12:55:c5:00,2024-01-04T03:05:00Z,2024-01-04T03:10:00Z,23.3,40.37,1489.2
72:a5:12:55:c5:00,2024-01-04T03:10:00Z,2024-01-04T03:15:00Z,23.55,43.08,1384.1
72:a5:12:55:c5:00,2024-01-04T03:15:00Z,2024-01-04T03:20:00Z,24.3,40.38,1381.54
72:a5:12:55:c5:00,2024-01-04T03:20:00Z,2024-01-04T03:25:00Z,23.65,44.33,1397.89
72:a5:12:55:c5:00,2024-01-04T03:25:00Z,2024-01-04T03:30:00Z,23.56,41.26,1376.89
72:a5:12:55:c5:00,2024-01-04T03:30:00Z,2024-01-04T03:35:00Z,22.72,42.86,1463.54
72:a5:12:55:c5:00,2024-01-04T03:35:00Z,2024-01-04T03:40:00Z,23.98,43.01,1430.25
72:a5:12:55:c5:00,2024-01-04T03:40:00Z,2024-01-04T03:45:00Z,23.92,40.26,1384.74
72:a5:12:55:c5:00,2024-01-04T03:45:00Z,2024-01-04T03:50:00Z,24.83,37.41,1454.68
72:a5:12:55:c5:00,2024-01-04T03:50:00Z,2024-01-04T03:55:00Z,23.35,42.24,1397.7
72:a5:12:55:c5:00,2024-01-04T03:55:00Z,2024-01-04T04:00:00Z,23.67,41.66,1394.53
72:a5:12:55:c5:00,2024-01-04T04:00:00Z,2024-01-04T04:05:00Z,24.48,40.72,1734.97
72:a5:12:55:c5:00,2024-01-04T04:05:00Z,2024-01-04T04:10:00Z,25.28,39.15,1759.86
72:a5:12:55:c5:00,2024-01-04T04:10:00Z,2024-01-04T04:15:00Z,24.27,38.75,1755.44
72:a5:12:55:c5:00,2024-01-04T04:15:00Z,2024-01-04T04:20:00Z,24.5,43.62,1710.26
72:a5:12:55:c5:00,2024-01-04T04:20:00Z,2024-01-04T04:25:00Z,24.69,36.66,1782.88
72:a5:12:55:c5:00,2024-01-04T04:25:00Z,2024-01-04T04:30:00Z,24.44,41.08,1718.71
72:a5:12:55:c5:00,2024-01-04T04:30:00Z,2024-01-04T04:35:00Z,24.06,38.46,1692.75
72:a5:12:55:c5:00,2024-01-04T04:35:00Z,2024-01-04T04:40:00Z,24.45,38.94,1643.97
72:a5:12:55:c5:00,2024-01-04T04:40:00Z,2024-01-04T04:45:00Z,24.97,38.97,1791.04
72:a5:12:55:c5:00,2024-01-04T04:45:00Z,2024-01-04T04:50:00Z,23.71,38.0,1732.79
72:a5:12:55:c5:00,2024-01-04T04:50:00Z,2024-01-04T04:55:00Z,24.41,40.75,1744.7
72:a5:12:55:c5:00,2024-01-04T04:55:00Z,2024-01-04T05:00:00Z,23.91,42.39,1794.8
72:a5:12:55:c5:00,2024-01-04T05:00:00Z,2024-01-04T05:05:00Z,25.55,39.35,1903.21
72:a5:12:55:c5:00,2024-01-04T05:05:00Z,2024-01-04T05:10:00Z,23.92,38.62,1849.39
72:a5:12:55:c5:00,2024-01-04T05:10:00Z,2024-01-04T05:15:00Z,24.49,36.44,1936.04
72:a5:12:55:c5:00,2024-01-04T05:15:00Z,2024-01-04T05:20:00Z,25.06,39.44,1950.33
72:a5:12:55:c5:00,2024-01-04T05:20:00Z,2024-01-04T05:25:00Z,25.77,42.72,1916.08
72:a5:12:55:c5:00,2024-01-04T05:25:00Z,2024-01-04T05:30:00Z,24.79,37.65,2020.28
72:a5:12:55:c5:00,2024-01-04T05:30:00Z,2024-01-04T05:35:00Z,24.5,37.66,1782.68
72:a5:12:55:c5:00,2024-01-04T05:35:00Z,2024-01-04T05:40:00Z,25.96,37.29,1999.06
72:a5:12:55:c5:00,2024-01-04T05:40:00Z,2024-01-04T05:45:00Z,23.96,37.43,1979.32
72:a5:12:55:c5:00,2024-01-04T05:45:00Z,2024-01-04T05:50:00Z,23.51,32.92,1959.26
72:a5:12:55:c5:00,2024-01-04T05:50:00Z,2024-01-04T05:55:00Z,25.09,39.22,1731.7
72:a5:12:55:c5:00,2024-01-04T05:55:00Z,2024-01-04T06:00:00Z,24.53,36.72,2008.88
72:a5:12:55:c5:00,2024-01-04T06:00:00Z,2024-01-04T06:05:00Z,24.39,34.78,1938.41
72:a5:12:55:c5:00,2024-01-04T06:05:00Z,2024-01-04T06:10:00Z,25.43,39.51,1969.54
72:a5:12:55:c5:00,2024-01-04T06:10:00Z,2024-01-04T06:15:00Z,25.15,35.84,1989.76
72:a5:12:55:c5:00,2024-01-04T06:15:00Z,2024-01-04T06:20:00Z,24.66,37.32,2024.45
72:a5:12:55:c5:00,2024-01-04T06:20:00Z,2024-01-04T06:25:00Z,24.23,40.93,2038.37
72:a5:12:55:c5:00,2024-01-04T06:25:00Z,2024-01-04T06:30:00Z,25.52,35.18,2053.57
72:a5:12:55:c5:00,2024-01-04T06:30:00Z,2024-01-04T06:35:00Z,25.39,34.93,2048.95
72:a5:12:55:c5:00,2024-01-04T06:35:00Z,2024-01-04T06:40:00Z,24.94,38.54,2015.18
72:a5:12:55:c5:00,2024-01-04T06:40:00Z,2024-01-04T06:45:00Z,26.11,40.3,2024.96
72:a5:12:55:c5:00,2024-01-04T06:45:00Z,2024-01-04T06:50:00Z,24.36,34.85,1934.55
72:a5:12:55:c5:00,2024-01-04T06:50:00Z,2024-01-04T06:55:00Z,24.08,38.82,1954.94
72:a5:12:55:c5:00,2024-01-04T06:55:00Z,2024-01-04T07:00:00Z,24.58,39.16,2053.73
72:a5:12:55:c5:00,2024-01-04T07:00:00Z,2024-01-04T07:05:00Z,24.8,34.29,1982.08
72:a5:12:55:c5:00,2024-01-04T07:05:00Z,2024-01-04T07:10:00Z,24.98,40.01,1975.28
72:a5:12:55:c5:00,2024-01-04T07:10:00Z,2024-01-04T07:15:00Z,24.68,40.16,1900.99
72:a5:12:55:c5:00,2024-01-04T07:15:00Z,2024-01-04T07:20:00Z,25.04,37.79,1986.48
72:a5:12:55:c5:00,2024-01-04T07:20:00Z,2024-01-04T07:25:00Z,24.08,40.91,1862.18
72:a5:12:55:c5:00,2024-01-04T07:25:00Z,2024-01-04T07:30:00Z,25.7,40.68,1996.49
72:a5:12:55:c5:00,2024-01-04T07:30:00Z,2024-01-04T07:35:00Z,24.78,38.62,1916.2
72:a5:12:55:c5:00,2024-01-04T07:35:00Z,2024-01-04T07:40:00Z,25.5,37.51,2032.9
72:a5:12:55:c5:00,2024-01-04T07:40:00Z,2024-01-04T07:45:00Z,25.04,36.46,1840.57
72:a5:12:55:c5:00,2024-01-04T07:45:00Z,2024-01-04T07:50:00Z,25.1,38.33,2037.66
72:a5:12:55:c5:00,2024-01-04T07:50:00Z,2024-01-04T07:55:00Z,25.17,39.55,1910.16
72:a5:12:55:c5:00,2024-01-04T07:55:00Z,2024-01-04T08:00:00Z,25.1,37.76,1909.08
72:a5:12:55:c5:00,2024-01-04T08:00:00Z,2024-01-04T08:05:00Z,24.72,35.21,1743.74
72:a5:12:55:c5:00,2024-01-04T08:05:00Z,2024-01-04T08:10:00Z,25.13,42.15,1690.23
72:a5:12:55:c5:00,2024-01-04T08:10:00Z,2024-01-04T08:15:00Z,24.45,39.99,1727.71
72:a5:12:55:c5:00,2024-01-04T08:15:00Z,2024-01-04T08:20:00Z,24.76,38.85,1687.79
72:a5:12:55:c5:00,2024-01-04T08:20:00Z,2024-01-04T08:25:00Z,24.28,41.32,1689.99
72:a5:12:55:c5:00,2024-01-04T08:25:00Z,2024-01-04T08:30:00Z,25.19,42.66,1761.26
72:a5:12:55:c5:00,2024-01-04T08:30:00Z,2024-01-04T08:35:00Z,23.92,34.0,1677.96
72:a5:12:55:c5:00,2024-01-04T08:35:00Z,2024-01-04T08:40:00Z,25.41,40.48,1685.96
72:a5:12:55:c5:00,2024-01-04T08:40:00Z,2024-01-04T08:45:00Z,24.31,36.75,1649.68
72:a5:12:55:c5:00,2024-01-04T08:45:00Z,2024-01-04T08:50:00Z,23.47,40.61,1701.81
72:a5:12:55:c5:00,2024-01-04T08:50:00Z,2024-01-04T08:55:00Z,24.41,39.86,1810.75
72:a5:12:55:c5:00,2024-01-04T08:55:00Z,2024-01-04T09:00:00Z,23.92,40.88,1681.29
72:a5:12:55:c5:00,2024-01-04T09:00:00Z,2024-01-04T09:05:00Z,24.04,40.52,1370.32
72:a5:12:55:c5:00,2024-01-04T09:05:00Z,2024-01-04T09:10:00Z,23.14,37.77,1425.85
72:a5:12:55:c5:00,2024-01-04T09:10:00Z,2024-01-04T09:15:00Z,23.27,40.61,1391.97
72:a5:12:55:c5:00,2024-01-04T09:15:00Z,2024-01-04T09:20:00Z,22.4,42.33,1547.9
72:a5:12:55:c5:00,2024-01-04T09:20:00Z,2024-01-04T09:25:00Z,23.26,43.55,1404.46
72:a5:12:55:c5:00,2024-01-04T09:25:00Z,2024-01-04T09:30:00Z,22.08,39.17,1434.33
72:a5:12:55:c5:00,2024-01-04T09:30:00Z,2024-01-04T09:35:00Z,22.59,43.57,1470.84
72:a5:12:55:c5:00,2024-01-04T09:35:00Z,2024-01-04T09:40:00Z,23.99,40.22,1469.69
72:a5:12:55:c5:00,2024-01-04T09:40:00Z,2024-01-04T09:45:00Z,24.01,42.24,1428.21
72:a5:12:55:c5:00,2024-01-04T09:45:00Z,2024-01-04T09:50:00Z,23.79,40.49,1404.55
72:a5:12:55:c5:00,2024-01-04T09:50:00Z,2024-01-04T09:55:00Z,22.96,41.88,1535.66
72:a5:12:55:c5:00,2024-01-04T09:55:00Z,2024-01-04T10:00:00Z,23.51,43.3,1408.23
72:a5:12:55:c5:00,2024-01-04T10:00:00Z,2024-01-04T10:05:00Z,22.5,41.55,973.5
72:a5:12:55:c5:00,2024-01-04T10:05:00Z,2024-01-04T10:10:00Z,21.8,42.64,961.25
72:a5:12:55:c5:00,2024-01-04T10:10:00Z,2024-01-04T10:15:00Z,23.4,44.37,896.39
72:a5:12:55:c5:00,2024-01-04T10:15:00Z,2024-01-04T10:20:00Z,23.03,48.8,1049.3
72:a5:12:55:c5:00,2024-01-04T10:20:00Z,2024-01-04T10:25:00Z,22.37,42.27,859.12
72:a5:12:55:c5:00,2024-01-04T10:25:00Z,2024-01-04T10:30:00Z,22.52,48.08,999.66
72:a5:12:55:c5:00,2024-01-04T10:30:00Z,2024-01-04T10:35:00Z,22.63,48.01,987.71
72:a5:12:55:c5:00,2024-01-04T10:35:00Z,2024-01-04T10:40:00Z,21.27,43.81,1134.4
72:a5:12:55:c5:00,2024-01-04T10:40:00Z,2024-01-04T10:45:00Z,22.35,43.4,890.1
72:a5:12:55:c5:00,2024-01-04T10:45:00Z,2024-01-04T10:50:00Z,22.09,42.62,945.93
72:a5:12:55:c5:00,2024-01-04T10:50:00Z,2024-01-04T10:55:00Z,21.9,43.86,991.83
72:a5:12:55:c5:00,2024-01-04T10:55:00Z,2024-01-04T11:00:00Z,22.33,41.19,988.15
72:a5:12:55:c5:00,2024-01-04T11:00:00Z,2024-01-04T11:05:00Z,22.37,46.74,484.67
72:a5:12:55:c5:00,2024-01-04T11:05:00Z,2024-01-04T11:10:00Z,21.68,49.89,512.78
72:a5:12:55:c5:00,2024-01-04T11:10:00Z,2024-01-04T11:15:00Z,20.95,45.67,442.06
72:a5:12:55:c5:00,2024-01-04T11:15:00Z,2024-01-04T11:20:00Z,21.64,46.41,539.07
72:a5:12:55:c5:00,2024-01-04T11:20:00Z,2024-01-04T11:25:00Z,22.13,43.49,378.35
72:a5:12:55:c5:00,2024-01-04T11:25:00Z,2024-01-04T11:30:00Z,21.85,47.64,516.09
72:a5:12:55:c5:00,2024-01-04T11:30:00Z,2024-01-04T11:35:00Z,21.33,47.42,481.62
72:a5:12:55:c5:00,2024-01-04T11:35:00Z,2024-01-04T11:40:00Z,20.91,47.02,578.62
72:a5:12:55:c5:00,2024-01-04T11:40:00Z,2024-01-04T11:45:00Z,21.71,46.46,622.96
72:a5:12:55:c5:00,2024-01-04T11:45:00Z,2024-01-04T11:50:00Z,21.53,46.31,497.77
72:a5:12:55:c5:00,2024-01-04T11:50:00Z,2024-01-04T11:55:00Z,21.83,47.9,601.08
72:a5:12:55:c5:00,2024-01-04T11:55:00Z,2024-01-04T12:00:00Z,21.68,46.84,498.67
72:a5:12:55:c5:00,2024-01-04T12:00:00Z,2024-01-04T12:05:00Z,20.63,50.63,-57.97
72:a5:12:55:c5:00,2024-01-04T12:05:00Z,2024-01-04T12:10:00Z,19.68,50.43,104.75
72:a5:12:55:c5:00,2024-01-04T12:10:00Z,2024-01-04T12:15:00Z,20.79,52.25,31.25
72:a5:12:55:c5:00,2024-01-04T12:15:00Z,2024-01-04T12:20:00Z,20.12,51.35,0.27
72:a5:12:55:c5:00,2024-01-04T12:20:00Z,2024-01-04T12:25:00Z,21.25,50.39,41.23
72:a5:12:55:c5:00,2024-01-04T12:25:00Z,2024-01-04T12:30:00Z,19.59,53.04,16.45
72:a5:12:55:c5:00,2024-01-04T12:30:00Z,2024-01-04T12:35:00Z,21.04,50.84,-4.15
72:a5:12:55:c5:00,2024-01-04T12:35:00Z,2024-01-04T12:40:00Z,20.12,52.61,-79.59
72:a5:12:55:c5:00,2024-01-04T12:40:00Z,2024-01-04T12:45:00Z,19.61,51.21,-16.23
72:a5:12:55:c5:00,2024-01-04T12:45:00Z,2024-01-04T12:50:00Z,19.71,46.32,37.4
72:a5:12:55:c5:00,2024-01-04T12:50:00Z,2024-01-04T12:55:00Z,19.81,52.61,-7.37
72:a5:12:55:c5:00,2024-01-04T12:55:00Z,2024-01-04T13:00:00Z,20.25,50.27,54.14
72:a5:12:55:c5:00,2024-01-04T13:00:00Z,2024-01-04T13:05:00Z,19.02,53.0,23.02
72:a5:12:55:c5:00,2024-01-04T13:05:00Z,2024-01-04T13:10:00Z,18.36,53.67,-52.69
72:a5:12:55:c5:00,2024-01-04T13:10:00Z,2024-01-04T13:15:00Z,18.69,52.42,-79.15
72:a5:12:55:c5:00,2024-01-04T13:15:00Z,2024-01-04T13:20:00Z,19.99,53.56,-9.43
72:a5:12:55:c5:00,2024-01-04T13:20:00Z,2024-01-04T13:25:00Z,19.74,51.92,-31.45
72:a5:12:55:c5:00,2024-01-04T13:25:00Z,2024-01-04T13:30:00Z,18.97,55.65,20.18
72:a5:12:55:c5:00,2024-01-04T13:30:00Z,2024-01-04T13:35:00Z,18.73,52.88,-43.09
72:a5:12:55:c5:00,2024-01-04T13:35:00Z,2024-01-04T13:40:00Z,18.78,52.34,-36.92
72:a5:12:55:c5:00,2024-01-04T13:40:00Z,2024-01-04T13:45:00Z,19.07,51.26,63.18
72:a5:12:55:c5:00,2024-01-04T13:45:00Z,2024-01-04T13:50:00Z,18.09,53.64,8.89
72:a5:12:55:c5:00,2024-01-04T13:50:00Z,2024-01-04T13:55:00Z,18.55,53.48,-42.16
72:a5:12:55:c5:00,2024-01-04T13:55:00Z,2024-01-04T14:00:00Z,17.7,53.88,1.06
72:a5:12:55:c5:00,2024-01-04T14:00:00Z,2024-01-04T14:05:00Z,17.74,53.95,82.73
72:a5:12:55:c5:00,2024-01-04T14:05:00Z,2024-01-04T14:10:00Z,17.89,52.8,17.63
72:a5:12:55:c5:00,2024-01-04T14:10:00Z,2024-01-04T14:15:00Z,17.21,57.25,35.58
72:a5:12:55:c5:00,2024-01-04T14:15:00Z,2024-01-04T14:20:00Z,18.44,58.97,-45.13
72:a5:12:55:c5:00,2024-01-04T14:20:00Z,2024-01-04T14:25:00Z,16.76,53.95,61.59
72:a5:12:55:c5:00,2024-01-04T14:25:00Z,2024-01-04T14:30:00Z,16.62,59.18,139.09
72:a5:12:55:c5:00,2024-01-04T14:30:00Z,2024-01-04T14:35:00Z,17.63,56.57,-47.49
72:a5:12:55:c5:00,2024-01-04T14:35:00Z,2024-01-04T14:40:00Z,18.13,55.99,-70.91
72:a5:12:55:c5:00,2024-01-04T14:40:00Z,2024-01-04T14:45:00Z,18.51,55.2,10.53
72:a5:12:55:c5:00,2024-01-04T14:45:00Z,2024-01-04T14:50:00Z,17.22,53.23,52.53
72:a5:12:55:c5:00,2024-01-04T14:50:00Z,2024-01-04T14:55:00Z,18.15,57.98,-5.48
72:a5:12:55:c5:00,2024-01-04T14:55:00Z,2024-01-04T15:00:00Z,17.48,54.45,-63.19
72:a5:12:55:c5:00,2024-01-04T15:00:00Z,2024-01-04T15:05:00Z,16.36,56.93,-6.52
72:a5:12:55:c5:00,2024-01-04T15:05:00Z,2024-01-04T15:10:00Z,16.99,60.47,35.89
72:a5:12:55:c5:00,2024-01-04T15:10:00Z,2024-01-04T15:15:00Z,16.86,54.72,-24.42
72:a5:12:55:c5:00,2024-01-04T15:15:00Z,2024-01-04T15:20:00Z,15.52,55.44,36.44
72:a5:12:55:c5:00,2024-01-04T15:20:00Z,2024-01-04T15:25:00Z,17.35,58.45,69.88
72:a5:12:55:c5:00,2024-01-04T15:25:00Z,2024-01-04T15:30:00Z,17.29,59.07,14.41
72:a5:12:55:c5:00,2024-01-04T15:30:00Z,2024-01-04T15:35:00Z,16.09,59.45,-1.68
72:a5:12:55:c5:00,2024-01-04T15:35:00Z,2024-01-04T15:40:00Z,16.7,57.88,49.76
72:a5:12:55:c5:00,2024-01-04T15:40:00Z,2024-01-04T15:45:00Z,16.76,63.55,-51.37
72:a5:12:55:c5:00,2024-01-04T15:45:00Z,2024-01-04T15:50:00Z,16.62,58.03,-57.28
72:a5:12:55:c5:00,2024-01-04T15:50:00Z,2024-01-04T15:55:00Z,16.13,58.02,-15.99
72:a5:12:55:c5:00,2024-01-04T15:55:00Z,2024-01-04T16:00:00Z,16.06,56.89,-29.51
72:a5:12:55:c5:00,2024-01-04T16:00:00Z,2024-01-04T16:05:00Z,15.65,60.64,-48.2
72:a5:12:55:c5:00,2024-01-04T16:05:00Z,2024-01-04T16:10:00Z,16.37,61.62,109.83
72:a5:12:55:c5:00,2024-01-04T16:10:00Z,2024-01-04T16:15:00Z,16.0,62.8,130.32
72:a5:12:55:c5:00,2024-01-04T16:15:00Z,2024-01-04T16:20:00Z,15.45,57.41,-21.22
72:a5:12:55:c5:00,2024-01-04T16:20:00Z,2024-01-04T16:25:00Z,16.13,59.9,5.5
72:a5:12:55:c5:00,2024-01-04T16:25:00Z,2024-01-04T16:30:00Z,13.96,61.29,-11.27
72:a5:12:55:c5:00,2024-01-04T16:30:00Z,2024-01-04T16:35:00Z,16.36,61.57,66.45
72:a5:12:55:c5:00,2024-01-04T16:35:00Z,2024-01-04T16:40:00Z,14.63,60.41,78.34
72:a5:12:55:c5:00,2024-01-04T16:40:00Z,2024-01-04T16:45:00Z,15.45,61.48,-106.64
72:a5:12:55:c5:00,2024-01-04T16:45:00Z,2024-01-04T16:50:00Z,15.0,58.77,28.56
72:a5:12:55:c5:00,2024-01-04T16:50:00Z,2024-01-04T16:55:00Z,14.89,63.51,-78.41
72:a5:12:55:c5:00,2024-01-04T16:55:00Z,2024-01-04T17:00:00Z,16.37,62.38,105.5
72:a5:12:55:c5:00,2024-01-04T17:00:00Z,2024-01-04T17:05:00Z,14.89,58.9,26.41
72:a5:12:55:c5:00,2024-01-04T17:05:00Z,2024-01-04T17:10:00Z,15.38,59.44,-49.4
72:a5:12:55:c5:00,2024-01-04T17:10:00Z,2024-01-04T17:15:00Z,15.14,59.5,-14.48
72:a5:12:55:c5:00,2024-01-04T17:15:00Z,2024-01-04T17:20:00Z,15.46,62.95,-17.34
72:a5:12:55:c5:00,2024-01-04T17:20:00Z,2024-01-04T17:25:00Z,15.22,59.02,31.51
72:a5:12:55:c5:00,2024-01-04T17:25:00Z,2024-01-04T17:30:00Z,14.4,60.93,62.51
72:a5:12:55:c5:00,2024-01-04T17:30:00Z,2024-01-04T17:35:00Z,15.77,62.5,-68.89
72:a5:12:55:c5:00,2024-01-04T17:35:00Z,2024-01-04T17:40:00Z,14.87,61.46,110.33
72:a5:12:55:c5:00,2024-01-04T17:40:00Z,2024-01-04T17:45:00Z,14.24,62.11,96.34
72:a5:12:55:c5:00,2024-01-04T17:45:00Z,2024-01-04T17:50:00Z,14.91,59.46,-52.52
72:a5:12:55:c5:00,2024-01-04T17:50:00Z,2024-01-04T17:55:00Z,16.07,62.78,4.37
72:a5:12:55:c5:00,2024-01-04T17:55:00Z,2024-01-04T18:00:00Z,15.68,60.36,102.65
72:a5:12:55:c5:00,2024-01-04T18:00:00Z,2024-01-04T18:05:00Z,14.79,61.35,73.98
72:a5:12:55:c5:00,2024-01-04T18:05:00Z,2024-01-04T18:10:00Z,14.79,62.48,-20.2
72:a5:12:55:c5:00,2024-01-04T18:10:00Z,2024-01-04T18:15:00Z,14.81,62.21,48.86
72:a5:12:55:c5:00,2024-01-04T18:15:00Z,2024-01-04T18:20:00Z,16.25,62.05,179.83
72:a5:12:55:c5:00,2024-01-04T18:20:00Z,2024-01-04T18:25:00Z,15.23,60.5,6.31
72:a5:12:55:c5:00,2024-01-04T18:25:00Z,2024-01-04T18:30:00Z,15.26,61.4,-37.96
72:a5:12:55:c5:00,2024-01-04T18:30:00Z,2024-01-04T18:35:00Z,15.62,62.0,10.35
72:a5:12:55:c5:00,2024-01-04T18:35:00Z,2024-01-04T18:40:00Z,15.14,59.25,14.79
72:a5:12:55:c5:00,2024-01-04T18:40:00Z,2024-01-04T18:45:00Z,14.84,61.07,-31.47
72:a5:12:55:c5:00,2024-01-04T18:45:00Z,2024-01-04T18:50:00Z,14.88,62.78,26.5
72:a5:12:55:c5:00,2024-01-04T18:50:00Z,2024-01-04T18:55:00Z,14.96,59.45,-75.26
72:a5:12:55:c5:00,2024-01-04T18:55:00Z,2024-01-04T19:00:00Z,14.98,64.31,-39.93
72:a5:12:55:c5:00,2024-01-04T19:00:00Z,2024-01-04T19:05:00Z,15.61,64.13,45.49
72:a5:12:55:c5:00,2024-01-04T19:05:00Z,2024-01-04T19:10:00Z,15.2,59.1,-105.29
72:a5:12:55:c5:00,2024-01-04T19:10:00Z,2024-01-04T19:15:00Z,15.61,64.31,54.19
72:a5:12:55:c5:00,2024-01-04T19:15:00Z,2024-01-04T19:20:00Z,15.12,61.3,-120.72
72:a5:12:55:c5:00,2024-01-04T19:20:00Z,2024-01-04T19:25:00Z,15.22,62.43,-103.88
72:a5:12:55:c5:00,2024-01-04T19:25:00Z,2024-01-04T19:30:00Z,13.97,60.6,-29.94
72:a5:12:55:c5:00,2024-01-04T19:30:00Z,2024-01-04T19:35:00Z,15.72,63.44,17.21
72:a5:12:55:c5:00,2024-01-04T19:35:00Z,2024-01-04T19:40:00Z,15.38,62.4,79.52
72:a5:12:55:c5:00,2024-01-04T19:40:00Z,2024-01-04T19:45:00Z,15.77,59.96,3.46
72:a5:12:55:c5:00,2024-01-04T19:45:00Z,2024-01-04T19:50:00Z,13.43,59.26,-14.79
72:a5:12:55:c5:00,2024-01-04T19:50:00Z,2024-01-04T19:55:00Z,16.42,58.67,34.77
72:a5:12:55:c5:00,2024-01-04T19:55:00Z,2024-01-04T20:00:00Z,15.09,61.97,-52.25
72:a5:12:55:c5:00,2024-01-04T20:00:00Z,2024-01-04T20:05:00Z,16.33,61.54,8.36
72:a5:12:55:c5:00,2024-01-04T20:05:00Z,2024-01-04T20:10:00Z,15.05,61.69,-71.97
72:a5:12:55:c5:00,2024-01-04T20:10:00Z,2024-01-04T20:15:00Z,16.04,60.16,4.96
72:a5:12:55:c5:00,2024-01-04T20:15:00Z,2024-01-04T20:20:00Z,15.04,58.08,-7.79
72:a5:12:55:c5:00,2024-01-04T20:20:00Z,2024-01-04T20:25:00Z,15.3,59.03,-48.26
72:a5:12:55:c5:00,2024-01-04T20:25:00Z,2024-01-04T20:30:00Z,16.82,62.7,9.9
72:a5:12:55:c5:00,2024-01-04T20:30:00Z,2024-01-04T20:35:00Z,15.56,59.42,9.51
72:a5:12:55:c5:00,2024-01-04T20:35:00Z,2024-01-04T20:40:00Z,15.8,60.68,70.53
72:a5:12:55:c5:00,2024-01-04T20:40:00Z,2024-01-04T20:45:00Z,16.19,58.24,-96.34
72:a5:12:55:c5:00,2024-01-04T20:45:00Z,2024-01-04T20:50:00Z,15.97,61.07,-4.56
72:a5:12:55:c5:00,2024-01-04T20:50:00Z,2024-01-04T20:55:00Z,15.76,59.48,-45.62
72:a5:12:55:c5:00,2024-01-04T20:55:00Z,2024-01-04T21:00:00Z,15.89,62.49,52.19
72:a5:12:55:c5:00,2024-01-04T21:00:00Z,2024-01-04T21:05:00Z,17.91,60.03,45.23
72:a5:12:55:c5:00,2024-01-04T21:05:00Z,2024-01-04T21:10:00Z,16.43,57.49,30.47
72:a5:12:55:c5:00,2024-01-04T21:10:00Z,2024-01-04T21:15:00Z,16.59,58.23,-42.23
72:a5:12:55:c5:00,2024-01-04T21:15:00Z,2024-01-04T21:20:00Z,17.09,57.38,53.13
72:a5:12:55:c5:00,2024-01-04T21:20:00Z,2024-01-04T21:25:00Z,17.13,55.65,-91.81
72:a5:12:55:c5:00,2024-01-04T21:25:00Z,2024-01-04T21:30:00Z,17.18,56.77,-104.12
72:a5:12:55:c5:00,2024-01-04T21:30:00Z,2024-01-04T21:35:00Z,16.85,58.88,-76.55
72:a5:12:55:c5:00,2024-01-04T21:35:00Z,2024-01-04T21:40:00Z,15.78,59.14,-2.01
72:a5:12:55:c5:00,2024-01-04T21:40:00Z,2024-01-04T21:45:00Z,17.44,58.78,40.51
72:a5:12:55:c5:00,2024-01-04T21:45:00Z,2024-01-04T21:50:00Z,15.78,57.88,-178.56
72:a5:12:55:c5:00,2024-01-04T21:50:00Z,2024-01-04T21:55:00Z,16.65,60.35,79.36
72:a5:12:55:c5:00,2024-01-04T21:55:00Z,2024-01-04T22:00:00Z,16.01,58.61,7.87
72:a5:12:55:c5:00,2024-01-04T22:00:00Z,2024-01-04T22:05:00Z,17.46,57.41,-94.07
72:a5:12:55:c5:00,2024-01-04T22:05:00Z,2024-01-04T22:10:00Z,17.7,52.45,6.06
72:a5:12:55:c5:00,2024-01-04T22:10:00Z,2024-01-04T22:15:00Z,17.69,48.16,65.55
72:a5:12:55:c5:00,2024-01-04T22:15:00Z,2024-01-04T22:20:00Z,17.75,56.57,35.97
72:a5:12:55:c5:00,2024-01-04T22:20:00Z,2024-01-04T22:25:00Z,18.47,53.15,65.94
72:a5:12:55:c5:00,2024-01-04T22:25:00Z,2024-01-04T22:30:00Z,17.77,55.58,-81.97
72:a5:12:55:c5:00,2024-01-04T22:30:00Z,2024-01-04T22:35:00Z,17.35,55.4,-24.84
72:a5:12:55:c5:00,2024-01-04T22:35:00Z,2024-01-04T22:40:00Z,18.08,59.17,-55.48
72:a5:12:55:c5:00,2024-01-04T22:40:00Z,2024-01-04T22:45:00Z,18.21,56.8,103.05
72:a5:12:55:c5:00,2024-01-04T22:45:00Z,2024-01-04T22:50:00Z,16.76,56.33,38.36
72:a5:12:55:c5:00,2024-01-04T22:50:00Z,2024-01-04T22:55:00Z,17.86,57.67,170.82
72:a5:12:55:c5:00,2024-01-04T22:55:00Z,2024-01-04T23:00:00Z,17.92,56.74,-28.06
72:a5:12:55:c5:00,2024-01-04T23:00:00Z,2024-01-04T23:05:00Z,18.53,52.19,-43.48
72:a5:12:55:c5:00,2024-01-04T23:05:00Z,2024-01-04T23:10:00Z,19.53,55.25,-8.57
72:a5:12:55:c5:00,2024-01-04T23:10:00Z,2024-01-04T23:15:00Z,18.62,50.89,82.7
72:a5:12:55:c5:00,2024-01-04T23:15:00Z,2024-01-04T23:20:00Z,18.78,53.75,-21.97
72:a5:12:55:c5:00,2024-01-04T23:20:00Z,2024-01-04T23:25:00Z,18.6,50.01,7.47
72:a5:12:55:c5:00,2024-01-04T23:25:00Z,2024-01-04T23:30:00Z,18.72,53.51,5.8
72:a5:12:55:c5:00,2024-01-04T23:30:00Z,2024-01-04T23:35:00Z,18.05,53.49,2.37
72:a5:12:55:c5:00,2024-01-04T23:35:00Z,2024-01-04T23:40:00Z,17.84,56.46,-39.14
72:a5:12:55:c5:00,2024-01-04T23:40:00Z,2024-01-04T23:45:00Z,19.66,49.98,-8.24
72:a5:12:55:c5:00,2024-01-04T23:45:00Z,2024-01-04T23:50:00Z,18.2,51.9,-10.81
72:a5:12:55:c5:00,2024-01-04T23:50:00Z,2024-01-04T23:55:00Z,18.11,54.75,-0.45
72:a5:12:55:c5:00,2024-01-04T23:55:00Z,2024-01-05T00:00:00Z,17.41,53.78,56.61
72:a5:12:55:c5:00,2024-01-05T00:00:00Z,2024-01-05T00:05:00Z,19.62,50.36,105.64
72:a5:12:55:c5:00,2024-01-05T00:05:00Z,2024-01-05T00:10:00Z,19.21,48.09,-50.43
72:a5:12:55:c5:00,2024-01-05T00:10:00Z,2024-01-05T00:15:00Z,20.99,48.82,-23.52
72:a5:12:55:c5:00,2024-01-05T00:15:00Z,2024-01-05T00:20:00Z,20.61,52.49,-49.5
72:a5:12:55:c5:00,2024-01-05T00:20:00Z,2024-01-05T00:25:00Z,19.59,49.9,11.23
72:a5:12:55:c5:00,2024-01-05T00:25:00Z,2024-01-05T00:30:00Z,21.35,50.75,-32.3
72:a5:12:55:c5:00,2024-01-05T00:30:00Z,2024-01-05T00:35:00Z,20.59,49.77,14.39
72:a5:12:55:c5:00,2024-01-05T00:35:00Z,2024-01-05T00:40:00Z,19.81,47.63,66.22
72:a5:12:55:c5:00,2024-01-05T00:40:00Z,2024-01-05T00:45:00Z,18.5,51.87,-151.55
72:a5:12:55:c5:00,2024-01-05T00:45:00Z,2024-01-05T00:50:00Z,21.37,51.01,29.51
72:a5:12:55:c5:00,2024-01-05T00:50:00Z,2024-01-05T00:55:00Z,19.17,54.61,-27.61
72:a5:12:55:c5:00,2024-01-05T00:55:00Z,2024-01-05T01:00:00Z,19.01,47.97,27.63
72:a5:12:55:c5:00,2024-01-05T01:00:00Z,2024-01-05T01:05:00Z,21.91,48.54,463.85
72:a5:12:55:c5:00,2024-01-05T01:05:00Z,2024-01-05T01:10:00Z,22.76,44.27,589.41
72:a5:12:55:c5:00,2024-01-05T01:10:00Z,2024-01-05T01:15:00Z,22.12,47.21,572.43
72:a5:12:55:c5:00,2024-01-05T01:15:00Z,2024-01-05T01:20:00Z,21.63,48.85,551.74
72:a5:12:55:c5:00,2024-01-05T01:20:00Z,2024-01-05T01:25:00Z,21.65,42.75,565.23
72:a5:12:55:c5:00,2024-01-05T01:25:00Z,2024-01-05T01:30:00Z,21.81,46.48,472.9
72:a5:12:55:c5:00,2024-01-05T01:30:00Z,2024-01-05T01:35:00Z,21.75,45.77,480.46
72:a5:12:55:c5:00,2024-01-05T01:35:00Z,2024-01-05T01:40:00Z,21.46,45.49,562.78
72:a5:12:55:c5:00,2024-01-05T01:40:00Z,2024-01-05T01:45:00Z,21.36,47.66,471.57
72:a5:12:55:c5:00,2024-01-05T01:45:00Z,2024-01-05T01:50:00Z,21.26,49.14,604.38
72:a5:12:55:c5:00,2024-01-05T01:50:00Z,2024-01-05T01:55:00Z,20.84,46.63,498.22
72:a5:12:55:c5:00,2024-01-05T01:55:00Z,2024-01-05T02:00:00Z,21.13,47.31,547.75
72:a5:12:55:c5:00,2024-01-05T02:00:00Z,2024-01-05T02:05:00Z,21.48,44.23,1125.95
72:a5:12:55:c5:00,2024-01-05T02:05:00Z,2024-01-05T02:10:00Z,22.44,44.0,957.63
72:a5:12:55:c5:00,2024-01-05T02:10:00Z,2024-01-05T02:15:00Z,21.91,41.82,1004.13
72:a5:12:55:c5:00,2024-01-05T02:15:00Z,2024-01-05T02:20:00Z,21.84,46.22,1063.25
72:a5:12:55:c5:00,2024-01-05T02:20:00Z,2024-01-05T02:25:00Z,22.61,44.59,1057.08
72:a5:12:55:c5:00,2024-01-05T02:25:00Z,2024-01-05T02:30:00Z,23.34,44.79,980.33
72:a5:12:55:c5:00,2024-01-05T02:30:00Z,2024-01-05T02:35:00Z,23.05,42.39,969.0
72:a5:12:55:c5:00,2024-01-05T02:35:00Z,2024-01-05T02:40:00Z,21.56,43.08,986.01
72:a5:12:55:c5:00,2024-01-05T02:40:00Z,2024-01-05T02:45:00Z,21.91,43.65,1086.87
72:a5:12:55:c5:00,2024-01-05T02:45:00Z,2024-01-05T02:50:00Z,23.06,40.93,983.25
72:a5:12:55:c5:00,2024-01-05T02:50:00Z,2024-01-05T02:55:00Z,21.91,40.62,1004.69
72:a5:12:55:c5:00,2024-01-05T02:55:00Z,2024-01-05T03:00:00Z,22.37,42.8,974.39
72:a5:12:55:c5:00,2024-01-05T03:00:00Z,2024-01-05T03:05:00Z,23.87,42.56,1456.55
72:a5:12:55:c5:00,2024-01-05T03:05:00Z,2024-01-05T03:10:00Z,22.95,40.21,1423.55
72:a5:12:55:c5:00,2024-01-05T03:10:00Z,2024-01-05T03:15:00Z,23.6,39.48,1354.01
72:a5:12:55:c5:00,2024-01-05T03:15:00Z,2024-01-05T03:20:00Z,22.74,39.89,1356.08
72:a5:12:55:c5:00,2024-01-05T03:20:00Z,2024-01-05T03:25:00Z,23.17,40.6,1294.3
72:a5:12:55:c5:00,2024-01-05T03:25:00Z,2024-01-05T03:30:00Z,23.73,40.81,1364.33
72:a5:12:55:c5:00,2024-01-05T03:30:00Z,2024-01-05T03:35:00Z,22.58,45.85,1461.85
72:a5:12:55:c5:00,2024-01-05T03:35:00Z,2024-01-05T03:40:00Z,23.8,43.62,1493.64
72:a5:12:55:c5:00,2024-01-05T03:40:00Z,2024-01-05T03:45:00Z,23.52,43.56,1455.35
72:a5:12:55:c5:00,2024-01-05T03:45:00Z,2024-01-05T03:50:00Z,23.87,43.85,1447.49
72:a5:12:55:c5:00,2024-01-05T03:50:00Z,2024-01-05T03:55:00Z,23.67,39.52,1406.62
72:a5:12:55:c5:00,2024-01-05T03:55:00Z,2024-01-05T04:00:00Z,24.35,39.07,1460.71
72:a5:12:55:c5:00,2024-01-05T04:00:00Z,2024-01-05T04:05:00Z,24.41,37.39,1749.23
72:a5:12:55:c5:00,2024-01-05T04:05:00Z,2024-01-05T04:10:00Z,24.07,42.28,1840.32
72:a5:12:55:c5:00,2024-01-05T04:10:00Z,2024-01-05T04:15:00Z,24.4,38.51,1726.14
72:a5:12:55:c5:00,2024-01-05T04:15:00Z,2024-01-05T04:20:00Z,24.66,37.1,1812.63
72:a5:12:55:c5:00,2024-01-05T04:20:00Z,2024-01-05T04:25:00Z,24.36,38.75,1784.5
72:a5:12:55:c5:00,2024-01-05T04:25:00Z,2024-01-05T04:30:00Z,24.35,39.13,1776.18
72:a5:12:55:c5:00,2024-01-05T04:30:00Z,2024-01-05T04:35:00Z,23.91,40.14,1611.36
72:a5:12:55:c5:00,2024-01-05T04:35:00Z,2024-01-05T04:40:00Z,23.93,40.11,1787.8
72:a5:12:55:c5:00,2024-01-05T04:40:00Z,2024-01-05T04:45:00Z,23.49,37.95,1724.4
72:a5:12:55:c5:00,2024-01-05T04:45:00Z,2024-01-05T04:50:00Z,25.38,40.98,1705.42
72:a5:12:55:c5:00,2024-01-05T04:50:00Z,2024-01-05T04:55:00Z,23.58,38.33,1643.08
72:a5:12:55:c5:00,2024-01-05T04:55:00Z,2024-01-05T05:00:00Z,23.91,39.3,1731.72
72:a5:12:55:c5:00,2024-01-05T05:00:00Z,2024-01-05T05:05:00Z,24.4,39.78,1933.86
72:a5:12:55:c5:00,2024-01-05T05:05:00Z,2024-01-05T05:10:00Z,25.37,37.13,1853.67
72:a5:12:55:c5:00,2024-01-05T05:10:00Z,2024-01-05T05:15:00Z,24.65,37.27,1843.45
72:a5:12:55:c5:00,2024-01-05T05:15:00Z,2024-01-05T05:20:00Z,25.58,39.59,1961.05
72:a5:12:55:c5:00,2024-01-05T05:20:00Z,2024-01-05T05:25:00Z,24.43,36.69,1984.15
72:a5:12:55:c5:00,2024-01-05T05:25:00Z,2024-01-05T05:30:00Z,25.0,37.64,1943.27
72:a5:12:55:c5:00,2024-01-05T05:30:00Z,2024-01-05T05:35:00Z,24.33,39.52,2000.9
72:a5:12:55:c5:00,2024-01-05T05:35:00Z,2024-01-05T05:40:00Z,26.12,42.52,1926.67
72:a5:12:55:c5:00,2024-01-05T05:40:00Z,2024-01-05T05:45:00Z,24.12,39.62,1928.59
72:a5:12:55:c5:00,2024-01-05T05:45:00Z,2024-01-05T05:50:00Z,25.02,39.35,1876.83
72:a5:12:55:c5:00,2024-01-05T05:50:00Z,2024-01-05T05:55:00Z,25.21,39.47,1838.24
72:a5:12:55:c5:00,2024-01-05T05:55:00Z,2024-01-05T06:00:00Z,25.08,36.26,2043.13
72:a5:12:55:c5:00,2024-01-05T06:00:00Z,2024-01-05T06:05:00Z,24.89,38.23,2067.88
72:a5:12:55:c5:00,2024-01-05T06:05:00Z,2024-01-05T06:10:00Z,24.92,37.94,1916.45
72:a5:12:55:c5:00,2024-01-05T06:10:00Z,2024-01-05T06:15:00Z,25.03,38.64,2009.35
72:a5:12:55:c5:00,2024-01-05T06:15:00Z,2024-01-05T06:20:00Z,24.91,38.23,1994.0
72:a5:12:55:c5:00,2024-01-05T06:20:00Z,2024-01-05T06:25:00Z,25.58,38.76,1983.56
72:a5:12:55:c5:00,2024-01-05T06:25:00Z,2024-01-05T06:30:00Z,26.33,37.38,1975.46
72:a5:12:55:c5:00,2024-01-05T06:30:00Z,2024-01-05T06:35:00Z,24.67,38.12,2022.88
72:a5:12:55:c5:00,2024-01-05T06:35:00Z,2024-01-05T06:40:00Z,24.18,35.54,2049.09
72:a5:12:55:c5:00,2024-01-05T06:40:00Z,2024-01-05T06:45:00Z,24.95,37.36,2024.14
72:a5:12:55:c5:00,2024-01-05T06:45:00Z,2024-01-05T06:50:00Z,26.55,40.78,1992.77
72:a5:12:55:c5:00,2024-01-05T06:50:00Z,2024-01-05T06:55:00Z,24.52,38.64,1990.57
72:a5:12:55:c5:00,2024-01-05T06:55:00Z,2024-01-05T07:00:00Z,25.98,37.96,2056.21
72:a5:12:55:c5:00,2024-01-05T07:00:00Z,2024-01-05T07:05:00Z,25.84,42.2,1959.66
72:a5:12:55:c5:00,2024-01-05T07:05:00Z,2024-01-05T07:10:00Z,24.5,35.69,1936.21
72:a5:12:55:c5:00,2024-01-05T07:10:00Z,2024-01-05T07:15:00Z,25.17,36.19,1929.7
72:a5:12:55:c5:00,2024-01-05T07:15:00Z,2024-01-05T07:20:00Z,25.81,41.83,1952.57
72:a5:12:55:c5:00,2024-01-05T07:20:00Z,2024-01-05T07:25:00Z,24.6,38.5,1903.75
72:a5:12:55:c5:00,2024-01-05T07:25:00Z,2024-01-05T07:30:00Z,24.71,37.92,1981.14
72:a5:12:55:c5:00,2024-01-05T07:30:00Z,2024-01-05T07:35:00Z,24.48,36.01,1867.3
72:a5:12:55:c5:00,2024-01-05T07:35:00Z,2024-01-05T07:40:00Z,24.22,39.3,1907.16
72:a5:12:55:c5:00,2024-01-05T07:40:00Z,2024-01-05T07:45:00Z,24.44,39.5,1968.52
72:a5:12:55:c5:00,2024-01-05T07:45:00Z,2024-01-05T07:50:00Z,24.1,36.22,1863.88
72:a5:12:55:c5:00,2024-01-05T07:50:00Z,2024-01-05T07:55:00Z,24.85,38.13,1837.47
72:a5:12:55:c5:00,2024-01-05T07:55:00Z,2024-01-05T08:00:00Z,24.37,37.74,1935.64
72:a5:12:55:c5:00,2024-01-05T08:00:00Z,2024-01-05T08:05:00Z,24.47,40.12,1630.26
72:a5:12:55:c5:00,2024-01-05T08:05:00Z,2024-01-05T08:10:00Z,23.4,37.37,1654.12
72:a5:12:55:c5:00,2024-01-05T08:10:00Z,2024-01-05T08:15:00Z,24.53,42.11,1777.45
72:a5:12:55:c5:00,2024-01-05T08:15:00Z,2024-01-05T08:20:00Z,24.83,41.44,1719.76
72:a5:12:55:c5:00,2024-01-05T08:20:00Z,2024-01-05T08:25:00Z,23.13,38.88,1809.18
72:a5:12:55:c5:00,2024-01-05T08:25:00Z,2024-01-05T08:30:00Z,24.55,39.17,1659.76
72:a5:12:55:c5:00,2024-01-05T08:30:00Z,2024-01-05T08:35:00Z,25.07,39.33,1726.41
72:a5:12:55:c5:00,2024-01-05T08:35:00Z,2024-01-05T08:40:00Z,23.6,38.05,1756.03
72:a5:12:55:c5:00,2024-01-05T08:40:00Z,2024-01-05T08:45:00Z,25.33,38.72,1661.82
72:a5:12:55:c5:00,2024-01-05T08:45:00Z,2024-01-05T08:50:00Z,24.58,39.07,1793.96
72:a5:12:55:c5:00,2024-01-05T08:50:00Z,2024-01-05T08:55:00Z,23.91,42.83,1762.69
72:a5:12:55:c5:00,2024-01-05T08:55:00Z,2024-01-05T09:00:00Z,24.3,41.5,1635.49
72:a5:12:55:c5:00,2024-01-05T09:00:00Z,2024-01-05T09:05:00Z,23.87,43.38,1411.95
72:a5:12:55:c5:00,2024-01-05T09:05:00Z,2024-01-05T09:10:00Z,23.58,42.25,1437.37
72:a5:12:55:c5:00,2024-01-05T09:10:00Z,2024-01-05T09:15:00Z,23.86,39.28,1378.81
72:a5:12:55:c5:00,2024-01-05T09:15:00Z,2024-01-05T09:20:00Z,22.98,41.43,1325.42
72:a5:12:55:c5:00,2024-01-05T09:20:00Z,2024-01-05T09:25:00Z,23.64,43.46,1430.92
72:a5:12:55:c5:00,2024-01-05T09:25:00Z,2024-01-05T09:30:00Z,22.69,39.0,1546.89
72:a5:12:55:c5:00,2024-01-05T09:30:00Z,2024-01-05T09:35:00Z,23.47,42.79,1390.99
72:a5:12:55:c5:00,2024-01-05T09:35:00Z,2024-01-05T09:40:00Z,22.99,46.16,1508.37
72:a5:12:55:c5:00,2024-01-05T09:40:00Z,2024-01-05T09:45:00Z,23.09,43.64,1369.08
72:a5:12:55:c5:00,2024-01-05T09:45:00Z,2024-01-05T09:50:00Z,24.28,44.34,1427.15
72:a5:12:55:c5:00,2024-01-05T09:50:00Z,2024-01-05T09:55:00Z,24.19,41.95,1460.5
72:a5:12:55:c5:00,2024-01-05T09:55:00Z,2024-01-05T10:00:00Z,23.9,43.45,1413.71
72:a5:12:55:c5:00,2024-01-05T10:00:00Z,2024-01-05T10:05:00Z,21.84,42.56,982.14
72:a5:12:55:c5:00,2024-01-05T10:05:00Z,2024-01-05T10:10:00Z,22.31,45.59,1043.57
72:a5:12:55:c5:00,2024-01-05T10:10:00Z,2024-01-05T10:15:00Z,23.23,45.31,1113.49
72:a5:12:55:c5:00,2024-01-05T10:15:00Z,2024-01-05T10:20:00Z,22.59,44.58,1018.04
72:a5:12:55:c5:00,2024-01-05T10:20:00Z,2024-01-05T10:25:00Z,23.89,46.63,969.04
72:a5:12:55:c5:00,2024-01-05T10:25:00Z,2024-01-05T10:30:00Z,22.74,42.92,988.61
72:a5:12:55:c5:00,2024-01-05T10:30:00Z,2024-01-05T10:35:00Z,22.62,43.63,1151.18
72:a5:12:55:c5:00,2024-01-05T10:35:00Z,2024-01-05T10:40:00Z,22.31,44.19,1008.09
72:a5:12:55:c5:00,2024-01-05T10:40:00Z,2024-01-05T10:45:00Z,22.58,41.94,964.34
72:a5:12:55:c5:00,2024-01-05T10:45:00Z,2024-01-05T10:50:00Z,22.41,44.45,931.3
72:a5:12:55:c5:00,2024-01-05T10:50:00Z,2024-01-05T10:55:00Z,22.92,40.56,890.45
72:a5:12:55:c5:00,2024-01-05T10:55:00Z,2024-01-05T11:00:00Z,23.07,46.09,1021.82
72:a5:12:55:c5:00,2024-01-05T11:00:00Z,2024-01-05T11:05:00Z,20.82,46.99,556.92
72:a5:12:55:c5:00,2024-01-05T11:05:00Z,2024-01-05T11:10:00Z,20.5,45.85,493.84
72:a5:12:55:c5:00,2024-01-05T11:10:00Z,2024-01-05T11:15:00Z,20.19,45.23,516.74
72:a5:12:55:c5:00,2024-01-05T11:15:00Z,2024-01-05T11:20:00Z,21.6,46.43,447.41
72:a5:12:55:c5:00,2024-01-05T11:20:00Z,2024-01-05T11:25:00Z,20.63,48.27,525.61
72:a5:12:55:c5:00,2024-01-05T11:25:00Z,2024-01-05T11:30:00Z,20.0,47.99,546.53
72:a5:12:55:c5:00,2024-01-05T11:30:00Z,2024-01-05T11:35:00Z,21.53,45.48,485.53
72:a5:12:55:c5:00,2024-01-05T11:35:00Z,2024-01-05T11:40:00Z,22.79,45.2,619.07
72:a5:12:55:c5:00,2024-01-05T11:40:00Z,2024-01-05T11:45:00Z,21.29,48.21,467.41
72:a5:12:55:c5:00,2024-01-05T11:45:00Z,2024-01-05T11:50:00Z,21.8,45.45,534.65
72:a5:12:55:c5:00,2024-01-05T11:50:00Z,2024-01-05T11:55:00Z,21.34,47.01,568.54
72:a5:12:55:c5:00,2024-01-05T11:55:00Z,2024-01-05T12:00:00Z,21.23,47.14,513.0
72:a5:12:55:c5:00,2024-01-05T12:00:00Z,2024-01-05T12:05:00Z,20.55,50.62,-11.31
72:a5:12:55:c5:00,2024-01-05T12:05:00Z,2024-01-05T12:10:00Z,19.83,51.72,-85.73
72:a5:12:55:c5:00,2024-01-05T12:10:00Z,2024-01-05T12:15:00Z,20.16,47.47,81.44
72:a5:12:55:c5:00,2024-01-05T12:15:00Z,2024-01-05T12:20:00Z,20.19,46.18,-10.19
72:a5:12:55:c5:00,2024-01-05T12:20:00Z,2024-01-05T12:25:00Z,19.6,48.87,32.24
72:a5:12:55:c5:00,2024-01-05T12:25:00Z,2024-01-05T12:30:00Z,20.6,53.6,40.36
72:a5:12:55:c5:00,2024-01-05T12:30:00Z,2024-01-05T12:35:00Z,19.9,54.04,-37.7
72:a5:12:55:c5:00,2024-01-05T12:35:00Z,2024-01-05T12:40:00Z,19.55,53.66,-11.85
72:a5:12:55:c5:00,2024-01-05T12:40:00Z,2024-01-05T12:45:00Z,20.32,49.61,80.07
72:a5:12:55:c5:00,2024-01-05T12:45:00Z,2024-01-05T12:50:00Z,19.46,46.44,-67.03
72:a5:12:55:c5:00,2024-01-05T12:50:00Z,2024-01-05T12:55:00Z,20.02,45.31,127.68
72:a5:12:55:c5:00,2024-01-05T12:55:00Z,2024-01-05T13:00:00Z,19.99,48.77,-44.69
72:a5:12:55:c5:00,2024-01-05T13:00:00Z,2024-01-05T13:05:00Z,19.36,52.71,-70.77
72:a5:12:55:c5:00,2024-01-05T13:05:00Z,2024-01-05T13:10:00Z,18.99,55.71,7.94
72:a5:12:55:c5:00,2024-01-05T13:10:00Z,2024-01-05T13:15:00Z,18.69,54.84,132.5
72:a5:12:55:c5:00,2024-01-05T13:15:00Z,2024-01-05T13:20:00Z,19.2,53.56,-114.66
72:a5:12:55:c5:00,2024-01-05T13:20:00Z,2024-01-05T13:25:00Z,19.54,51.33,-8.46
72:a5:12:55:c5:00,2024-01-05T13:25:00Z,2024-01-05T13:30:00Z,19.04,51.18,28.58
72:a5:12:55:c5:00,2024-01-05T13:30:00Z,2024-01-05T13:35:00Z,18.71,53.61,2.02
72:a5:12:55:c5:00,2024-01-05T13:35:00Z,2024-01-05T13:40:00Z,17.92,54.5,22.92
72:a5:12:55:c5:00,2024-01-05T13:40:00Z,2024-01-05T13:45:00Z,18.07,53.89,-43.08
72:a5:12:55:c5:00,2024-01-05T13:45:00Z,2024-01-05T13:50:00Z,18.52,51.04,-35.98
72:a5:12:55:c5:00,2024-01-05T13:50:00Z,2024-01-05T13:55:00Z,18.34,54.41,-8.91
72:a5:12:55:c5:00,2024-01-05T13:55:00Z,2024-01-05T14:00:00Z,18.59,53.96,-67.79
72:a5:12:55:c5:00,2024-01-05T14:00:00Z,2024-01-05T14:05:00Z,17.53,53.86,-2.68
72:a5:12:55:c5:00,2024-01-05T14:05:00Z,2024-01-05T14:10:00Z,17.82,54.43,-23.32
72:a5:12:55:c5:00,2024-01-05T14:10:00Z,2024-01-05T14:15:00Z,17.46,57.38,-28.2
72:a5:12:55:c5:00,2024-01-05T14:15:00Z,2024-01-05T14:20:00Z,17.79,55.53,19.23
72:a5:12:55:c5:00,2024-01-05T14:20:00Z,2024-01-05T14:25:00Z,17.54,59.18,-109.24
72:a5:12:55:c5:00,2024-01-05T14:25:00Z,2024-01-05T14:30:00Z,16.31,57.0,-13.75
72:a5:12:55:c5:00,2024-01-05T14:30:00Z,2024-01-05T14:35:00Z,16.94,55.03,139.04
72:a5:12:55:c5:00,2024-01-05T14:35:00Z,2024-01-05T14:40:00Z,17.41,55.98,-65.17
72:a5:12:55:c5:00,2024-01-05T14:40:00Z,2024-01-05T14:45:00Z,16.77,56.13,77.13
72:a5:12:55:c5:00,2024-01-05T14:45:00Z,2024-01-05T14:50:00Z,17.86,54.54,3.28
72:a5:12:55:c5:00,2024-01-05T14:50:00Z,2024-01-05T14:55:00Z,18.42,54.17,-36.18
72:a5:12:55:c5:00,2024-01-05T14:55:00Z,2024-01-05T15:00:00Z,18.23,57.4,-79.24
72:a5:12:55:c5:00,2024-01-05T15:00:00Z,2024-01-05T15:05:00Z,16.34,60.18,8.38
72:a5:12:55:c5:00,2024-01-05T15:05:00Z,2024-01-05T15:10:00Z,17.36,59.69,87.2
72:a5:12:55:c5:00,2024-01-05T15:10:00Z,2024-01-05T15:15:00Z,16.55,61.52,-23.35
72:a5:12:55:c5:00,2024-01-05T15:15:00Z,2024-01-05T15:20:00Z,16.26,57.4,-4.86
72:a5:12:55:c5:00,2024-01-05T15:20:00Z,2024-01-05T15:25:00Z,16.1,61.83,60.62
72:a5:12:55:c5:00,2024-01-05T15:25:00Z,2024-01-05T15:30:00Z,16.28,56.68,20.45
72:a5:12:55:c5:00,2024-01-05T15:30:00Z,2024-01-05T15:35:00Z,16.23,56.46,-94.34
72:a5:12:55:c5:00,2024-01-05T15:35:00Z,2024-01-05T15:40:00Z,16.57,54.97,5.93
72:a5:12:55:c5:00,2024-01-05T15:40:00Z,2024-01-05T15:45:00Z,16.56,57.59,90.73
72:a5:12:55:c5:00,2024-01-05T15:45:00Z,2024-01-05T15:50:00Z,16.47,57.48,-2.22
72:a5:12:55:c5:00,2024-01-05T15:50:00Z,2024-01-05T15:55:00Z,16.73,59.54,-164.49
72:a5:12:55:c5:00,2024-01-05T15:55:00Z,2024-01-05T16:00:00Z,17.18,58.97,23.29
72:a5:12:55:c5:00,2024-01-05T16:00:00Z,2024-01-05T16:05:00Z,16.24,58.01,-11.91
72:a5:12:55:c5:00,2024-01-05T16:05:00Z,2024-01-05T16:10:00Z,14.78,59.61,-109.75
72:a5:12:55:c5:00,2024-01-05T16:10:00Z,2024-01-05T16:15:00Z,14.14,59.65,-100.75
72:a5:12:55:c5:00,2024-01-05T16:15:00Z,2024-01-05T16:20:00Z,16.23,56.84,58.51
72:a5:12:55:c5:00,2024-01-05T16:20:00Z,2024-01-05T16:25:00Z,14.85,58.43,-43.94
72:a5:12:55:c5:00,2024-01-05T16:25:00Z,2024-01-05T16:30:00Z,15.54,58.85,-54.45
72:a5:12:55:c5:00,2024-01-05T16:30:00Z,2024-01-05T16:35:00Z,14.97,63.26,-2.14
72:a5:12:55:c5:00,2024-01-05T16:35:00Z,2024-01-05T16:40:00Z,14.59,60.78,-38.65
72:a5:12:55:c5:00,2024-01-05T16:40:00Z,2024-01-05T16:45:00Z,15.99,61.72,6.0
72:a5:12:55:c5:00,2024-01-05T16:45:00Z,2024-01-05T16:50:00Z,16.13,57.4,-12.16
72:a5:12:55:c5:00,2024-01-05T16:50:00Z,2024-01-05T16:55:00Z,15.32,62.78,-72.0
72:a5:12:55:c5:00,2024-01-05T16:55:00Z,2024-01-05T17:00:00Z,14.12,62.99,-30.67
72:a5:12:55:c5:00,2024-01-05T17:00:00Z,2024-01-05T17:05:00Z,14.84,57.59,26.57
72:a5:12:55:c5:00,2024-01-05T17:05:00Z,2024-01-05T17:10:00Z,15.41,60.18,2.52
72:a5:12:55:c5:00,2024-01-05T17:10:00Z,2024-01-05T17:15:00Z,14.28,62.58,-4.92
72:a5:12:55:c5:00,2024-01-05T17:15:00Z,2024-01-05T17:20:00Z,15.28,62.88,116.24
72:a5:12:55:c5:00,2024-01-05T17:20:00Z,2024-01-05T17:25:00Z,15.16,60.23,43.86
72:a5:12:55:c5:00,2024-01-05T17:25:00Z,2024-01-05T17:30:00Z,15.52,60.98,51.15
72:a5:12:55:c5:00,2024-01-05T17:30:00Z,2024-01-05T17:35:00Z,15.24,60.4,-9.96
72:a5:12:55:c5:00,2024-01-05T17:35:00Z,2024-01-05T17:40:00Z,14.59,61.81,13.21
72:a5:12:55:c5:00,2024-01-05T17:40:00Z,2024-01-05T17:45:00Z,15.89,63.99,-25.87
72:a5:12:55:c5:00,2024-01-05T17:45:00Z,2024-01-05T17:50:00Z,15.08,60.05,46.65
72:a5:12:55:c5:00,2024-01-05T17:50:00Z,2024-01-05T17:55:00Z,15.15,63.59,-6.62
72:a5:12:55:c5:00,2024-01-05T17:55:00Z,2024-01-05T18:00:00Z,14.61,60.03,13.34
72:a5:12:55:c5:00,2024-01-05T18:00:00Z,2024-01-05T18:05:00Z,14.73,60.3,9.64
72:a5:12:55:c5:00,2024-01-05T18:05:00Z,2024-01-05T18:10:00Z,14.47,63.64,-1.09
72:a5:12:55:c5:00,2024-01-05T18:10:00Z,2024-01-05T18:15:00Z,14.9,63.84,176.29
72:a5:12:55:c5:00,2024-01-05T18:15:00Z,2024-01-05T18:20:00Z,16.03,63.7,-40.0
72:a5:12:55:c5:00,2024-01-05T18:20:00Z,2024-01-05T18:25:00Z,14.18,59.37,-40.54
72:a5:12:55:c5:00,2024-01-05T18:25:00Z,2024-01-05T18:30:00Z,14.03,61.07,41.65
72:a5:12:55:c5:00,2024-01-05T18:30:00Z,2024-01-05T18:35:00Z,15.88,63.65,-35.71
72:a5:12:55:c5:00,2024-01-05T18:35:00Z,2024-01-05T18:40:00Z,14.87,62.08,-17.48
72:a5:12:55:c5:00,2024-01-05T18:40:00Z,2024-01-05T18:45:00Z,14.6,59.85,-65.18
72:a5:12:55:c5:00,2024-01-05T18:45:00Z,2024-01-05T18:50:00Z,15.62,62.92,29.49
72:a5:12:55:c5:00,2024-01-05T18:50:00Z,2024-01-05T18:55:00Z,14.64,60.57,30.26
72:a5:12:55:c5:00,2024-01-05T18:55:00Z,2024-01-05T19:00:00Z,16.1,65.59,-18.91
72:a5:12:55:c5:00,2024-01-05T19:00:00Z,2024-01-05T19:05:00Z,15.58,64.68,42.89
72:a5:12:55:c5:00,2024-01-05T19:05:00Z,2024-01-05T19:10:00Z,14.88,62.8,-111.49
72:a5:12:55:c5:00,2024-01-05T19:10:00Z,2024-01-05T19:15:00Z,16.46,64.31,-42.41
72:a5:12:55:c5:00,2024-01-05T19:15:00Z,2024-01-05T19:20:00Z,14.81,61.72,-10.2
72:a5:12:55:c5:00,2024-01-05T19:20:00Z,2024-01-05T19:25:00Z,15.62,63.12,-70.34
72:a5:12:55:c5:00,2024-01-05T19:25:00Z,2024-01-05T19:30:00Z,15.35,64.55,-104.92
72:a5:12:55:c5:00,2024-01-05T19:30:00Z,2024-01-05T19:35:00Z,15.95,62.08,-18.47
72:a5:12:55:c5:00,2024-01-05T19:35:00Z,2024-01-05T19:40:00Z,16.11,61.08,41.64
72:a5:12:55:c5:00,2024-01-05T19:40:00Z,2024-01-05T19:45:00Z,15.19,58.18,76.93
72:a5:12:55:c5:00,2024-01-05T19:45:00Z,2024-01-05T19:50:00Z,14.72,61.42,-32.84
72:a5:12:55:c5:00,2024-01-05T19:50:00Z,2024-01-05T19:55:00Z,15.45,63.24,43.99
72:a5:12:55:c5:00,2024-01-05T19:55:00Z,2024-01-05T20:00:00Z,14.76,63.48,38.19
72:a5:12:55:c5:00,2024-01-05T20:00:00Z,2024-01-05T20:05:00Z,16.88,61.4,73.12
72:a5:12:55:c5:00,2024-01-05T20:05:00Z,2024-01-05T20:10:00Z,15.75,59.31,-21.01
72:a5:12:55:c5:00,2024-01-05T20:10:00Z,2024-01-05T20:15:00Z,15.45,56.44,-107.91
72:a5:12:55:c5:00,2024-01-05T20:15:00Z,2024-01-05T20:20:00Z,15.78,59.4,4.21
72:a5:12:55:c5:00,2024-01-05T20:20:00Z,2024-01-05T20:25:00Z,14.86,59.78,-60.83
72:a5:12:55:c5:00,2024-01-05T20:25:00Z,2024-01-05T20:30:00Z,15.09,59.77,-43.41
72:a5:12:55:c5:00,2024-01-05T20:30:00Z,2024-01-05T20:35:00Z,16.39,61.63,-18.07
72:a5:12:55:c5:00,2024-01-05T20:35:00Z,2024-01-05T20:40:00Z,15.28,64.36,-20.34
72:a5:12:55:c5:00,2024-01-05T20:40:00Z,2024-01-05T20:45:00Z,15.04,60.64,8.49
72:a5:12:55:c5:00,2024-01-05T20:45:00Z,2024-01-05T20:50:00Z,15.99,59.96,42.19
72:a5:12:55:c5:00,2024-01-05T20:50:00Z,2024-01-05T20:55:00Z,16.38,59.87,-22.06
72:a5:12:55:c5:00,2024-01-05T20:55:00Z,2024-01-05T21:00:00Z,16.1,60.64,23.74
72:a5:12:55:c5:00,2024-01-05T21:00:00Z,2024-01-05T21:05:00Z,17.06,56.83,0.89
72:a5:12:55:c5:00,2024-01-05T21:05:00Z,2024-01-05T21:10:00Z,16.01,58.73,56.13
72:a5:12:55:c5:00,2024-01-05T21:10:00Z,2024-01-05T21:15:00Z,15.61,59.39,-11.32
72:a5:12:55:c5:00,2024-01-05T21:15:00Z,2024-01-05T21:20:00Z,17.37,58.9,-4.74
72:a5:12:55:c5:00,2024-01-05T21:20:00Z,2024-01-05T21:25:00Z,16.27,59.4,-22.46
72:a5:12:55:c5:00,2024-01-05T21:25:00Z,2024-01-05T21:30:00Z,16.31,59.35,-9.73
72:a5:12:55:c5:00,2024-01-05T21:30:00Z,2024-01-05T21:35:00Z,17.26,54.94,-47.01
72:a5:12:55:c5:00,2024-01-05T21:35:00Z,2024-01-05T21:40:00Z,16.8,59.76,-52.96
72:a5:12:55:c5:00,2024-01-05T21:40:00Z,2024-01-05T21:45:00Z,16.74,57.14,46.55
72:a5:12:55:c5:00,2024-01-05T21:45:00Z,2024-01-05T21:50:00Z,17.76,56.29,-64.99
72:a5:12:55:c5:00,2024-01-05T21:50:00Z,2024-01-05T21:55:00Z,16.08,56.28,-19.15
72:a5:12:55:c5:00,2024-01-05T21:55:00Z,2024-01-05T22:00:00Z,17.02,59.35,60.92
72:a5:12:55:c5:00,2024-01-05T22:00:00Z,2024-01-05T22:05:00Z,17.53,55.55,-21.16
72:a5:12:55:c5:00,2024-01-05T22:05:00Z,2024-01-05T22:10:00Z,17.66,52.64,49.72
72:a5:12:55:c5:00,2024-01-05T22:10:00Z,2024-01-05T22:15:00Z,18.42,56.96,-35.46
72:a5:12:55:c5:00,2024-01-05T22:15:00Z,2024-01-05T22:20:00Z,17.8,53.12,-63.07
72:a5:12:55:c5:00,2024-01-05T22:20:00Z,2024-01-05T22:25:00Z,17.82,56.28,-95.69
72:a5:12:55:c5:00,2024-01-05T22:25:00Z,2024-01-05T22:30:00Z,18.14,56.48,78.76
72:a5:12:55:c5:00,2024-01-05T22:30:00Z,2024-01-05T22:35:00Z,17.28,57.77,-68.21
72:a5:12:55:c5:00,2024-01-05T22:35:00Z,2024-01-05T22:40:00Z,17.0,59.56,44.83
72:a5:12:55:c5:00,2024-01-05T22:40:00Z,2024-01-05T22:45:00Z,16.87,53.27,-60.0
72:a5:12:55:c5:00,2024-01-05T22:45:00Z,2024-01-05T22:50:00Z,16.32,55.9,79.04
72:a5:12:55:c5:00,2024-01-05T22:50:00Z,2024-01-05T22:55:00Z,18.73,55.45,132.41
72:a5:12:55:c5:00,2024-01-05T22:55:00Z,2024-01-05T23:00:00Z,16.84,56.87,-101.19
72:a5:12:55:c5:00,2024-01-05T23:00:00Z,2024-01-05T23:05:00Z,18.57,53.54,-65.09
72:a5:12:55:c5:00,2024-01-05T23:05:00Z,2024-01-05T23:10:00Z,18.54,52.4,46.39
72:a5:12:55:c5:00,2024-01-05T23:10:00Z,2024-01-05T23:15:00Z,18.89,52.22,30.78
72:a5:12:55:c5:00,2024-01-05T23:15:00Z,2024-01-05T23:20:00Z,19.2,50.87,46.62
72:a5:12:55:c5:00,2024-01-05T23:20:00Z,2024-01-05T23:25:00Z,19.22,55.08,-34.43
72:a5:12:55:c5:00,2024-01-05T23:25:00Z,2024-01-05T23:30:00Z,18.36,54.02,119.25
72:a5:12:55:c5:00,2024-01-05T23:30:00Z,2024-01-05T23:35:00Z,18.61,54.94,7.08
72:a5:12:55:c5:00,2024-01-05T23:35:00Z,2024-01-05T23:40:00Z,18.88,52.49,-73.02
72:a5:12:55:c5:00,2024-01-05T23:40:00Z,2024-01-05T23:45:00Z,18.56,51.79,-15.19
72:a5:12:55:c5:00,2024-01-05T23:45:00Z,2024-01-05T23:50:00Z,19.67,50.95,-72.21
72:a5:12:55:c5:00,2024-01-05T23:50:00Z,2024-01-05T23:55:00Z,19.0,53.82,95.46
72:a5:12:55:c5:00,2024-01-05T23:55:00Z,2024-01-06T00:00:00Z,19.15,51.03,-39.62
72:a5:12:55:c5:00,2024-01-06T00:00:00Z,2024-01-06T00:05:00Z,20.4,53.7,29.55
72:a5:12:55:c5:00,2024-01-06T00:05:00Z,2024-01-06T00:10:00Z,20.7,47.38,-28.24
72:a5:12:55:c5:00,2024-01-06T00:10:00Z,2024-01-06T00:15:00Z,20.11,50.55,-36.92
72:a5:12:55:c5:00,2024-01-06T00:15:00Z,2024-01-06T00:20:00Z,19.22,53.13,-114.62
72:a5:12:55:c5:00,2024-01-06T00:20:00Z,2024-01-06T00:25:00Z,20.24,51.2,35.89
72:a5:12:55:c5:00,2024-01-06T00:25:00Z,2024-01-06T00:30:00Z,19.61,50.35,77.95
72:a5:12:55:c5:00,2024-01-06T00:30:00Z,2024-01-06T00:35:00Z,19.68,48.06,-54.96
72:a5:12:55:c5:00,2024-01-06T00:35:00Z,2024-01-06T00:40:00Z,20.35,47.24,-92.71
72:a5:12:55:c5:00,2024-01-06T00:40:00Z,2024-01-06T00:45:00Z,20.74,51.54,48.2
72:a5:12:55:c5:00,2024-01-06T00:45:00Z,2024-01-06T00:50:00Z,20.01,53.01,-98.77
72:a5:12:55:c5:00,2024-01-06T00:50:00Z,2024-01-06T00:55:00Z,20.19,49.12,73.17
72:a5:12:55:c5:00,2024-01-06T00:55:00Z,2024-01-06T01:00:00Z,21.02,47.72,-54.26
72:a5:12:55:c5:00,2024-01-06T01:00:00Z,2024-01-06T01:05:00Z,21.44,41.98,451.44
72:a5:12:55:c5:00,2024-01-06T01:05:00Z,2024-01-06T01:10:00Z,22.86,44.93,532.55
72:a5:12:55:c5:00,2024-01-06T01:10:00Z,2024-01-06T01:15:00Z,21.63,46.67,455.35
72:a5:12:55:c5:00,2024-01-06T01:15:00Z,2024-01-06T01:20:00Z,20.24,50.09,475.21
72:a5:12:55:c5:00,2024-01-06T01:20:00Z,2024-01-06T01:25:00Z,21.75,48.24,538.88
72:a5:12:55:c5:00,2024-01-06T01:25:00Z,2024-01-06T01:30:00Z,21.52,47.5,371.89
72:a5:12:55:c5:00,2024-01-06T01:30:00Z,2024-01-06T01:35:00Z,22.07,46.09,616.18
72:a5:12:55:c5:00,2024-01-06T01:35:00Z,2024-01-06T01:40:00Z,21.7,45.73,520.26
72:a5:12:55:c5:00,2024-01-06T01:40:00Z,2024-01-06T01:45:00Z,21.21,49.71,440.06
72:a5:12:55:c5:00,2024-01-06T01:45:00Z,2024-01-06T01:50:00Z,20.56,47.3,456.6
72:a5:12:55:c5:00,2024-01-06T01:50:00Z,2024-01-06T01:55:00Z,21.17,42.69,577.14
72:a5:12:55:c5:00,2024-01-06T01:55:00Z,2024-01-06T02:00:00Z,20.78,45.55,553.7
72:a5:12:55:c5:00,2024-01-06T02:00:00Z,2024-01-06T02:05:00Z,22.15,42.28,1083.21
72:a5:12:55:c5:00,2024-01-06T02:05:00Z,2024-01-06T02:10:00Z,22.85,42.91,959.04
72:a5:12:55:c5:00,2024-01-06T02:10:00Z,2024-01-06T02:15:00Z,23.5,45.13,1017.8
72:a5:12:55:c5:00,2024-01-06T02:15:00Z,2024-01-06T02:20:00Z,22.74,43.79,1025.59
72:a5:12:55:c5:00,2024-01-06T02:20:00Z,2024-01-06T02:25:00Z,21.78,43.85,1041.72
72:a5:12:55:c5:00,2024-01-06T02:25:00Z,2024-01-06T02:30:00Z,22.77,46.63,1067.64
72:a5:12:55:c5:00,2024-01-06T02:30:00Z,2024-01-06T02:35:00Z,23.22,42.61,956.96
72:a5:12:55:c5:00,2024-01-06T02:35:00Z,2024-01-06T02:40:00Z,22.13,47.73,993.15
72:a5:12:55:c5:00,2024-01-06T02:40:00Z,2024-01-06T02:45:00Z,22.42,42.66,963.39
72:a5:12:55:c5:00,2024-01-06T02:45:00Z,2024-01-06T02:50:00Z,22.51,44.18,996.84
72:a5:12:55:c5:00,2024-01-06T02:50:00Z,2024-01-06T02:55:00Z,22.03,43.44,1041.91
72:a5:12:55:c5:00,2024-01-06T02:55:00Z,2024-01-06T03:00:00Z,22.89,44.25,900.76
72:a5:12:55:c5:00,2024-01-06T03:00:00Z,2024-01-06T03:05:00Z,23.46,42.4,1480.78
72:a5:12:55:c5:00,2024-01-06T03:05:00Z,2024-01-06T03:10:00Z,23.79,42.38,1345.86
72:a5:12:55:c5:00,2024-01-06T03:10:00Z,2024-01-06T03:15:00Z,23.0,40.01,1395.77
72:a5:12:55:c5:00,2024-01-06T03:15:00Z,2024-01-06T03:20:00Z,23.27,39.27,1488.85
72:a5:12:55:c5:00,2024-01-06T03:20:00Z,2024-01-06T03:25:00Z,23.97,46.52,1433.89
72:a5:12:55:c5:00,2024-01-06T03:25:00Z,2024-01-06T03:30:00Z,23.31,40.55,1434.59
72:a5:12:55:c5:00,2024-01-06T03:30:00Z,2024-01-06T03:35:00Z,24.57,42.91,1343.38
72:a5:12:55:c5:00,2024-01-06T03:35:00Z,2024-01-06T03:40:00Z,23.3,38.3,1351.57
72:a5:12:55:c5:00,2024-01-06T03:40:00Z,2024-01-06T03:45:00Z,23.67,40.96,1470.69
72:a5:12:55:c5:00,2024-01-06T03:45:00Z,2024-01-06T03:50:00Z,24.1,41.26,1378.86
72:a5:12:55:c5:00,2024-01-06T03:50:00Z,2024-01-06T03:55:00Z,22.68,42.46,1384.52
72:a5:12:55:c5:00,2024-01-06T03:55:00Z,2024-01-06T04:00:00Z,22.48,36.07,1472.05
72:a5:12:55:c5:00,2024-01-06T04:00:00Z,2024-01-06T04:05:00Z,23.41,39.94,1669.06
72:a5:12:55:c5:00,2024-01-06T04:05:00Z,2024-01-06T04:10:00Z,25.09,37.31,1748.2
72:a5:12:55:c5:00,2024-01-06T04:10:00Z,2024-01-06T04:15:00Z,24.0,40.26,1734.63
72:a5:12:55:c5:00,2024-01-06T04:15:00Z,2024-01-06T04:20:00Z,25.87,37.54,1731.89
72:a5:12:55:c5:00,2024-01-06T04:20:00Z,2024-01-06T04:25:00Z,23.99,37.9,1700.94
72:a5:12:55:c5:00,2024-01-06T04:25:00Z,2024-01-06T04:30:00Z,24.44,39.06,1697.26
72:a5:12:55:c5:00,2024-01-06T04:30:00Z,2024-01-06T04:35:00Z,25.26,37.5,1667.35
72:a5:12:55:c5:00,2024-01-06T04:35:00Z,2024-01-06T04:40:00Z,25.53,38.66,1761.01
72:a5:12:55:c5:00,2024-01-06T04:40:00Z,2024-01-06T04:45:00Z,25.57,37.22,1691.96
72:a5:12:55:c5:00,2024-01-06T04:45:00Z,2024-01-06T04:50:00Z,25.06,35.94,1790.18
72:a5:12:55:c5:00,2024-01-06T04:50:00Z,2024-01-06T04:55:00Z,24.94,41.64,1718.58
72:a5:12:55:c5:00,2024-01-06T04:55:00Z,2024-01-06T05:00:00Z,24.69,37.02,1668.54
72:a5:12:55:c5:00,2024-01-06T05:00:00Z,2024-01-06T05:05:00Z,25.3,38.05,1917.58
72:a5:12:55:c5:00,2024-01-06T05:05:00Z,2024-01-06T05:10:00Z,24.5,39.91,1907.2
72:a5:12:55:c5:00,2024-01-06T05:10:00Z,2024-01-06T05:15:00Z,24.34,37.18,1992.4
72:a5:12:55:c5:00,2024-01-06T05:15:00Z,2024-01-06T05:20:00Z,24.83,36.76,1909.71
72:a5:12:55:c5:00,2024-01-06T05:20:00Z,2024-01-06T05:25:00Z,24.73,38.86,1915.28
72:a5:12:55:c5:00,2024-01-06T05:25:00Z,2024-01-06T05:30:00Z,24.56,40.64,2016.54
72:a5:12:55:c5:00,2024-01-06T05:30:00Z,2024-01-06T05:35:00Z,25.25,36.07,1962.35
72:a5:12:55:c5:00,2024-01-06T05:35:00Z,2024-01-06T05:40:00Z,25.4,38.11,2031.61
72:a5:12:55:c5:00,2024-01-06T05:40:00Z,2024-01-06T05:45:00Z,24.88,34.94,2007.39
72:a5:12:55:c5:00,2024-01-06T05:45:00Z,2024-01-06T05:50:00Z,25.72,37.62,1878.62
72:a5:12:55:c5:00,2024-01-06T05:50:00Z,2024-01-06T05:55:00Z,24.14,38.48,1991.25
72:a5:12:55:c5:00,2024-01-06T05:55:00Z,2024-01-06T06:00:00Z,24.71,36.7,2023.37
72:a5:12:55:c5:00,2024-01-06T06:00:00Z,2024-01-06T06:05:00Z,24.57,37.09,2091.97
72:a5:12:55:c5:00,2024-01-06T06:05:00Z,2024-01-06T06:10:00Z,23.88,35.18,2059.29
72:a5:12:55:c5:00,2024-01-06T06:10:00Z,2024-01-06T06:15:00Z,24.95,38.15,2058.05
72:a5:12:55:c5:00,2024-01-06T06:15:00Z,2024-01-06T06:20:00Z,24.93,40.11,1981.84
72:a5:12:55:c5:00,2024-01-06T06:20:00Z,2024-01-06T06:25:00Z,25.91,35.81,1949.76
72:a5:12:55:c5:00,2024-01-06T06:25:00Z,2024-01-06T06:30:00Z,25.38,36.75,1978.87
72:a5:12:55:c5:00,2024-01-06T06:30:00Z,2024-01-06T06:35:00Z,24.39,39.01,1900.11
72:a5:12:55:c5:00,2024-01-06T06:35:00Z,2024-01-06T06:40:00Z,26.11,40.42,2080.57
72:a5:12:55:c5:00,2024-01-06T06:40:00Z,2024-01-06T06:45:00Z,25.73,35.01,1983.0
72:a5:12:55:c5:00,2024-01-06T06:45:00Z,2024-01-06T06:50:00Z,25.35,37.66,2077.48
72:a5:12:55:c5:00,2024-01-06T06:50:00Z,2024-01-06T06:55:00Z,24.86,38.57,1926.11
72:a5:12:55:c5:00,2024-01-06T06:55:00Z,2024-01-06T07:00:00Z,24.42,37.8,2064.96
72:a5:12:55:c5:00,2024-01-06T07:00:00Z,2024-01-06T07:05:00Z,24.61,33.46,1902.16
72:a5:12:55:c5:00,2024-01-06T07:05:00Z,2024-01-06T07:10:00Z,25.48,39.41,1854.79
72:a5:12:55:c5:00,2024-01-06T07:10:00Z,2024-01-06T07:15:00Z,25.96,41.45,2029.48
72:a5:12:55:c5:00,2024-01-06T07:15:00Z,2024-01-06T07:20:00Z,25.76,38.64,1998.29
72:a5:12:55:c5:00,2024-01-06T07:20:00Z,2024-01-06T07:25:00Z,24.54,36.35,1944.56
72:a5:12:55:c5:00,2024-01-06T07:25:00Z,2024-01-06T07:30:00Z,24.16,37.38,1933.89
72:a5:12:55:c5:00,2024-01-06T07:30:00Z,2024-01-06T07:35:00Z,24.91,41.95,1958.22
72:a5:12:55:c5:00,2024-01-06T07:35:00Z,2024-01-06T07:40:00Z,23.77,40.23,1943.53
72:a5:12:55:c5:00,2024-01-06T07:40:00Z,2024-01-06T07:45:00Z,25.02,39.69,1884.32
72:a5:12:55:c5:00,2024-01-06T07:45:00Z,2024-01-06T07:50:00Z,24.74,39.12,1907.13
72:a5:12:55:c5:00,2024-01-06T07:50:00Z,2024-01-06T07:55:00Z,24.55,37.09,2049.49
72:a5:12:55:c5:00,2024-01-06T07:55:00Z,2024-01-06T08:00:00Z,23.87,38.01,2092.18
72:a5:12:55:c5:00,2024-01-06T08:00:00Z,2024-01-06T08:05:00Z,24.64,39.45,1825.81
72:a5:12:55:c5:00,2024-01-06T08:05:00Z,2024-01-06T08:10:00Z,24.01,40.71,1760.74
72:a5:12:55:c5:00,2024-01-06T08:10:00Z,2024-01-06T08:15:00Z,23.63,42.63,1711.79
72:a5:12:55:c5:00,2024-01-06T08:15:00Z,2024-01-06T08:20:00Z,22.61,41.84,1684.16
72:a5:12:55:c5:00,2024-01-06T08:20:00Z,2024-01-06T08:25:00Z,24.31,36.77,1688.11
72:a5:12:55:c5:00,2024-01-06T08:25:00Z,2024-01-06T08:30:00Z,25.39,40.06,1698.85
72:a5:12:55:c5:00,2024-01-06T08:30:00Z,2024-01-06T08:35:00Z,25.33,41.08,1861.12
72:a5:12:55:c5:00,2024-01-06T08:35:00Z,2024-01-06T08:40:00Z,24.06,40.85,1840.43
72:a5:12:55:c5:00,2024-01-06T08:40:00Z,2024-01-06T08:45:00Z,23.97,38.35,1776.83
72:a5:12:55:c5:00,2024-01-06T08:45:00Z,2024-01-06T08:50:00Z,24.61,45.44,1674.41
72:a5:12:55:c5:00,2024-01-06T08:50:00Z,2024-01-06T08:55:00Z,23.73,37.05,1785.63
72:a5:12:55:c5:00,2024-01-06T08:55:00Z,2024-01-06T09:00:00Z,24.51,37.44,1717.73
72:a5:12:55:c5:00,2024-01-06T09:00:00Z,2024-01-06T09:05:00Z,24.0,41.98,1285.03
72:a5:12:55:c5:00,2024-01-06T09:05:00Z,2024-01-06T09:10:00Z,24.27,45.75,1431.44
72:a5:12:55:c5:00,2024-01-06T09:10:00Z,2024-01-06T09:15:00Z,23.48,39.84,1363.7
72:a5:12:55:c5:00,2024-01-06T09:15:00Z,2024-01-06T09:20:00Z,23.41,40.98,1365.73
72:a5:12:55:c5:00,2024-01-06T09:20:00Z,2024-01-06T09:25:00Z,23.01,43.67,1399.19
72:a5:12:55:c5:00,2024-01-06T09:25:00Z,2024-01-06T09:30:00Z,23.04,41.48,1384.31
72:a5:12:55:c5:00,2024-01-06T09:30:00Z,2024-01-06T09:35:00Z,23.4,40.85,1412.16
72:a5:12:55:c5:00,2024-01-06T09:35:00Z,2024-01-06T09:40:00Z,23.76,42.65,1409.27
72:a5:12:55:c5:00,2024-01-06T09:40:00Z,2024-01-06T09:45:00Z,24.08,42.06,1301.67
72:a5:12:55:c5:00,2024-01-06T09:45:00Z,2024-01-06T09:50:00Z,23.05,43.58,1505.43
72:a5:12:55:c5:00,2024-01-06T09:50:00Z,2024-01-06T09:55:00Z,24.43,44.1,1355.21
72:a5:12:55:c5:00,2024-01-06T09:55:00Z,2024-01-06T10:00:00Z,23.37,42.13,1357.07
72:a5:12:55:c5:00,2024-01-06T10:00:00Z,2024-01-06T10:05:00Z,22.49,44.58,980.29
72:a5:12:55:c5:00,2024-01-06T10:05:00Z,2024-01-06T10:10:00Z,22.05,44.43,993.5
72:a5:12:55:c5:00,2024-01-06T10:10:00Z,2024-01-06T10:15:00Z,21.05,44.98,1087.54
72:a5:12:55:c5:00,2024-01-06T10:15:00Z,2024-01-06T10:20:00Z,23.03,44.11,1016.17
72:a5:12:55:c5:00,2024-01-06T10:20:00Z,2024-01-06T10:25:00Z,22.94,44.0,1033.99
72:a5:12:55:c5:00,2024-01-06T10:25:00Z,2024-01-06T10:30:00Z,22.33,46.39,1016.47
72:a5:12:55:c5:00,2024-01-06T10:30:00Z,2024-01-06T10:35:00Z,22.54,47.03,1013.89
72:a5:12:55:c5:00,2024-01-06T10:35:00Z,2024-01-06T10:40:00Z,22.81,40.98,1018.58
72:a5:12:55:c5:00,2024-01-06T10:40:00Z,2024-01-06T10:45:00Z,21.56,44.02,884.04
72:a5:12:55:c5:00,2024-01-06T10:45:00Z,2024-01-06T10:50:00Z,22.18,42.62,985.0
72:a5:12:55:c5:00,2024-01-06T10:50:00Z,2024-01-06T10:55:00Z,22.98,43.38,1069.74
72:a5:12:55:c5:00,2024-01-06T10:55:00Z,2024-01-06T11:00:00Z,21.75,44.81,1236.54
72:a5:12:55:c5:00,2024-01-06T11:00:00Z,2024-01-06T11:05:00Z,21.47,48.23,445.38
72:a5:12:55:c5:00,2024-01-06T11:05:00Z,2024-01-06T11:10:00Z,20.48,46.67,543.02
72:a5:12:55:c5:00,2024-01-06T11:10:00Z,2024-01-06T11:15:00Z,21.57,43.07,483.38
72:a5:12:55:c5:00,2024-01-06T11:15:00Z,2024-01-06T11:20:00Z,21.27,44.96,640.5
72:a5:12:55:c5:00,2024-01-06T11:20:00Z,2024-01-06T11:25:00Z,20.33,48.69,436.41
72:a5:12:55:c5:00,2024-01-06T11:25:00Z,2024-01-06T11:30:00Z,21.99,41.41,555.13
72:a5:12:55:c5:00,2024-01-06T11:30:00Z,2024-01-06T11:35:00Z,20.85,49.27,433.21
72:a5:12:55:c5:00,2024-01-06T11:35:00Z,2024-01-06T11:40:00Z,20.81,47.94,498.52
72:a5:12:55:c5:00,2024-01-06T11:40:00Z,2024-01-06T11:45:00Z,21.41,49.53,515.58
72:a5:12:55:c5:00,2024-01-06T11:45:00Z,2024-01-06T11:50:00Z,21.98,46.5,581.82
72:a5:12:55:c5:00,2024-01-06T11:50:00Z,2024-01-06T11:55:00Z,20.68,42.77,453.01
72:a5:12:55:c5:00,2024-01-06T11:55:00Z,2024-01-06T12:00:00Z,21.33,47.75,557.44
72:a5:12:55:c5:00,2024-01-06T12:00:00Z,2024-01-06T12:05:00Z,20.26,52.55,1.13
72:a5:12:55:c5:00,2024-01-06T12:05:00Z,2024-01-06T12:10:00Z,20.42,51.85,16.37
72:a5:12:55:c5:00,2024-01-06T12:10:00Z,2024-01-06T12:15:00Z,20.11,48.67,57.5
72:a5:12:55:c5:00,2024-01-06T12:15:00Z,2024-01-06T12:20:00Z,19.78,50.17,-76.95
72:a5:12:55:c5:00,2024-01-06T12:20:00Z,2024-01-06T12:25:00Z,19.5,48.93,48.64
72:a5:12:55:c5:00,2024-01-06T12:25:00Z,2024-01-06T12:30:00Z,20.05,48.36,-34.13
72:a5:12:55:c5:00,2024-01-06T12:30:00Z,2024-01-06T12:35:00Z,19.36,51.91,65.75
72:a5:12:55:c5:00,2024-01-06T12:35:00Z,2024-01-06T12:40:00Z,18.25,47.6,20.07
72:a5:12:55:c5:00,2024-01-06T12:40:00Z,2024-01-06T12:45:00Z,20.26,48.21,-12.57
72:a5:12:55:c5:00,2024-01-06T12:45:00Z,2024-01-06T12:50:00Z,20.54,47.79,-35.4
72:a5:12:55:c5:00,2024-01-06T12:50:00Z,2024-01-06T12:55:00Z,18.58,47.02,49.4
72:a5:12:55:c5:00,2024-01-06T12:55:00Z,2024-01-06T13:00:00Z,19.39,50.29,75.66
72:a5:12:55:c5:00,2024-01-06T13:00:00Z,2024-01-06T13:05:00Z,19.08,55.43,-31.97
72:a5:12:55:c5:00,2024-01-06T13:05:00Z,2024-01-06T13:10:00Z,19.94,52.74,-67.98
72:a5:12:55:c5:00,2024-01-06T13:10:00Z,2024-01-06T13:15:00Z,18.72,50.09,41.65
72:a5:12:55:c5:00,2024-01-06T13:15:00Z,2024-01-06T13:20:00Z,18.27,54.79,-86.91
72:a5:12:55:c5:00,2024-01-06T13:20:00Z,2024-01-06T13:25:00Z,18.6,56.48,-78.33
72:a5:12:55:c5:00,2024-01-06T13:25:00Z,2024-01-06T13:30:00Z,19.53,51.81,-63.76
72:a5:12:55:c5:00,2024-01-06T13:30:00Z,2024-01-06T13:35:00Z,18.32,52.15,-24.93
72:a5:12:55:c5:00,2024-01-06T13:35:00Z,2024-01-06T13:40:00Z,18.23,54.14,-80.18
72:a5:12:55:c5:00,2024-01-06T13:40:00Z,2024-01-06T13:45:00Z,18.42,56.35,-116.33
72:a5:12:55:c5:00,2024-01-06T13:45:00Z,2024-01-06T13:50:00Z,18.13,52.07,-68.13
72:a5:12:55:c5:00,2024-01-06T13:50:00Z,2024-01-06T13:55:00Z,18.78,50.44,38.55
72:a5:12:55:c5:00,2024-01-06T13:55:00Z,2024-01-06T14:00:00Z,19.68,54.37,-76.29
72:a5:12:55:c5:00,2024-01-06T14:00:00Z,2024-01-06T14:05:00Z,17.69,57.6,-20.42
72:a5:12:55:c5:00,2024-01-06T14:05:00Z,2024-01-06T14:10:00Z,17.35,56.01,116.8
72:a5:12:55:c5:00,2024-01-06T14:10:00Z,2024-01-06T14:15:00Z,17.32,54.88,-2.95
72:a5:12:55:c5:00,2024-01-06T14:15:00Z,2024-01-06T14:20:00Z,16.56,57.99,20.55
72:a5:12:55:c5:00,2024-01-06T14:20:00Z,2024-01-06T14:25:00Z,18.03,57.06,-56.76
72:a5:12:55:c5:00,2024-01-06T14:25:00Z,2024-01-06T14:30:00Z,17.45,54.46,129.81
72:a5:12:55:c5:00,2024-01-06T14:30:00Z,2024-01-06T14:35:00Z,17.39,56.1,-32.48
72:a5:12:55:c5:00,2024-01-06T14:35:00Z,2024-01-06T14:40:00Z,19.42,53.3,-13.69
72:a5:12:55:c5:00,2024-01-06T14:40:00Z,2024-01-06T14:45:00Z,17.68,57.37,79.02
72:a5:12:55:c5:00,2024-01-06T14:45:00Z,2024-01-06T14:50:00Z,17.05,55.48,-10.9
72:a5:12:55:c5:00,2024-01-06T14:50:00Z,2024-01-06T14:55:00Z,17.24,55.13,2.87
72:a5:12:55:c5:00,2024-01-06T14:55:00Z,2024-01-06T15:00:00Z,18.19,55.93,-16.9
72:a5:12:55:c5:00,2024-01-06T15:00:00Z,2024-01-06T15:05:00Z,16.53,58.57,-16.49
72:a5:12:55:c5:00,2024-01-06T15:05:00Z,2024-01-06T15:10:00Z,15.6,60.28,22.23
72:a5:12:55:c5:00,2024-01-06T15:10:00Z,2024-01-06T15:15:00Z,17.02,59.67,33.18
72:a5:12:55:c5:00,2024-01-06T15:15:00Z,2024-01-06T15:20:00Z,16.06,58.17,-38.59
72:a5:12:55:c5:00,2024-01-06T15:20:00Z,2024-01-06T15:25:00Z,17.59,60.01,-45.96
72:a5:12:55:c5:00,2024-01-06T15:25:00Z,2024-01-06T15:30:00Z,17.11,59.29,-36.55
72:a5:12:55:c5:00,2024-01-06T15:30:00Z,2024-01-06T15:35:00Z,16.2,57.63,-84.08
72:a5:12:55:c5:00,2024-01-06T15:35:00Z,2024-01-06T15:40:00Z,17.23,58.24,-95.43
72:a5:12:55:c5:00,2024-01-06T15:40:00Z,2024-01-06T15:45:00Z,16.51,58.19,17.83
72:a5:12:55:c5:00,2024-01-06T15:45:00Z,2024-01-06T15:50:00Z,16.98,59.5,56.32
72:a5:12:55:c5:00,2024-01-06T15:50:00Z,2024-01-06T15:55:00Z,16.76,57.75,52.26
72:a5:12:55:c5:00,2024-01-06T15:55:00Z,2024-01-06T16:00:00Z,15.96,57.7,-142.92
72:a5:12:55:c5:00,2024-01-06T16:00:00Z,2024-01-06T16:05:00Z,15.28,64.33,-14.7
72:a5:12:55:c5:00,2024-01-06T16:05:00Z,2024-01-06T16:10:00Z,16.29,62.27,-66.13
72:a5:12:55:c5:00,2024-01-06T16:10:00Z,2024-01-06T16:15:00Z,15.47,58.87,8.62
72:a5:12:55:c5:00,2024-01-06T16:15:00Z,2024-01-06T16:20:00Z,15.43,61.53,-25.07
72:a5:12:55:c5:00,2024-01-06T16:20:00Z,2024-01-06T16:25:00Z,15.1,60.63,35.51
72:a5:12:55:c5:00,2024-01-06T16:25:00Z,2024-01-06T16:30:00Z,15.92,61.18,-1.15
72:a5:12:55:c5:00,2024-01-06T16:30:00Z,2024-01-06T16:35:00Z,16.91,60.67,-113.76
72:a5:12:55:c5:00,2024-01-06T16:35:00Z,2024-01-06T16:40:00Z,15.03,62.77,-58.03
72:a5:12:55:c5:00,2024-01-06T16:40:00Z,2024-01-06T16:45:00Z,15.68,61.08,0.35
72:a5:12:55:c5:00,2024-01-06T16:45:00Z,2024-01-06T16:50:00Z,16.52,60.27,5.41
72:a5:12:55:c5:00,2024-01-06T16:50:00Z,2024-01-06T16:55:00Z,15.62,62.48,-84.34
72:a5:12:55:c5:00,2024-01-06T16:55:00Z,2024-01-06T17:00:00Z,15.94,60.86,-92.19
72:a5:12:55:c5:00,2024-01-06T17:00:00Z,2024-01-06T17:05:00Z,14.53,61.83,3.37
72:a5:12:55:c5:00,2024-01-06T17:05:00Z,2024-01-06T17:10:00Z,15.43,62.22,-84.22
72:a5:12:55:c5:00,2024-01-06T17:10:00Z,2024-01-06T17:15:00Z,15.06,61.4,-100.12
72:a5:12:55:c5:00,2024-01-06T17:15:00Z,2024-01-06T17:20:00Z,15.76,61.61,-26.71
72:a5:12:55:c5:00,2024-01-06T17:20:00Z,2024-01-06T17:25:00Z,15.88,60.42,-29.31
72:a5:12:55:c5:00,2024-01-06T17:25:00Z,2024-01-06T17:30:00Z,16.72,60.09,-52.7
72:a5:12:55:c5:00,2024-01-06T17:30:00Z,2024-01-06T17:35:00Z,15.52,59.59,-42.22
72:a5:12:55:c5:00,2024-01-06T17:35:00Z,2024-01-06T17:40:00Z,15.37,58.81,0.83
72:a5:12:55:c5:00,2024-01-06T17:40:00Z,2024-01-06T17:45:00Z,15.29,59.83,-43.21
72:a5:12:55:c5:00,2024-01-06T17:45:00Z,2024-01-06T17:50:00Z,14.96,61.24,4.24
72:a5:12:55:c5:00,2024-01-06T17:50:00Z,2024-01-06T17:55:00Z,15.37,61.8,-22.83
72:a5:12:55:c5:00,2024-01-06T17:55:00Z,2024-01-06T18:00:00Z,14.99,61.05,10.06
72:a5:12:55:c5:00,2024-01-06T18:00:00Z,2024-01-06T18:05:00Z,15.1,57.29,52.69
72:a5:12:55:c5:00,2024-01-06T18:05:00Z,2024-01-06T18:10:00Z,15.79,65.15,50.35
72:a5:12:55:c5:00,2024-01-06T18:10:00Z,2024-01-06T18:15:00Z,14.4,64.17,77.29
72:a5:12:55:c5:00,2024-01-06T18:15:00Z,2024-01-06T18:20:00Z,15.68,62.89,50.29
72:a5:12:55:c5:00,2024-01-06T18:20:00Z,2024-01-06T18:25:00Z,15.79,65.81,14.31
72:a5:12:55:c5:00,2024-01-06T18:25:00Z,2024-01-06T18:30:00Z,14.93,60.05,-26.01
72:a5:12:55:c5:00,2024-01-06T18:30:00Z,2024-01-06T18:35:00Z,13.73,65.78,-23.27
72:a5:12:55:c5:00,2024-01-06T18:35:00Z,2024-01-06T18:40:00Z,14.64,60.07,-52.67
72:a5:12:55:c5:00,2024-01-06T18:40:00Z,2024-01-06T18:45:00Z,15.78,62.48,0.27
72:a5:12:55:c5:00,2024-01-06T18:45:00Z,2024-01-06T18:50:00Z,14.99,59.45,41.84
72:a5:12:55:c5:00,2024-01-06T18:50:00Z,2024-01-06T18:55:00Z,14.4,62.03,-43.54
72:a5:12:55:c5:00,2024-01-06T18:55:00Z,2024-01-06T19:00:00Z,14.7,62.77,-2.23
72:a5:12:55:c5:00,2024-01-06T19:00:00Z,2024-01-06T19:05:00Z,15.67,61.28,-40.64
72:a5:12:55:c5:00,2024-01-06T19:05:00Z,2024-01-06T19:10:00Z,15.5,63.02,12.56
72:a5:12:55:c5:00,2024-01-06T19:10:00Z,2024-01-06T19:15:00Z,15.03,61.79,-32.96
72:a5:12:55:c5:00,2024-01-06T19:15:00Z,2024-01-06T19:20:00Z,14.95,60.55,-44.37
72:a5:12:55:c5:00,2024-01-06T19:20:00Z,2024-01-06T19:25:00Z,14.94,60.46,-40.8
72:a5:12:55:c5:00,2024-01-06T19:25:00Z,2024-01-06T19:30:00Z,14.62,63.21,30.2
72:a5:12:55:c5:00,2024-01-06T19:30:00Z,2024-01-06T19:35:00Z,16.14,60.28,-5.8
72:a5:12:55:c5:00,2024-01-06T19:35:00Z,2024-01-06T19:40:00Z,14.98,63.42,-25.71
72:a5:12:55:c5:00,2024-01-06T19:40:00Z,2024-01-06T19:45:00Z,15.9,64.04,15.68
72:a5:12:55:c5:00,2024-01-06T19:45:00Z,2024-01-06T19:50:00Z,16.08,58.25,-24.87
72:a5:12:55:c5:00,2024-01-06T19:50:00Z,2024-01-06T19:55:00Z,15.77,63.86,67.59
72:a5:12:55:c5:00,2024-01-06T19:55:00Z,2024-01-06T20:00:00Z,14.91,65.71,-58.43
72:a5:12:55:c5:00,2024-01-06T20:00:00Z,2024-01-06T20:05:00Z,15.91,60.9,-11.22
72:a5:12:55:c5:00,2024-01-06T20:05:00Z,2024-01-06T20:10:00Z,15.66,61.59,-84.29
72:a5:12:55:c5:00,2024-01-06T20:10:00Z,2024-01-06T20:15:00Z,15.13,62.47,-20.81
72:a5:12:55:c5:00,2024-01-06T20:15:00Z,2024-01-06T20:20:00Z,15.86,59.84,-100.78
72:a5:12:55:c5:00,2024-01-06T20:20:00Z,2024-01-06T20:25:00Z,14.96,60.76,44.78
72:a5:12:55:c5:00,2024-01-06T20:25:00Z,2024-01-06T20:30:00Z,16.38,57.76,45.99
72:a5:12:55:c5:00,2024-01-06T20:30:00Z,2024-01-06T20:35:00Z,15.39,60.67,47.05
72:a5:12:55:c5:00,2024-01-06T20:35:00Z,2024-01-06T20:40:00Z,15.79,61.39,1.73
72:a5:12:55:c5:00,2024-01-06T20:40:00Z,2024-01-06T20:45:00Z,15.84,61.42,-52.79
72:a5:12:55:c5:00,2024-01-06T20:45:00Z,2024-01-06T20:50:00Z,15.51,62.52,-48.02
72:a5:12:55:c5:00,2024-01-06T20:50:00Z,2024-01-06T20:55:00Z,16.02,58.84,91.81
72:a5:12:55:c5:00,2024-01-06T20:55:00Z,2024-01-06T21:00:00Z,15.38,59.33,86.14
72:a5:12:55:c5:00,2024-01-06T21:00:00Z,2024-01-06T21:05:00Z,16.99,62.28,7.35
72:a5:12:55:c5:00,2024-01-06T21:05:00Z,2024-01-06T21:10:00Z,15.66,58.18,-30.94
72:a5:12:55:c5:00,2024-01-06T21:10:00Z,2024-01-06T21:15:00Z,16.54,58.89,82.12
72:a5:12:55:c5:00,2024-01-06T21:15:00Z,2024-01-06T21:20:00Z,17.63,58.35,-41.67
72:a5:12:55:c5:00,2024-01-06T21:20:00Z,2024-01-06T21:25:00Z,15.86,56.84,13.73
72:a5:12:55:c5:00,2024-01-06T21:25:00Z,2024-01-06T21:30:00Z,16.06,61.73,81.12
72:a5:12:55:c5:00,2024-01-06T21:30:00Z,2024-01-06T21:35:00Z,16.77,57.43,-50.18
72:a5:12:55:c5:00,2024-01-06T21:35:00Z,2024-01-06T21:40:00Z,16.57,56.23,49.75
72:a5:12:55:c5:00,2024-01-06T21:40:00Z,2024-01-06T21:45:00Z,16.67,57.58,31.23
72:a5:12:55:c5:00,2024-01-06T21:45:00Z,2024-01-06T21:50:00Z,16.76,54.48,-2.37
72:a5:12:55:c5:00,2024-01-06T21:50:00Z,2024-01-06T21:55:00Z,16.85,57.18,-59.61
72:a5:12:55:c5:00,2024-01-06T21:55:00Z,2024-01-06T22:00:00Z,17.13,56.55,-43.47
72:a5:12:55:c5:00,2024-01-06T22:00:00Z,2024-01-06T22:05:00Z,17.75,57.23,17.37
72:a5:12:55:c5:00,2024-01-06T22:05:00Z,2024-01-06T22:10:00Z,17.36,54.65,-85.4
72:a5:12:55:c5:00,2024-01-06T22:10:00Z,2024-01-06T22:15:00Z,17.9,57.78,7.84
72:a5:12:55:c5:00,2024-01-06T22:15:00Z,2024-01-06T22:20:00Z,18.64,58.8,32.46
72:a5:12:55:c5:00,2024-01-06T22:20:00Z,2024-01-06T22:25:00Z,17.42,57.56,59.11
72:a5:12:55:c5:00,2024-01-06T22:25:00Z,2024-01-06T22:30:00Z,16.92,55.57,-83.9
72:a5:12:55:c5:00,2024-01-06T22:30:00Z,2024-01-06T22:35:00Z,18.16,56.28,78.97
72:a5:12:55:c5:00,2024-01-06T22:35:00Z,2024-01-06T22:40:00Z,17.43,52.95,101.72
72:a5:12:55:c5:00,2024-01-06T22:40:00Z,2024-01-06T22:45:00Z,16.2,55.73,24.61
72:a5:12:55:c5:00,2024-01-06T22:45:00Z,2024-01-06T22:50:00Z,18.01,54.28,-62.28
72:a5:12:55:c5:00,2024-01-06T22:50:00Z,2024-01-06T22:55:00Z,17.18,57.39,-19.69
72:a5:12:55:c5:00,2024-01-06T22:55:00Z,2024-01-06T23:00:00Z,17.45,61.15,-2.86
72:a5:12:55:c5:00,2024-01-06T23:00:00Z,2024-01-06T23:05:00Z,18.91,54.11,16.23
72:a5:12:55:c5:00,2024-01-06T23:05:00Z,2024-01-06T23:10:00Z,18.82,49.12,1.32
72:a5:12:55:c5:00,2024-01-06T23:10:00Z,2024-01-06T23:15:00Z,19.13,52.38,16.87
72:a5:12:55:c5:00,2024-01-06T23:15:00Z,2024-01-06T23:20:00Z,18.44,53.35,-5.44
72:a5:12:55:c5:00,2024-01-06T23:20:00Z,2024-01-06T23:25:00Z,19.01,53.28,15.91
72:a5:12:55:c5:00,2024-01-06T23:25:00Z,2024-01-06T23:30:00Z,18.55,51.64,-27.63
72:a5:12:55:c5:00,2024-01-06T23:30:00Z,2024-01-06T23:35:00Z,19.15,53.6,-20.29
72:a5:12:55:c5:00,2024-01-06T23:35:00Z,2024-01-06T23:40:00Z,19.08,50.62,-34.56
72:a5:12:55:c5:00,2024-01-06T23:40:00Z,2024-01-06T23:45:00Z,18.14,51.22,115.04
72:a5:12:55:c5:00,2024-01-06T23:45:00Z,2024-01-06T23:50:00Z,19.36,54.4,87.83
72:a5:12:55:c5:00,2024-01-06T23:50:00Z,2024-01-06T23:55:00Z,18.38,51.07,33.32
72:a5:12:55:c5:00,2024-01-06T23:55:00Z,2024-01-07T00:00:00Z,19.19,54.18,79.52
72:a5:12:55:c5:00,2024-01-07T00:00:00Z,2024-01-07T00:05:00Z,20.22,47.26,47.91
72:a5:12:55:c5:00,2024-01-07T00:05:00Z,2024-01-07T00:10:00Z,21.1,53.53,10.88
72:a5:12:55:c5:00,2024-01-07T00:10:00Z,2024-01-07T00:15:00Z,19.87,48.45,-90.33
72:a5:12:55:c5:00,2024-01-07T00:15:00Z,2024-01-07T00:20:00Z,19.79,49.55,-15.73
72:a5:12:55:c5:00,2024-01-07T00:20:00Z,2024-01-07T00:25:00Z,19.99,50.66,-20.1
72:a5:12:55:c5:00,2024-01-07T00:25:00Z,2024-01-07T00:30:00Z,19.82,48.87,-67.98
72:a5:12:55:c5:00,2024-01-07T00:30:00Z,2024-01-07T00:35:00Z,20.48,50.29,-89.17
72:a5:12:55:c5:00,2024-01-07T00:35:00Z,2024-01-07T00:40:00Z,19.03,51.15,29.56
72:a5:12:55:c5:00,2024-01-07T00:40:00Z,2024-01-07T00:45:00Z,19.37,51.92,19.47
72:a5:12:55:c5:00,2024-01-07T00:45:00Z,2024-01-07T00:50:00Z,19.36,51.58,-70.04
72:a5:12:55:c5:00,2024-01-07T00:50:00Z,2024-01-07T00:55:00Z,20.57,49.66,-44.75
72:a5:12:55:c5:00,2024-01-07T00:55:00Z,2024-01-07T01:00:00Z,21.03,49.71,69.67
72:a5:12:55:c5:00,2024-01-07T01:00:00Z,2024-01-07T01:05:00Z,21.23,51.59,464.98
72:a5:12:55:c5:00,2024-01-07T01:05:00Z,2024-01-07T01:10:00Z,21.19,48.79,527.89
72:a5:12:55:c5:00,2024-01-07T01:10:00Z,2024-01-07T01:15:00Z,21.34,45.05,506.25
72:a5:12:55:c5:00,2024-01-07T01:15:00Z,2024-01-07T01:20:00Z,21.99,47.09,548.02
72:a5:12:55:c5:00,2024-01-07T01:20:00Z,2024-01-07T01:25:00Z,20.74,46.22,466.27
72:a5:12:55:c5:00,2024-01-07T01:25:00Z,2024-01-07T01:30:00Z,21.44,46.62,523.04
72:a5:12:55:c5:00,2024-01-07T01:30:00Z,2024-01-07T01:35:00Z,21.88,44.44,527.76
72:a5:12:55:c5:00,2024-01-07T01:35:00Z,2024-01-07T01:40:00Z,21.59,46.07,531.45
72:a5:12:55:c5:00,2024-01-07T01:40:00Z,2024-01-07T01:45:00Z,21.41,50.52,522.38
72:a5:12:55:c5:00,2024-01-07T01:45:00Z,2024-01-07T01:50:00Z,21.89,48.05,538.31
72:a5:12:55:c5:00,2024-01-07T01:50:00Z,2024-01-07T01:55:00Z,19.67,41.91,649.14
72:a5:12:55:c5:00,2024-01-07T01:55:00Z,2024-01-07T02:00:00Z,21.7,49.33,671.32
72:a5:12:55:c5:00,2024-01-07T02:00:00Z,2024-01-07T02:05:00Z,22.11,46.18,961.65
72:a5:12:55:c5:00,2024-01-07T02:05:00Z,2024-01-07T02:10:00Z,21.4,43.28,860.91
72:a5:12:55:c5:00,2024-01-07T02:10:00Z,2024-01-07T02:15:00Z,22.81,45.43,1035.73
72:a5:12:55:c5:00,2024-01-07T02:15:00Z,2024-01-07T02:20:00Z,23.32,42.28,1011.18
72:a5:12:55:c5:00,2024-01-07T02:20:00Z,2024-01-07T02:25:00Z,22.42,43.06,1063.66
72:a5:12:55:c5:00,2024-01-07T02:25:00Z,2024-01-07T02:30:00Z,23.07,47.0,1017.09
72:a5:12:55:c5:00,2024-01-07T02:30:00Z,2024-01-07T02:35:00Z,23.47,43.46,1003.52
72:a5:12:55:c5:00,2024-01-07T02:35:00Z,2024-01-07T02:40:00Z,23.29,40.26,1067.73
72:a5:12:55:c5:00,2024-01-07T02:40:00Z,2024-01-07T02:45:00Z,23.48,43.87,1076.13
72:a5:12:55:c5:00,2024-01-07T02:45:00Z,2024-01-07T02:50:00Z,22.95,43.84,916.81
72:a5:12:55:c5:00,2024-01-07T02:50:00Z,2024-01-07T02:55:00Z,22.55,46.4,951.0
72:a5:12:55:c5:00,2024-01-07T02:55:00Z,2024-01-07T03:00:00Z,21.54,44.03,993.66
72:a5:12:55:c5:00,2024-01-07T03:00:00Z,2024-01-07T03:05:00Z,23.39,40.67,1420.12
72:a5:12:55:c5:00,2024-01-07T03:05:00Z,2024-01-07T03:10:00Z,23.03,43.6,1400.65
72:a5:12:55:c5:00,2024-01-07T03:10:00Z,2024-01-07T03:15:00Z,24.84,41.76,1440.27
72:a5:12:55:c5:00,2024-01-07T03:15:00Z,2024-01-07T03:20:00Z,23.43,40.01,1473.98
72:a5:12:55:c5:00,2024-01-07T03:20:00Z,2024-01-07T03:25:00Z,23.61,43.82,1517.58
72:a5:12:55:c5:00,2024-01-07T03:25:00Z,2024-01-07T03:30:00Z,23.87,41.9,1448.95
72:a5:12:55:c5:00,2024-01-07T03:30:00Z,2024-01-07T03:35:00Z,23.56,41.52,1363.07
72:a5:12:55:c5:00,2024-01-07T03:35:00Z,2024-01-07T03:40:00Z,24.55,41.87,1405.37
72:a5:12:55:c5:00,2024-01-07T03:40:00Z,2024-01-07T03:45:00Z,23.16,39.37,1409.69
72:a5:12:55:c5:00,2024-01-07T03:45:00Z,2024-01-07T03:50:00Z,23.65,40.46,1445.09
72:a5:12:55:c5:00,2024-01-07T03:50:00Z,2024-01-07T03:55:00Z,23.09,41.52,1437.5
72:a5:12:55:c5:00,2024-01-07T03:55:00Z,2024-01-07T04:00:00Z,22.74,41.13,1537.24
72:a5:12:55:c5:00,2024-01-07T04:00:00Z,2024-01-07T04:05:00Z,23.96,42.15,1704.36
72:a5:12:55:c5:00,2024-01-07T04:05:00Z,2024-01-07T04:10:00Z,24.31,40.04,1755.14
72:a5:12:55:c5:00,2024-01-07T04:10:00Z,2024-01-07T04:15:00Z,24.07,41.32,1873.33
72:a5:12:55:c5:00,2024-01-07T04:15:00Z,2024-01-07T04:20:00Z,23.91,39.63,1696.94
72:a5:12:55:c5:00,2024-01-07T04:20:00Z,2024-01-07T04:25:00Z,23.49,41.72,1740.76
72:a5:12:55:c5:00,2024-01-07T04:25:00Z,2024-01-07T04:30:00Z,24.28,40.4,1675.36
72:a5:12:55:c5:00,2024-01-07T04:30:00Z,2024-01-07T04:35:00Z,23.43,39.63,1736.98
72:a5:12:55:c5:00,2024-01-07T04:35:00Z,2024-01-07T04:40:00Z,24.79,39.58,1685.24
72:a5:12:55:c5:00,2024-01-07T04:40:00Z,2024-01-07T04:45:00Z,24.38,37.7,1794.86
72:a5:12:55:c5:00,2024-01-07T04:45:00Z,2024-01-07T04:50:00Z,23.46,40.62,1740.89
72:a5:12:55:c5:00,2024-01-07T04:50:00Z,2024-01-07T04:55:00Z,24.14,39.53,1675.93
72:a5:12:55:c5:00,2024-01-07T04:55:00Z,2024-01-07T05:00:00Z,23.88,38.6,1782.48
72:a5:12:55:c5:00,2024-01-07T05:00:00Z,2024-01-07T05:05:00Z,25.02,40.62,1942.63
72:a5:12:55:c5:00,2024-01-07T05:05:00Z,2024-01-07T05:10:00Z,25.63,35.91,1989.02
72:a5:12:55:c5:00,2024-01-07T05:10:00Z,2024-01-07T05:15:00Z,23.7,37.56,1862.99
72:a5:12:55:c5:00,2024-01-07T05:15:00Z,2024-01-07T05:20:00Z,24.9,40.46,1953.98
72:a5:12:55:c5:00,2024-01-07T05:20:00Z,2024-01-07T05:25:00Z,24.73,39.04,1978.25
72:a5:12:55:c5:00,2024-01-07T05:25:00Z,2024-01-07T05:30:00Z,25.23,38.31,1906.45
72:a5:12:55:c5:00,2024-01-07T05:30:00Z,2024-01-07T05:35:00Z,24.96,38.91,1856.31
72:a5:12:55:c5:00,2024-01-07T05:35:00Z,2024-01-07T05:40:00Z,24.38,38.77,1929.36
72:a5:12:55:c5:00,2024-01-07T05:40:00Z,2024-01-07T05:45:00Z,24.64,35.38,2005.54
72:a5:12:55:c5:00,2024-01-07T05:45:00Z,2024-01-07T05:50:00Z,24.35,37.71,1999.41
72:a5:12:55:c5:00,2024-01-07T05:50:00Z,2024-01-07T05:55:00Z,25.48,41.64,1906.15
72:a5:12:55:c5:00,2024-01-07T05:55:00Z,2024-01-07T06:00:00Z,24.84,37.09,1854.87
72:a5:12:55:c5:00,2024-01-07T06:00:00Z,2024-01-07T06:05:00Z,26.14,37.36,1974.13
72:a5:12:55:c5:00,2024-01-07T06:05:00Z,2024-01-07T06:10:00Z,24.96,36.92,1971.89
72:a5:12:55:c5:00,2024-01-07T06:10:00Z,2024-01-07T06:15:00Z,24.57,37.83,2026.79
72:a5:12:55:c5:00,2024-01-07T06:15:00Z,2024-01-07T06:20:00Z,24.09,36.83,1993.7
72:a5:12:55:c5:00,2024-01-07T06:20:00Z,2024-01-07T06:25:00Z,23.92,38.97,1954.8
72:a5:12:55:c5:00,2024-01-07T06:25:00Z,2024-01-07T06:30:00Z,24.05,38.39,2066.26
72:a5:12:55:c5:00,2024-01-07T06:30:00Z,2024-01-07T06:35:00Z,25.16,39.55,2008.43
72:a5:12:55:c5:00,2024-01-07T06:35:00Z,2024-01-07T06:40:00Z,25.31,35.9,2026.12
72:a5:12:55:c5:00,2024-01-07T06:40:00Z,2024-01-07T06:45:00Z,24.05,37.32,1896.5
72:a5:12:55:c5:00,2024-01-07T06:45:00Z,2024-01-07T06:50:00Z,25.54,37.55,1854.54
72:a5:12:55:c5:00,2024-01-07T06:50:00Z,2024-01-07T06:55:00Z,24.71,38.91,1913.75
72:a5:12:55:c5:00,2024-01-07T06:55:00Z,2024-01-07T07:00:00Z,25.09,36.41,1971.17
72:a5:12:55:c5:00,2024-01-07T07:00:00Z,2024-01-07T07:05:00Z,25.8,40.24,1966.43
72:a5:12:55:c5:00,2024-01-07T07:05:00Z,2024-01-07T07:10:00Z,25.37,40.78,1791.32
72:a5:12:55:c5:00,2024-01-07T07:10:00Z,2024-01-07T07:15:00Z,24.67,36.43,2027.42
72:a5:12:55:c5:00,2024-01-07T07:15:00Z,2024-01-07T07:20:00Z,24.29,37.43,1942.09
72:a5:12:55:c5:00,2024-01-07T07:20:00Z,2024-01-07T07:25:00Z,23.54,37.35,2013.47
72:a5:12:55:c5:00,2024-01-07T07:25:00Z,2024-01-07T07:30:00Z,24.4,43.67,1878.69
72:a5:12:55:c5:00,2024-01-07T07:30:00Z,2024-01-07T07:35:00Z,24.7,37.55,1962.08
72:a5:12:55:c5:00,2024-01-07T07:35:00Z,2024-01-07T07:40:00Z,24.24,41.76,1936.96
72:a5:12:55:c5:00,2024-01-07T07:40:00Z,2024-01-07T07:45:00Z,24.75,35.88,1980.91
72:a5:12:55:c5:00,2024-01-07T07:45:00Z,2024-01-07T07:50:00Z,24.88,36.43,1917.82
72:a5:12:55:c5:00,2024-01-07T07:50:00Z,2024-01-07T07:55:00Z,24.69,37.04,1960.24
72:a5:12:55:c5:00,2024-01-07T07:55:00Z,2024-01-07T08:00:00Z,24.44,36.72,1997.98
72:a5:12:55:c5:00,2024-01-07T08:00:00Z,2024-01-07T08:05:00Z,24.43,39.07,1692.98
72:a5:12:55:c5:00,2024-01-07T08:05:00Z,2024-01-07T08:10:00Z,24.6,38.19,1746.59
72:a5:12:55:c5:00,2024-01-07T08:10:00Z,2024-01-07T08:15:00Z,23.68,37.97,1618.78
72:a5:12:55:c5:00,2024-01-07T08:15:00Z,2024-01-07T08:20:00Z,25.18,41.92,1774.2
72:a5:12:55:c5:00,2024-01-07T08:20:00Z,2024-01-07T08:25:00Z,24.27,42.06,1849.33
72:a5:12:55:c5:00,2024-01-07T08:25:00Z,2024-01-07T08:30:00Z,24.34,41.51,1657.38
72:a5:12:55:c5:00,2024-01-07T08:30:00Z,2024-01-07T08:35:00Z,24.76,40.66,1726.57
72:a5:12:55:c5:00,2024-01-07T08:35:00Z,2024-01-07T08:40:00Z,24.47,39.79,1784.88
72:a5:12:55:c5:00,2024-01-07T08:40:00Z,2024-01-07T08:45:00Z,24.9,38.61,1733.94
72:a5:12:55:c5:00,2024-01-07T08:45:00Z,2024-01-07T08:50:00Z,24.5,37.7,1741.96
72:a5:12:55:c5:00,2024-01-07T08:50:00Z,2024-01-07T08:55:00Z,23.96,40.33,1708.59
72:a5:12:55:c5:00,2024-01-07T08:55:00Z,2024-01-07T09:00:00Z,24.55,37.26,1706.36
72:a5:12:55:c5:00,2024-01-07T09:00:00Z,2024-01-07T09:05:00Z,22.85,39.53,1409.01
72:a5:12:55:c5:00,2024-01-07T09:05:00Z,2024-01-07T09:10:00Z,23.6,43.82,1416.71
72:a5:12:55:c5:00,2024-01-07T09:10:00Z,2024-01-07T09:15:00Z,23.52,45.32,1343.33
72:a5:12:55:c5:00,2024-01-07T09:15:00Z,2024-01-07T09:20:00Z,23.41,42.3,1410.25
72:a5:12:55:c5:00,2024-01-07T09:20:00Z,2024-01-07T09:25:00Z,23.46,43.73,1508.33
72:a5:12:55:c5:00,2024-01-07T09:25:00Z,2024-01-07T09:30:00Z,22.41,41.02,1389.07
72:a5:12:55:c5:00,2024-01-07T09:30:00Z,2024-01-07T09:35:00Z,23.21,38.84,1339.98
72:a5:12:55:c5:00,2024-01-07T09:35:00Z,2024-01-07T09:40:00Z,23.59,42.74,1405.13
72:a5:12:55:c5:00,2024-01-07T09:40:00Z,2024-01-07T09:45:00Z,23.63,42.65,1371.34
72:a5:12:55:c5:00,2024-01-07T09:45:00Z,2024-01-07T09:50:00Z,22.92,41.66,1333.91
72:a5:12:55:c5:00,2024-01-07T09:50:00Z,2024-01-07T09:55:00Z,24.29,41.03,1422.56
72:a5:12:55:c5:00,2024-01-07T09:55:00Z,2024-01-07T10:00:00Z,23.02,43.44,1371.6
72:a5:12:55:c5:00,2024-01-07T10:00:00Z,2024-01-07T10:05:00Z,23.08,42.03,962.52
72:a5:12:55:c5:00,2024-01-07T10:05:00Z,2024-01-07T10:10:00Z,22.76,42.45,1009.21
72:a5:12:55:c5:00,2024-01-07T10:10:00Z,2024-01-07T10:15:00Z,22.11,41.98,908.01
72:a5:12:55:c5:00,2024-01-07T10:15:00Z,2024-01-07T10:20:00Z,23.57,44.17,895.51
72:a5:12:55:c5:00,2024-01-07T10:20:00Z,2024-01-07T10:25:00Z,21.78,41.82,1040.25
72:a5:12:55:c5:00,2024-01-07T10:25:00Z,2024-01-07T10:30:00Z,23.05,42.63,884.15
72:a5:12:55:c5:00,2024-01-07T10:30:00Z,2024-01-07T10:35:00Z,23.1,42.59,941.4
72:a5:12:55:c5:00,2024-01-07T10:35:00Z,2024-01-07T10:40:00Z,22.1,43.48,892.01
72:a5:12:55:c5:00,2024-01-07T10:40:00Z,2024-01-07T10:45:00Z,23.34,41.03,970.83
72:a5:12:55:c5:00,2024-01-07T10:45:00Z,2024-01-07T10:50:00Z,22.35,44.17,1025.68
72:a5:12:55:c5:00,2024-01-07T10:50:00Z,2024-01-07T10:55:00Z,22.67,46.49,1006.74
72:a5:12:55:c5:00,2024-01-07T10:55:00Z,2024-01-07T11:00:00Z,22.66,44.27,1143.51
72:a5:12:55:c5:00,2024-01-07T11:00:00Z,2024-01-07T11:05:00Z,21.21,49.98,582.85
72:a5:12:55:c5:00,2024-01-07T11:05:00Z,2024-01-07T11:10:00Z,21.78,49.56,461.77
72:a5:12:55:c5:00,2024-01-07T11:10:00Z,2024-01-07T11:15:00Z,21.77,48.45,445.81
72:a5:12:55:c5:00,2024-01-07T11:15:00Z,2024-01-07T11:20:00Z,20.24,47.04,680.04
72:a5:12:55:c5:00,2024-01-07T11:20:00Z,2024-01-07T11:25:00Z,22.08,46.94,581.39
72:a5:12:55:c5:00,2024-01-07T11:25:00Z,2024-01-07T11:30:00Z,20.3,48.42,553.0
72:a5:12:55:c5:00,2024-01-07T11:30:00Z,2024-01-07T11:35:00Z,21.91,46.11,522.13
72:a5:12:55:c5:00,2024-01-07T11:35:00Z,2024-01-07T11:40:00Z,21.97,43.13,534.05
72:a5:12:55:c5:00,2024-01-07T11:40:00Z,2024-01-07T11:45:00Z,20.64,47.88,428.71
72:a5:12:55:c5:00,2024-01-07T11:45:00Z,2024-01-07T11:50:00Z,21.05,44.63,527.06
72:a5:12:55:c5:00,2024-01-07T11:50:00Z,2024-01-07T11:55:00Z,20.63,44.97,521.91
72:a5:12:55:c5:00,2024-01-07T11:55:00Z,2024-01-07T12:00:00Z,21.17,46.89,463.39
72:a5:12:55:c5:00,2024-01-07T12:00:00Z,2024-01-07T12:05:00Z,19.82,49.81,-32.31
72:a5:12:55:c5:00,2024-01-07T12:05:00Z,2024-01-07T12:10:00Z,20.47,47.18,90.91
72:a5:12:55:c5:00,2024-01-07T12:10:00Z,2024-01-07T12:15:00Z,20.79,50.33,-7.51
72:a5:12:55:c5:00,2024-01-07T12:15:00Z,2024-01-07T12:20:00Z,20.84,51.93,124.27
72:a5:12:55:c5:00,2024-01-07T12:20:00Z,2024-01-07T12:25:00Z,19.66,47.74,-104.44
72:a5:12:55:c5:00,2024-01-07T12:25:00Z,2024-01-07T12:30:00Z,19.87,52.54,-31.33
72:a5:12:55:c5:00,2024-01-07T12:30:00Z,2024-01-07T12:35:00Z,18.99,46.88,-92.84
72:a5:12:55:c5:00,2024-01-07T12:35:00Z,2024-01-07T12:40:00Z,19.52,54.23,-72.57
72:a5:12:55:c5:00,2024-01-07T12:40:00Z,2024-01-07T12:45:00Z,20.58,49.18,-49.69
72:a5:12:55:c5:00,2024-01-07T12:45:00Z,2024-01-07T12:50:00Z,20.97,50.29,18.92
72:a5:12:55:c5:00,2024-01-07T12:50:00Z,2024-01-07T12:55:00Z,19.26,46.22,16.01
72:a5:12:55:c5:00,2024-01-07T12:55:00Z,2024-01-07T13:00:00Z,19.64,49.88,-40.76
72:a5:12:55:c5:00,2024-01-07T13:00:00Z,2024-01-07T13:05:00Z,18.69,53.56,-133.67
72:a5:12:55:c5:00,2024-01-07T13:05:00Z,2024-01-07T13:10:00Z,18.87,52.93,88.66
72:a5:12:55:c5:00,2024-01-07T13:10:00Z,2024-01-07T13:15:00Z,18.22,51.98,-17.15
72:a5:12:55:c5:00,2024-01-07T13:15:00Z,2024-01-07T13:20:00Z,18.96,51.21,-66.98
72:a5:12:55:c5:00,2024-01-07T13:20:00Z,2024-01-07T13:25:00Z,18.42,55.37,16.5
72:a5:12:55:c5:00,2024-01-07T13:25:00Z,2024-01-07T13:30:00Z,18.7,53.17,12.27
72:a5:12:55:c5:00,2024-01-07T13:30:00Z,2024-01-07T13:35:00Z,19.03,56.19,-19.36
72:a5:12:55:c5:00,2024-01-07T13:35:00Z,2024-01-07T13:40:00Z,18.71,52.05,8.91
72:a5:12:55:c5:00,2024-01-07T13:40:00Z,2024-01-07T13:45:00Z,18.44,52.24,-69.3
72:a5:12:55:c5:00,2024-01-07T13:45:00Z,2024-01-07T13:50:00Z,18.64,54.74,45.59
72:a5:12:55:c5:00,2024-01-07T13:50:00Z,2024-01-07T13:55:00Z,18.65,49.86,-59.81
72:a5:12:55:c5:00,2024-01-07T13:55:00Z,2024-01-07T14:00:00Z,18.48,50.68,-36.33
72:a5:12:55:c5:00,2024-01-07T14:00:00Z,2024-01-07T14:05:00Z,17.34,58.19,38.93
72:a5:12:55:c5:00,2024-01-07T14:05:00Z,2024-01-07T14:10:00Z,18.46,53.66,72.24
72:a5:12:55:c5:00,2024-01-07T14:10:00Z,2024-01-07T14:15:00Z,17.84,52.36,95.15
72:a5:12:55:c5:00,2024-01-07T14:15:00Z,2024-01-07T14:20:00Z,17.32,59.74,63.35
72:a5:12:55:c5:00,2024-01-07T14:20:00Z,2024-01-07T14:25:00Z,17.92,53.21,-19.44
72:a5:12:55:c5:00,2024-01-07T14:25:00Z,2024-01-07T14:30:00Z,17.3,56.37,-92.46
72:a5:12:55:c5:00,2024-01-07T14:30:00Z,2024-01-07T14:35:00Z,18.2,56.14,84.3
72:a5:12:55:c5:00,2024-01-07T14:35:00Z,2024-01-07T14:40:00Z,17.72,50.38,82.24
72:a5:12:55:c5:00,2024-01-07T14:40:00Z,2024-01-07T14:45:00Z,17.44,55.47,-40.32
72:a5:12:55:c5:00,2024-01-07T14:45:00Z,2024-01-07T14:50:00Z,17.77,56.9,55.27
72:a5:12:55:c5:00,2024-01-07T14:50:00Z,2024-01-07T14:55:00Z,16.56,56.71,-19.93
72:a5:12:55:c5:00,2024-01-07T14:55:00Z,2024-01-07T15:00:00Z,16.82,57.81,90.08
72:a5:12:55:c5:00,2024-01-07T15:00:00Z,2024-01-07T15:05:00Z,15.75,57.71,-30.89
72:a5:12:55:c5:00,2024-01-07T15:05:00Z,2024-01-07T15:10:00Z,16.55,59.91,118.72
72:a5:12:55:c5:00,2024-01-07T15:10:00Z,2024-01-07T15:15:00Z,17.5,57.11,47.17
72:a5:12:55:c5:00,2024-01-07T15:15:00Z,2024-01-07T15:20:00Z,17.8,55.66,107.85
72:a5:12:55:c5:00,2024-01-07T15:20:00Z,2024-01-07T15:25:00Z,16.85,55.89,-27.83
72:a5:12:55:c5:00,2024-01-07T15:25:00Z,2024-01-07T15:30:00Z,16.76,55.56,24.3
72:a5:12:55:c5:00,2024-01-07T15:30:00Z,2024-01-07T15:35:00Z,15.38,60.5,-58.16
72:a5:12:55:c5:00,2024-01-07T15:35:00Z,2024-01-07T15:40:00Z,16.14,55.46,50.64
72:a5:12:55:c5:00,2024-01-07T15:40:00Z,2024-01-07T15:45:00Z,15.99,59.03,53.94
72:a5:12:55:c5:00,2024-01-07T15:45:00Z,2024-01-07T15:50:00Z,16.09,57.95,143.82
72:a5:12:55:c5:00,2024-01-07T15:50:00Z,2024-01-07T15:55:00Z,16.36,58.28,28.92
72:a5:12:55:c5:00,2024-01-07T15:55:00Z,2024-01-07T16:00:00Z,16.18,61.21,43.45
72:a5:12:55:c5:00,2024-01-07T16:00:00Z,2024-01-07T16:05:00Z,14.48,59.52,-28.25
72:a5:12:55:c5:00,2024-01-07T16:05:00Z,2024-01-07T16:10:00Z,16.12,61.62,32.48
72:a5:12:55:c5:00,2024-01-07T16:10:00Z,2024-01-07T16:15:00Z,15.03,60.47,-22.79
72:a5:12:55:c5:00,2024-01-07T16:15:00Z,2024-01-07T16:20:00Z,15.81,60.09,6.95
72:a5:12:55:c5:00,2024-01-07T16:20:00Z,2024-01-07T16:25:00Z,16.91,64.99,10.47
72:a5:12:55:c5:00,2024-01-07T16:25:00Z,2024-01-07T16:30:00Z,15.12,57.51,-21.14
72:a5:12:55:c5:00,2024-01-07T16:30:00Z,2024-01-07T16:35:00Z,14.15,62.97,3.78
72:a5:12:55:c5:00,2024-01-07T16:35:00Z,2024-01-07T16:40:00Z,15.5,61.71,-22.52
72:a5:12:55:c5:00,2024-01-07T16:40:00Z,2024-01-07T16:45:00Z,16.33,59.43,-22.78
72:a5:12:55:c5:00,2024-01-07T16:45:00Z,2024-01-07T16:50:00Z,16.84,63.65,64.6
72:a5:12:55:c5:00,2024-01-07T16:50:00Z,2024-01-07T16:55:00Z,14.93,56.7,10.52
72:a5:12:55:c5:00,2024-01-07T16:55:00Z,2024-01-07T17:00:00Z,15.97,59.35,20.82
72:a5:12:55:c5:00,2024-01-07T17:00:00Z,2024-01-07T17:05:00Z,14.89,59.17,-87.44
72:a5:12:55:c5:00,2024-01-07T17:05:00Z,2024-01-07T17:10:00Z,15.11,62.42,25.41
72:a5:12:55:c5:00,2024-01-07T17:10:00Z,2024-01-07T17:15:00Z,16.76,59.36,31.83
72:a5:12:55:c5:00,2024-01-07T17:15:00Z,2024-01-07T17:20:00Z,14.27,62.46,-23.9
72:a5:12:55:c5:00,2024-01-07T17:20:00Z,2024-01-07T17:25:00Z,15.32,61.22,125.1
72:a5:12:55:c5:00,2024-01-07T17:25:00Z,2024-01-07T17:30:00Z,15.45,60.63,-137.35
72:a5:12:55:c5:00,2024-01-07T17:30:00Z,2024-01-07T17:35:00Z,15.82,62.37,47.06
72:a5:12:55:c5:00,2024-01-07T17:35:00Z,2024-01-07T17:40:00Z,15.23,61.05,42.77
72:a5:12:55:c5:00,2024-01-07T17:40:00Z,2024-01-07T17:45:00Z,15.36,59.41,32.49
72:a5:12:55:c5:00,2024-01-07T17:45:00Z,2024-01-07T17:50:00Z,14.94,67.19,10.57
72:a5:12:55:c5:00,2024-01-07T17:50:00Z,2024-01-07T17:55:00Z,15.33,60.62,33.04
72:a5:12:55:c5:00,2024-01-07T17:55:00Z,2024-01-07T18:00:00Z,14.96,57.16,52.09
72:a5:12:55:c5:00,2024-01-07T18:00:00Z,2024-01-07T18:05:00Z,15.37,60.32,-43.55
72:a5:12:55:c5:00,2024-01-07T18:05:00Z,2024-01-07T18:10:00Z,14.78,59.47,17.95
72:a5:12:55:c5:00,2024-01-07T18:10:00Z,2024-01-07T18:15:00Z,15.23,63.65,-11.0
72:a5:12:55:c5:00,2024-01-07T18:15:00Z,2024-01-07T18:20:00Z,14.98,62.64,-65.63
72:a5:12:55:c5:00,2024-01-07T18:20:00Z,2024-01-07T18:25:00Z,15.68,62.8,43.03
72:a5:12:55:c5:00,2024-01-07T18:25:00Z,2024-01-07T18:30:00Z,14.97,61.26,-33.86
72:a5:12:55:c5:00,2024-01-07T18:30:00Z,2024-01-07T18:35:00Z,13.94,61.44,-89.87
72:a5:12:55:c5:00,2024-01-07T18:35:00Z,2024-01-07T18:40:00Z,15.76,61.26,-32.35
72:a5:12:55:c5:00,2024-01-07T18:40:00Z,2024-01-07T18:45:00Z,14.46,61.84,-47.93
72:a5:12:55:c5:00,2024-01-07T18:45:00Z,2024-01-07T18:50:00Z,14.61,63.67,61.71
72:a5:12:55:c5:00,2024-01-07T18:50:00Z,2024-01-07T18:55:00Z,14.64,62.67,9.19
72:a5:12:55:c5:00,2024-01-07T18:55:00Z,2024-01-07T19:00:00Z,15.82,63.0,82.94
72:a5:12:55:c5:00,2024-01-07T19:00:00Z,2024-01-07T19:05:00Z,13.89,62.59,-39.99
72:a5:12:55:c5:00,2024-01-07T19:05:00Z,2024-01-07T19:10:00Z,17.05,63.36,52.45
72:a5:12:55:c5:00,2024-01-07T19:10:00Z,2024-01-07T19:15:00Z,15.8,62.17,170.38
72:a5:12:55:c5:00,2024-01-07T19:15:00Z,2024-01-07T19:20:00Z,15.3,62.31,21.36
72:a5:12:55:c5:00,2024-01-07T19:20:00Z,2024-01-07T19:25:00Z,15.14,63.97,51.7
72:a5:12:55:c5:00,2024-01-07T19:25:00Z,2024-01-07T19:30:00Z,15.34,60.26,41.61
72:a5:12:55:c5:00,2024-01-07T19:30:00Z,2024-01-07T19:35:00Z,15.48,59.88,-85.32
72:a5:12:55:c5:00,2024-01-07T19:35:00Z,2024-01-07T19:40:00Z,15.56,59.22,35.15
72:a5:12:55:c5:00,2024-01-07T19:40:00Z,2024-01-07T19:45:00Z,15.5,61.96,18.39
72:a5:12:55:c5:00,2024-01-07T19:45:00Z,2024-01-07T19:50:00Z,15.22,57.88,-15.58
72:a5:12:55:c5:00,2024-01-07T19:50:00Z,2024-01-07T19:55:00Z,15.05,62.52,-53.04
72:a5:12:55:c5:00,2024-01-07T19:55:00Z,2024-01-07T20:00:00Z,15.08,61.37,41.64
72:a5:12:55:c5:00,2024-01-07T20:00:00Z,2024-01-07T20:05:00Z,15.55,62.66,-58.34
72:a5:12:55:c5:00,2024-01-07T20:05:00Z,2024-01-07T20:10:00Z,16.35,59.05,128.02
72:a5:12:55:c5:00,2024-01-07T20:10:00Z,2024-01-07T20:15:00Z,16.03,59.99,6.85
72:a5:12:55:c5:00,2024-01-07T20:15:00Z,2024-01-07T20:20:00Z,13.91,62.64,-73.4
72:a5:12:55:c5:00,2024-01-07T20:20:00Z,2024-01-07T20:25:00Z,16.06,63.16,-30.84
72:a5:12:55:c5:00,2024-01-07T20:25:00Z,2024-01-07T20:30:00Z,15.79,59.03,-16.69
72:a5:12:55:c5:00,2024-01-07T20:30:00Z,2024-01-07T20:35:00Z,15.66,60.76,144.74
72:a5:12:55:c5:00,2024-01-07T20:35:00Z,2024-01-07T20:40:00Z,15.44,60.98,-53.08
72:a5:12:55:c5:00,2024-01-07T20:40:00Z,2024-01-07T20:45:00Z,16.34,61.14,-6.97
72:a5:12:55:c5:00,2024-01-07T20:45:00Z,2024-01-07T20:50:00Z,16.24,59.87,-32.27
72:a5:12:55:c5:00,2024-01-07T20:50:00Z,2024-01-07T20:55:00Z,15.21,62.96,29.96
72:a5:12:55:c5:00,2024-01-07T20:55:00Z,2024-01-07T21:00:00Z,15.91,56.61,-31.31
72:a5:12:55:c5:00,2024-01-07T21:00:00Z,2024-01-07T21:05:00Z,15.88,57.64,-68.34
72:a5:12:55:c5:00,2024-01-07T21:05:00Z,2024-01-07T21:10:00Z,15.64,59.38,-11.72
72:a5:12:55:c5:00,2024-01-07T21:10:00Z,2024-01-07T21:15:00Z,16.09,59.4,-17.96
72:a5:12:55:c5:00,2024-01-07T21:15:00Z,2024-01-07T21:20:00Z,16.98,61.19,-35.53
72:a5:12:55:c5:00,2024-01-07T21:20:00Z,2024-01-07T21:25:00Z,17.04,60.88,-32.33
72:a5:12:55:c5:00,2024-01-07T21:25:00Z,2024-01-07T21:30:00Z,16.77,57.91,71.08
72:a5:12:55:c5:00,2024-01-07T21:30:00Z,2024-01-07T21:35:00Z,16.9,61.09,-19.18
72:a5:12:55:c5:00,2024-01-07T21:35:00Z,2024-01-07T21:40:00Z,16.77,57.06,-68.05
72:a5:12:55:c5:00,2024-01-07T21:40:00Z,2024-01-07T21:45:00Z,16.08,60.35,-27.73
72:a5:12:55:c5:00,2024-01-07T21:45:00Z,2024-01-07T21:50:00Z,16.72,62.11,3.26
72:a5:12:55:c5:00,2024-01-07T21:50:00Z,2024-01-07T21:55:00Z,16.94,60.92,-80.18
72:a5:12:55:c5:00,2024-01-07T21:55:00Z,2024-01-07T22:00:00Z,16.92,58.7,97.56
72:a5:12:55:c5:00,2024-01-07T22:00:00Z,2024-01-07T22:05:00Z,18.21,55.34,52.05
72:a5:12:55:c5:00,2024-01-07T22:05:00Z,2024-01-07T22:10:00Z,17.92,52.94,85.81
72:a5:12:55:c5:00,2024-01-07T22:10:00Z,2024-01-07T22:15:00Z,17.71,56.62,23.53
72:a5:12:55:c5:00,2024-01-07T22:15:00Z,2024-01-07T22:20:00Z,18.14,53.77,-125.62
72:a5:12:55:c5:00,2024-01-07T22:20:00Z,2024-01-07T22:25:00Z,17.48,54.41,92.12
72:a5:12:55:c5:00,2024-01-07T22:25:00Z,2024-01-07T22:30:00Z,16.97,53.62,-51.81
72:a5:12:55:c5:00,2024-01-07T22:30:00Z,2024-01-07T22:35:00Z,17.4,55.08,-46.93
72:a5:12:55:c5:00,2024-01-07T22:35:00Z,2024-01-07T22:40:00Z,17.05,55.94,9.38
72:a5:12:55:c5:00,2024-01-07T22:40:00Z,2024-01-07T22:45:00Z,17.09,56.55,82.69
72:a5:12:55:c5:00,2024-01-07T22:45:00Z,2024-01-07T22:50:00Z,17.41,54.8,63.2
72:a5:12:55:c5:00,2024-01-07T22:50:00Z,2024-01-07T22:55:00Z,17.02,58.14,54.38
72:a5:12:55:c5:00,2024-01-07T22:55:00Z,2024-01-07T23:00:00Z,17.32,55.58,-18.71
72:a5:12:55:c5:00,2024-01-07T23:00:00Z,2024-01-07T23:05:00Z,17.57,51.53,-19.66
72:a5:12:55:c5:00,2024-01-07T23:05:00Z,2024-01-07T23:10:00Z,18.83,53.56,20.76
72:a5:12:55:c5:00,2024-01-07T23:10:00Z,2024-01-07T23:15:00Z,18.71,57.03,-7.8
72:a5:12:55:c5:00,2024-01-07T23:15:00Z,2024-01-07T23:20:00Z,18.22,53.78,53.36
72:a5:12:55:c5:00,2024-01-07T23:20:00Z,2024-01-07T23:25:00Z,19.1,52.38,49.81
72:a5:12:55:c5:00,2024-01-07T23:25:00Z,2024-01-07T23:30:00Z,19.27,50.05,35.48
72:a5:12:55:c5:00,2024-01-07T23:30:00Z,2024-01-07T23:35:00Z,17.74,52.67,-151.56
72:a5:12:55:c5:00,2024-01-07T23:35:00Z,2024-01-07T23:40:00Z,18.25,53.58,7.68
72:a5:12:55:c5:00,2024-01-07T23:40:00Z,2024-01-07T23:45:00Z,18.24,52.33,-6.53
72:a5:12:55:c5:00,2024-01-07T23:45:00Z,2024-01-07T23:50:00Z,18.14,49.78,10.08
72:a5:12:55:c5:00,2024-01-07T23:50:00Z,2024-01-07T23:55:00Z,19.2,51.4,-45.26
72:a5:12:55:c5:00,2024-01-07T23:55:00Z,2024-01-08T00:00:00Z,18.59,56.01,-79.49
72:a5:12:55:c5:00,2024-01-08T00:00:00Z,2024-01-08T00:05:00Z,19.84,52.87,27.79
72:a5:12:55:c5:00,2024-01-08T00:05:00Z,2024-01-08T00:10:00Z,18.8,48.23,-21.38
72:a5:12:55:c5:00,2024-01-08T00:10:00Z,2024-01-08T00:15:00Z,20.38,51.35,34.48
72:a5:12:55:c5:00,2024-01-08T00:15:00Z,2024-01-08T00:20:00Z,19.26,47.64,-40.25
72:a5:12:55:c5:00,2024-01-08T00:20:00Z,2024-01-08T00:25:00Z,20.04,52.81,84.95
72:a5:12:55:c5:00,2024-01-08T00:25:00Z,2024-01-08T00:30:00Z,20.17,50.49,60.06
72:a5:12:55:c5:00,2024-01-08T00:30:00Z,2024-01-08T00:35:00Z,20.82,51.9,17.81
72:a5:12:55:c5:00,2024-01-08T00:35:00Z,2024-01-08T00:40:00Z,19.21,46.57,-12.8
72:a5:12:55:c5:00,2024-01-08T00:40:00Z,2024-01-08T00:45:00Z,18.19,51.36,51.14
72:a5:12:55:c5:00,2024-01-08T00:45:00Z,2024-01-08T00:50:00Z,20.11,49.98,23.55
72:a5:12:55:c5:00,2024-01-08T00:50:00Z,2024-01-08T00:55:00Z,21.08,51.7,14.32
72:a5:12:55:c5:00,2024-01-08T00:55:00Z,2024-01-08T01:00:00Z,20.74,51.83,62.57
72:a5:12:55:c5:00,2024-01-08T01:00:00Z,2024-01-08T01:05:00Z,21.42,47.03,603.23
72:a5:12:55:c5:00,2024-01-08T01:05:00Z,2024-01-08T01:10:00Z,21.0,45.69,442.49
72:a5:12:55:c5:00,2024-01-08T01:10:00Z,2024-01-08T01:15:00Z,21.78,48.45,454.62
72:a5:12:55:c5:00,2024-01-08T01:15:00Z,2024-01-08T01:20:00Z,20.71,46.77,470.82
72:a5:12:55:c5:00,2024-01-08T01:20:00Z,2024-01-08T01:25:00Z,21.58,45.15,427.49
72:a5:12:55:c5:00,2024-01-08T01:25:00Z,2024-01-08T01:30:00Z,21.6,45.05,513.87
72:a5:12:55:c5:00,2024-01-08T01:30:00Z,2024-01-08T01:35:00Z,21.93,43.94,553.65
72:a5:12:55:c5:00,2024-01-08T01:35:00Z,2024-01-08T01:40:00Z,22.95,45.87,516.35
72:a5:12:55:c5:00,2024-01-08T01:40:00Z,2024-01-08T01:45:00Z,21.53,49.1,485.59
72:a5:12:55:c5:00,2024-01-08T01:45:00Z,2024-01-08T01:50:00Z,20.99,47.25,585.23
72:a5:12:55:c5:00,2024-01-08T01:50:00Z,2024-01-08T01:55:00Z,21.28,45.83,526.07
72:a5:12:55:c5:00,2024-01-08T01:55:00Z,2024-01-08T02:00:00Z,20.23,48.5,538.22
72:a5:12:55:c5:00,2024-01-08T02:00:00Z,2024-01-08T02:05:00Z,22.08,42.34,1069.25
72:a5:12:55:c5:00,2024-01-08T02:05:00Z,2024-01-08T02:10:00Z,22.25,44.19,992.61
72:a5:12:55:c5:00,2024-01-08T02:10:00Z,2024-01-08T02:15:00Z,22.19,43.64,1123.61
72:a5:12:55:c5:00,2024-01-08T02:15:00Z,2024-01-08T02:20:00Z,22.59,45.56,973.13
72:a5:12:55:c5:00,2024-01-08T02:20:00Z,2024-01-08T02:25:00Z,22.01,40.85,1119.88
72:a5:12:55:c5:00,2024-01-08T02:25:00Z,2024-01-08T02:30:00Z,23.17,42.3,941.52
72:a5:12:55:c5:00,2024-01-08T02:30:00Z,2024-01-08T02:35:00Z,22.5,40.72,1031.05
72:a5:12:55:c5:00,2024-01-08T02:35:00Z,2024-01-08T02:40:00Z,22.49,43.48,961.45
72:a5:12:55:c5:00,2024-01-08T02:40:00Z,2024-01-08T02:45:00Z,22.3,46.42,1067.17
72:a5:12:55:c5:00,2024-01-08T02:45:00Z,2024-01-08T02:50:00Z,22.59,42.99,971.31
72:a5:12:55:c5:00,2024-01-08T02:50:00Z,2024-01-08T02:55:00Z,23.0,42.98,1017.45
72:a5:12:55:c5:00,2024-01-08T02:55:00Z,2024-01-08T03:00:00Z,21.98,45.74,960.97
72:a5:12:55:c5:00,2024-01-08T03:00:00Z,2024-01-08T03:05:00Z,23.14,43.65,1470.45
72:a5:12:55:c5:00,2024-01-08T03:05:00Z,2024-01-08T03:10:00Z,23.35,41.34,1374.87
72:a5:12:55:c5:00,2024-01-08T03:10:00Z,2024-01-08T03:15:00Z,22.73,42.88,1515.22
72:a5:12:55:c5:00,2024-01-08T03:15:00Z,2024-01-08T03:20:00Z,23.04,39.36,1354.45
72:a5:12:55:c5:00,2024-01-08T03:20:00Z,2024-01-08T03:25:00Z,23.25,44.27,1333.48
72:a5:12:55:c5:00,2024-01-08T03:25:00Z,2024-01-08T03:30:00Z,24.06,45.81,1471.31
72:a5:12:55:c5:00,2024-01-08T03:30:00Z,2024-01-08T03:35:00Z,23.69,42.56,1378.71
72:a5:12:55:c5:00,2024-01-08T03:35:00Z,2024-01-08T03:40:00Z,23.65,37.35,1413.78
72:a5:12:55:c5:00,2024-01-08T03:40:00Z,2024-01-08T03:45:00Z,24.05,40.4,1394.88
72:a5:12:55:c5:00,2024-01-08T03:45:00Z,2024-01-08T03:50:00Z,23.45,42.74,1335.46
72:a5:12:55:c5:00,2024-01-08T03:50:00Z,2024-01-08T03:55:00Z,23.77,40.67,1409.59
72:a5:12:55:c5:00,2024-01-08T03:55:00Z,2024-01-08T04:00:00Z,23.47,44.06,1490.11
72:a5:12:55:c5:00,2024-01-08T04:00:00Z,2024-01-08T04:05:00Z,24.49,40.78,1792.24
72:a5:12:55:c5:00,2024-01-08T04:05:00Z,2024-01-08T04:10:00Z,23.98,38.19,1745.96
72:a5:12:55:c5:00,2024-01-08T04:10:00Z,2024-01-08T04:15:00Z,22.87,39.67,1798.79
72:a5:12:55:c5:00,2024-01-08T04:15:00Z,2024-01-08T04:20:00Z,24.25,37.82,1668.48
72:a5:12:55:c5:00,2024-01-08T04:20:00Z,2024-01-08T04:25:00Z,25.18,39.24,1712.52
72:a5:12:55:c5:00,2024-01-08T04:25:00Z,2024-01-08T04:30:00Z,24.89,38.5,1755.8
72:a5:12:55:c5:00,2024-01-08T04:30:00Z,2024-01-08T04:35:00Z,24.91,41.96,1724.23
72:a5:12:55:c5:00,2024-01-08T04:35:00Z,2024-01-08T04:40:00Z,25.07,43.84,1717.24
72:a5:12:55:c5:00,2024-01-08T04:40:00Z,2024-01-08T04:45:00Z,24.38,36.75,1660.01
72:a5:12:55:c5:00,2024-01-08T04:45:00Z,2024-01-08T04:50:00Z,24.45,35.76,1607.17
72:a5:12:55:c5:00,2024-01-08T04:50:00Z,2024-01-08T04:55:00Z,23.96,39.12,1781.12
72:a5:12:55:c5:00,2024-01-08T04:55:00Z,2024-01-08T05:00:00Z,24.14,36.57,1746.64
72:a5:12:55:c5:00,2024-01-08T05:00:00Z,2024-01-08T05:05:00Z,25.2,38.5,1985.97
72:a5:12:55:c5:00,2024-01-08T05:05:00Z,2024-01-08T05:10:00Z,25.55,39.91,1905.62
72:a5:12:55:c5:00,2024-01-08T05:10:00Z,2024-01-08T05:15:00Z,24.75,41.4,1889.08
72:a5:12:55:c5:00,2024-01-08T05:15:00Z,2024-01-08T05:20:00Z,24.56,38.81,1932.24
72:a5:12:55:c5:00,2024-01-08T05:20:00Z,2024-01-08T05:25:00Z,24.83,38.02,1983.1
72:a5:12:55:c5:00,2024-01-08T05:25:00Z,2024-01-08T05:30:00Z,25.19,34.45,1917.96
72:a5:12:55:c5:00,2024-01-08T05:30:00Z,2024-01-08T05:35:00Z,23.96,38.46,1979.96
72:a5:12:55:c5:00,2024-01-08T05:35:00Z,2024-01-08T05:40:00Z,23.45,38.55,1871.47
72:a5:12:55:c5:00,2024-01-08T05:40:00Z,2024-01-08T05:45:00Z,24.5,39.69,1922.16
72:a5:12:55:c5:00,2024-01-08T05:45:00Z,2024-01-08T05:50:00Z,24.1,36.99,1927.64
72:a5:12:55:c5:00,2024-01-08T05:50:00Z,2024-01-08T05:55:00Z,24.52,37.54,2005.44
72:a5:12:55:c5:00,2024-01-08T05:55:00Z,2024-01-08T06:00:00Z,24.74,35.45,1944.31
72:a5:12:55:c5:00,2024-01-08T06:00:00Z,2024-01-08T06:05:00Z,24.73,33.42,2104.76
72:a5:12:55:c5:00,2024-01-08T06:05:00Z,2024-01-08T06:10:00Z,25.87,35.78,1919.14
72:a5:12:55:c5:00,2024-01-08T06:10:00Z,2024-01-08T06:15:00Z,25.2,34.86,2007.8
72:a5:12:55:c5:00,2024-01-08T06:15:00Z,2024-01-08T06:20:00Z,25.18,38.67,2010.76
72:a5:12:55:c5:00,2024-01-08T06:20:00Z,2024-01-08T06:25:00Z,25.37,36.96,2037.21
72:a5:12:55:c5:00,2024-01-08T06:25:00Z,2024-01-08T06:30:00Z,24.32,36.92,1951.2
72:a5:12:55:c5:00,2024-01-08T06:30:00Z,2024-01-08T06:35:00Z,25.62,36.03,2101.07
72:a5:12:55:c5:00,2024-01-08T06:35:00Z,2024-01-08T06:40:00Z,24.95,31.53,2000.78
72:a5:12:55:c5:00,2024-01-08T06:40:00Z,2024-01-08T06:45:00Z,25.4,41.02,1934.78
72:a5:12:55:c5:00,2024-01-08T06:45:00Z,2024-01-08T06:50:00Z,24.36,36.0,1999.04
72:a5:12:55:c5:00,2024-01-08T06:50:00Z,2024-01-08T06:55:00Z,24.07,37.18,1981.21
72:a5:12:55:c5:00,2024-01-08T06:55:00Z,2024-01-08T07:00:00Z,25.49,35.09,2166.99
72:a5:12:55:c5:00,2024-01-08T07:00:00Z,2024-01-08T07:05:00Z,25.06,40.35,1994.85
72:a5:12:55:c5:00,2024-01-08T07:05:00Z,2024-01-08T07:10:00Z,24.29,38.7,1934.83
72:a5:12:55:c5:00,2024-01-08T07:10:00Z,2024-01-08T07:15:00Z,24.31,36.76,1925.14
72:a5:12:55:c5:00,2024-01-08T07:15:00Z,2024-01-08T07:20:00Z,25.5,37.62,1988.92
72:a5:12:55:c5:00,2024-01-08T07:20:00Z,2024-01-08T07:25:00Z,24.12,41.77,1991.78
72:a5:12:55:c5:00,2024-01-08T07:25:00Z,2024-01-08T07:30:00Z,25.82,38.26,1757.16
72:a5:12:55:c5:00,2024-01-08T07:30:00Z,2024-01-08T07:35:00Z,24.29,38.05,1970.43
72:a5:12:55:c5:00,2024-01-08T07:35:00Z,2024-01-08T07:40:00Z,25.21,36.53,1933.53
72:a5:12:55:c5:00,2024-01-08T07:40:00Z,2024-01-08T07:45:00Z,24.63,34.62,1853.18
72:a5:12:55:c5:00,2024-01-08T07:45:00Z,2024-01-08T07:50:00Z,25.19,38.09,1984.66
72:a5:12:55:c5:00,2024-01-08T07:50:00Z,2024-01-08T07:55:00Z,24.5,39.06,2066.62
72:a5:12:55:c5:00,2024-01-08T07:55:00Z,2024-01-08T08:00:00Z,24.73,40.61,1965.26
72:a5:12:55:c5:00,2024-01-08T08:00:00Z,2024-01-08T08:05:00Z,24.35,35.11,1798.08
72:a5:12:55:c5:00,2024-01-08T08:05:00Z,2024-01-08T08:10:00Z,23.73,37.36,1840.3
72:a5:12:55:c5:00,2024-01-08T08:10:00Z,2024-01-08T08:15:00Z,24.77,38.45,1682.24
72:a5:12:55:c5:00,2024-01-08T08:15:00Z,2024-01-08T08:20:00Z,24.02,39.6,1620.6
72:a5:12:55:c5:00,2024-01-08T08:20:00Z,2024-01-08T08:25:00Z,24.19,39.32,1771.46
72:a5:12:55:c5:00,2024-01-08T08:25:00Z,2024-01-08T08:30:00Z,23.73,39.36,1717.19
72:a5:12:55:c5:00,2024-01-08T08:30:00Z,2024-01-08T08:35:00Z,22.79,40.42,1649.6
72:a5:12:55:c5:00,2024-01-08T08:35:00Z,2024-01-08T08:40:00Z,24.22,37.8,1727.36
72:a5:12:55:c5:00,2024-01-08T08:40:00Z,2024-01-08T08:45:00Z,25.78,41.48,1775.7
72:a5:12:55:c5:00,2024-01-08T08:45:00Z,2024-01-08T08:50:00Z,24.8,40.47,1723.11
72:a5:12:55:c5:00,2024-01-08T08:50:00Z,2024-01-08T08:55:00Z,24.32,38.97,1684.84
72:a5:12:55:c5:00,2024-01-08T08:55:00Z,2024-01-08T09:00:00Z,24.17,42.81,1718.64
72:a5:12:55:c5:00,2024-01-08T09:00:00Z,2024-01-08T09:05:00Z,23.55,44.63,1413.04
72:a5:12:55:c5:00,2024-01-08T09:05:00Z,2024-01-08T09:10:00Z,23.86,43.38,1298.44
72:a5:12:55:c5:00,2024-01-08T09:10:00Z,2024-01-08T09:15:00Z,22.83,35.48,1405.65
72:a5:12:55:c5:00,2024-01-08T09:15:00Z,2024-01-08T09:20:00Z,24.2,44.67,1333.55
72:a5:12:55:c5:00,2024-01-08T09:20:00Z,2024-01-08T09:25:00Z,23.96,43.1,1453.76
72:a5:12:55:c5:00,2024-01-08T09:25:00Z,2024-01-08T09:30:00Z,23.97,45.53,1320.55
72:a5:12:55:c5:00,2024-01-08T09:30:00Z,2024-01-08T09:35:00Z,23.8,43.99,1474.98
72:a5:12:55:c5:00,2024-01-08T09:35:00Z,2024-01-08T09:40:00Z,23.55,44.67,1389.66
72:a5:12:55:c5:00,2024-01-08T09:40:00Z,2024-01-08T09:45:00Z,23.94,43.27,1381.64
72:a5:12:55:c5:00,2024-01-08T09:45:00Z,2024-01-08T09:50:00Z,23.89,44.21,1431.88
72:a5:12:55:c5:00,2024-01-08T09:50:00Z,2024-01-08T09:55:00Z,23.32,45.5,1362.25
72:a5:12:55:c5:00,2024-01-08T09:55:00Z,2024-01-08T10:00:00Z,23.19,41.95,1430.94
72:a5:12:55:c5:00,2024-01-08T10:00:00Z,2024-01-08T10:05:00Z,22.56,40.86,956.07
72:a5:12:55:c5:00,2024-01-08T10:05:00Z,2024-01-08T10:10:00Z,23.43,43.39,966.6
72:a5:12:55:c5:00,2024-01-08T10:10:00Z,2024-01-08T10:15:00Z,21.76,44.78,1024.32
72:a5:12:55:c5:00,2024-01-08T10:15:00Z,2024-01-08T10:20:00Z,21.62,44.15,931.69
72:a5:12:55:c5:00,2024-01-08T10:20:00Z,2024-01-08T10:25:00Z,22.6,41.51,924.14
72:a5:12:55:c5:00,2024-01-08T10:25:00Z,2024-01-08T10:30:00Z,22.53,40.74,1014.89
72:a5:12:55:c5:00,2024-01-08T10:30:00Z,2024-01-08T10:35:00Z,22.6,42.52,998.39
72:a5:12:55:c5:00,2024-01-08T10:35:00Z,2024-01-08T10:40:00Z,22.65,45.62,1010.12
72:a5:12:55:c5:00,2024-01-08T10:40:00Z,2024-01-08T10:45:00Z,22.37,47.16,1019.66
72:a5:12:55:c5:00,2024-01-08T10:45:00Z,2024-01-08T10:50:00Z,23.39,45.83,1003.44
72:a5:12:55:c5:00,2024-01-08T10:50:00Z,2024-01-08T10:55:00Z,21.54,46.11,1036.49
72:a5:12:55:c5:00,2024-01-08T10:55:00Z,2024-01-08T11:00:00Z,22.0,43.84,1005.85
72:a5:12:55:c5:00,2024-01-08T11:00:00Z,2024-01-08T11:05:00Z,21.23,43.41,397.2
72:a5:12:55:c5:00,2024-01-08T11:05:00Z,2024-01-08T11:10:00Z,20.31,45.98,412.77
72:a5:12:55:c5:00,2024-01-08T11:10:00Z,2024-01-08T11:15:00Z,21.19,46.38,633.32
72:a5:12:55:c5:00,2024-01-08T11:15:00Z,2024-01-08T11:20:00Z,22.29,45.9,517.64
72:a5:12:55:c5:00,2024-01-08T11:20:00Z,2024-01-08T11:25:00Z,21.31,47.0,574.65
72:a5:12:55:c5:00,2024-01-08T11:25:00Z,2024-01-08T11:30:00Z,21.43,47.78,496.9
72:a5:12:55:c5:00,2024-01-08T11:30:00Z,2024-01-08T11:35:00Z,20.54,48.6,514.16
72:a5:12:55:c5:00,2024-01-08T11:35:00Z,2024-01-08T11:40:00Z,20.92,46.34,490.44
72:a5:12:55:c5:00,2024-01-08T11:40:00Z,2024-01-08T11:45:00Z,21.07,43.09,665.59
72:a5:12:55:c5:00,2024-01-08T11:45:00Z,2024-01-08T11:50:00Z,21.1,45.93,532.83
72:a5:12:55:c5:00,2024-01-08T11:50:00Z,2024-01-08T11:55:00Z,22.06,46.98,485.55
72:a5:12:55:c5:00,2024-01-08T11:55:00Z,2024-01-08T12:00:00Z,21.63,49.34,418.55
72:a5:12:55:c5:00,2024-01-08T12:00:00Z,2024-01-08T12:05:00Z,19.33,48.86,118.42
72:a5:12:55:c5:00,2024-01-08T12:05:00Z,2024-01-08T12:10:00Z,20.15,51.03,-9.8
72:a5:12:55:c5:00,2024-01-08T12:10:00Z,2024-01-08T12:15:00Z,20.3,50.58,44.65
72:a5:12:55:c5:00,2024-01-08T12:15:00Z,2024-01-08T12:20:00Z,20.68,50.09,51.36
72:a5:12:55:c5:00,2024-01-08T12:20:00Z,2024-01-08T12:25:00Z,20.95,51.86,-27.77
72:a5:12:55:c5:00,2024-01-08T12:25:00Z,2024-01-08T12:30:00Z,19.39,48.68,40.35
72:a5:12:55:c5:00,2024-01-08T12:30:00Z,2024-01-08T12:35:00Z,19.51,48.85,-36.25
72:a5:12:55:c5:00,2024-01-08T12:35:00Z,2024-01-08T12:40:00Z,19.25,49.98,-59.43
72:a5:12:55:c5:00,2024-01-08T12:40:00Z,2024-01-08T12:45:00Z,19.86,48.72,69.87
72:a5:12:55:c5:00,2024-01-08T12:45:00Z,2024-01-08T12:50:00Z,20.28,51.02,-9.49
72:a5:12:55:c5:00,2024-01-08T12:50:00Z,2024-01-08T12:55:00Z,20.59,48.57,31.11
72:a5:12:55:c5:00,2024-01-08T12:55:00Z,2024-01-08T13:00:00Z,19.95,50.45,24.66
72:a5:12:55:c5:00,2024-01-08T13:00:00Z,2024-01-08T13:05:00Z,18.51,52.91,38.28
72:a5:12:55:c5:00,2024-01-08T13:05:00Z,2024-01-08T13:10:00Z,18.8,53.54,-93.39
72:a5:12:55:c5:00,2024-01-08T13:10:00Z,2024-01-08T13:15:00Z,18.2,52.19,-35.12
72:a5:12:55:c5:00,2024-01-08T13:15:00Z,2024-01-08T13:20:00Z,19.96,52.43,-19.47
72:a5:12:55:c5:00,2024-01-08T13:20:00Z,2024-01-08T13:25:00Z,17.74,53.3,-49.89
72:a5:12:55:c5:00,2024-01-08T13:25:00Z,2024-01-08T13:30:00Z,18.82,53.51,25.74
72:a5:12:55:c5:00,2024-01-08T13:30:00Z,2024-01-08T13:35:00Z,19.92,53.1,71.21
72:a5:12:55:c5:00,2024-01-08T13:35:00Z,2024-01-08T13:40:00Z,18.71,56.52,80.71
72:a5:12:55:c5:00,2024-01-08T13:40:00Z,2024-01-08T13:45:00Z,18.59,51.12,-20.35
72:a5:12:55:c5:00,2024-01-08T13:45:00Z,2024-01-08T13:50:00Z,18.49,52.98,17.52
72:a5:12:55:c5:00,2024-01-08T13:50:00Z,2024-01-08T13:55:00Z,18.6,49.96,26.74
72:a5:12:55:c5:00,2024-01-08T13:55:00Z,2024-01-08T14:00:00Z,19.53,53.85,37.28
72:a5:12:55:c5:00,2024-01-08T14:00:00Z,2024-01-08T14:05:00Z,16.17,53.77,-52.69
72:a5:12:55:c5:00,2024-01-08T14:05:00Z,2024-01-08T14:10:00Z,18.42,55.44,109.23
72:a5:12:55:c5:00,2024-01-08T14:10:00Z,2024-01-08T14:15:00Z,16.65,55.26,55.59
72:a5:12:55:c5:00,2024-01-08T14:15:00Z,2024-01-08T14:20:00Z,17.34,56.56,57.16
72:a5:12:55:c5:00,2024-01-08T14:20:00Z,2024-01-08T14:25:00Z,17.24,54.89,72.21
72:a5:12:55:c5:00,2024-01-08T14:25:00Z,2024-01-08T14:30:00Z,17.85,54.81,32.05
72:a5:12:55:c5:00,2024-01-08T14:30:00Z,2024-01-08T14:35:00Z,16.54,58.87,-61.64
72:a5:12:55:c5:00,2024-01-08T14:35:00Z,2024-01-08T14:40:00Z,17.78,56.57,-8.34
72:a5:12:55:c5:00,2024-01-08T14:40:00Z,2024-01-08T14:45:00Z,18.71,54.88,-99.06
72:a5:12:55:c5:00,2024-01-08T14:45:00Z,2024-01-08T14:50:00Z,16.68,55.5,24.9
72:a5:12:55:c5:00,2024-01-08T14:50:00Z,2024-01-08T14:55:00Z,17.61,59.29,-10.15
72:a5:12:55:c5:00,2024-01-08T14:55:00Z,2024-01-08T15:00:00Z,17.1,55.53,-2.43
72:a5:12:55:c5:00,2024-01-08T15:00:00Z,2024-01-08T15:05:00Z,16.72,57.11,72.24
72:a5:12:55:c5:00,2024-01-08T15:05:00Z,2024-01-08T15:10:00Z,16.48,57.12,-27.42
72:a5:12:55:c5:00,2024-01-08T15:10:00Z,2024-01-08T15:15:00Z,16.08,57.39,-15.13
72:a5:12:55:c5:00,2024-01-08T15:15:00Z,2024-01-08T15:20:00Z,16.76,57.3,1.32
72:a5:12:55:c5:00,2024-01-08T15:20:00Z,2024-01-08T15:25:00Z,17.55,55.93,-110.4
72:a5:12:55:c5:00,2024-01-08T15:25:00Z,2024-01-08T15:30:00Z,16.35,56.24,-15.96
72:a5:12:55:c5:00,2024-01-08T15:30:00Z,2024-01-08T15:35:00Z,16.9,56.83,-149.15
72:a5:12:55:c5:00,2024-01-08T15:35:00Z,2024-01-08T15:40:00Z,15.69,59.67,-35.13
72:a5:12:55:c5:00,2024-01-08T15:40:00Z,2024-01-08T15:45:00Z,15.89,57.72,51.31
72:a5:12:55:c5:00,2024-01-08T15:45:00Z,2024-01-08T15:50:00Z,16.75,58.07,26.84
72:a5:12:55:c5:00,2024-01-08T15:50:00Z,2024-01-08T15:55:00Z,17.35,61.03,-35.69
72:a5:12:55:c5:00,2024-01-08T15:55:00Z,2024-01-08T16:00:00Z,16.68,61.08,2.45
72:a5:12:55:c5:00,2024-01-08T16:00:00Z,2024-01-08T16:05:00Z,15.48,59.83,-64.5
72:a5:12:55:c5:00,2024-01-08T16:05:00Z,2024-01-08T16:10:00Z,15.67,59.13,-0.14
72:a5:12:55:c5:00,2024-01-08T16:10:00Z,2024-01-08T16:15:00Z,14.92,58.66,175.82
72:a5:12:55:c5:00,2024-01-08T16:15:00Z,2024-01-08T16:20:00Z,16.03,61.78,110.75
72:a5:12:55:c5:00,2024-01-08T16:20:00Z,2024-01-08T16:25:00Z,16.2,59.98,3.16
72:a5:12:55:c5:00,2024-01-08T16:25:00Z,2024-01-08T16:30:00Z,15.4,59.62,9.61
72:a5:12:55:c5:00,2024-01-08T16:30:00Z,2024-01-08T16:35:00Z,15.39,58.76,-58.77
72:a5:12:55:c5:00,2024-01-08T16:35:00Z,2024-01-08T16:40:00Z,15.83,58.85,-48.11
72:a5:12:55:c5:00,2024-01-08T16:40:00Z,2024-01-08T16:45:00Z,15.41,61.03,21.73
72:a5:12:55:c5:00,2024-01-08T16:45:00Z,2024-01-08T16:50:00Z,15.63,57.76,-31.49
72:a5:12:55:c5:00,2024-01-08T16:50:00Z,2024-01-08T16:55:00Z,16.93,62.38,54.25
72:a5:12:55:c5:00,2024-01-08T16:55:00Z,2024-01-08T17:00:00Z,15.52,59.32,94.18
72:a5:12:55:c5:00,2024-01-08T17:00:00Z,2024-01-08T17:05:00Z,14.96,61.29,19.96
72:a5:12:55:c5:00,2024-01-08T17:05:00Z,2024-01-08T17:10:00Z,14.78,58.92,6.1
72:a5:12:55:c5:00,2024-01-08T17:10:00Z,2024-01-08T17:15:00Z,15.62,61.57,-100.85
72:a5:12:55:c5:00,2024-01-08T17:15:00Z,2024-01-08T17:20:00Z,15.06,60.93,44.86
72:a5:12:55:c5:00,2024-01-08T17:20:00Z,2024-01-08T17:25:00Z,14.78,61.49,-68.62
72:a5:12:55:c5:00,2024-01-08T17:25:00Z,2024-01-08T17:30:00Z,15.96,64.53,-25.08
72:a5:12:55:c5:00,2024-01-08T17:30:00Z,2024-01-08T17:35:00Z,16.02,61.95,57.57
72:a5:12:55:c5:00,2024-01-08T17:35:00Z,2024-01-08T17:40:00Z,14.81,60.0,61.79
72:a5:12:55:c5:00,2024-01-08T17:40:00Z,2024-01-08T17:45:00Z,14.05,60.17,-27.99
72:a5:12:55:c5:00,2024-01-08T17:45:00Z,2024-01-08T17:50:00Z,15.77,62.78,-24.53
72:a5:12:55:c5:00,2024-01-08T17:50:00Z,2024-01-08T17:55:00Z,14.76,64.19,-41.96
72:a5:12:55:c5:00,2024-01-08T17:55:00Z,2024-01-08T18:00:00Z,15.64,62.15,-71.87
72:a5:12:55:c5:00,2024-01-08T18:00:00Z,2024-01-08T18:05:00Z,13.82,63.38,-38.09
72:a5:12:55:c5:00,2024-01-08T18:05:00Z,2024-01-08T18:10:00Z,15.54,63.22,-96.79
72:a5:12:55:c5:00,2024-01-08T18:10:00Z,2024-01-08T18:15:00Z,14.27,64.84,40.98
72:a5:12:55:c5:00,2024-01-08T18:15:00Z,2024-01-08T18:20:00Z,15.44,58.1,23.67
72:a5:12:55:c5:00,2024-01-08T18:20:00Z,2024-01-08T18:25:00Z,15.01,63.33,33.63
72:a5:12:55:c5:00,2024-01-08T18:25:00Z,2024-01-08T18:30:00Z,14.43,63.97,-57.26
72:a5:12:55:c5:00,2024-01-08T18:30:00Z,2024-01-08T18:35:00Z,14.76,59.32,-71.7
72:a5:12:55:c5:00,2024-01-08T18:35:00Z,2024-01-08T18:40:00Z,15.41,60.23,3.21
72:a5:12:55:c5:00,2024-01-08T18:40:00Z,2024-01-08T18:45:00Z,15.06,60.3,3.85
72:a5:12:55:c5:00,2024-01-08T18:45:00Z,2024-01-08T18:50:00Z,15.35,60.54,-8.84
72:a5:12:55:c5:00,2024-01-08T18:50:00Z,2024-01-08T18:55:00Z,16.19,61.04,-17.37
72:a5:12:55:c5:00,2024-01-08T18:55:00Z,2024-01-08T19:00:00Z,14.06,62.49,102.65
72:a5:12:55:c5:00,2024-01-08T19:00:00Z,2024-01-08T19:05:00Z,16.14,63.32,25.56
72:a5:12:55:c5:00,2024-01-08T19:05:00Z,2024-01-08T19:10:00Z,15.23,63.75,118.24
72:a5:12:55:c5:00,2024-01-08T19:10:00Z,2024-01-08T19:15:00Z,14.63,59.92,76.14
72:a5:12:55:c5:00,2024-01-08T19:15:00Z,2024-01-08T19:20:00Z,14.37,59.9,102.2
72:a5:12:55:c5:00,2024-01-08T19:20:00Z,2024-01-08T19:25:00Z,15.06,64.22,-64.47
72:a5:12:55:c5:00,2024-01-08T19:25:00Z,2024-01-08T19:30:00Z,15.72,62.88,35.59
72:a5:12:55:c5:00,2024-01-08T19:30:00Z,2024-01-08T19:35:00Z,15.09,61.76,-25.91
72:a5:12:55:c5:00,2024-01-08T19:35:00Z,2024-01-08T19:40:00Z,16.08,62.54,-99.8
72:a5:12:55:c5:00,2024-01-08T19:40:00Z,2024-01-08T19:45:00Z,14.3,61.53,89.76
72:a5:12:55:c5:00,2024-01-08T19:45:00Z,2024-01-08T19:50:00Z,15.16,62.64,-17.62
72:a5:12:55:c5:00,2024-01-08T19:50:00Z,2024-01-08T19:55:00Z,14.42,60.92,-63.31
72:a5:12:55:c5:00,2024-01-08T19:55:00Z,2024-01-08T20:00:00Z,15.39,62.13,-24.87
72:a5:12:55:c5:00,2024-01-08T20:00:00Z,2024-01-08T20:05:00Z,16.2,57.37,-47.77
72:a5:12:55:c5:00,2024-01-08T20:05:00Z,2024-01-08T20:10:00Z,15.42,59.02,-41.62
72:a5:12:55:c5:00,2024-01-08T20:10:00Z,2024-01-08T20:15:00Z,14.11,59.04,-13.3
72:a5:12:55:c5:00,2024-01-08T20:15:00Z,2024-01-08T20:20:00Z,15.79,59.64,103.85
72:a5:12:55:c5:00,2024-01-08T20:20:00Z,2024-01-08T20:25:00Z,15.93,58.54,-39.98
72:a5:12:55:c5:00,2024-01-08T20:25:00Z,2024-01-08T20:30:00Z,15.91,59.33,99.56
72:a5:12:55:c5:00,2024-01-08T20:30:00Z,2024-01-08T20:35:00Z,16.41,57.36,50.93
72:a5:12:55:c5:00,2024-01-08T20:35:00Z,2024-01-08T20:40:00Z,15.03,61.49,23.78
72:a5:12:55:c5:00,2024-01-08T20:40:00Z,2024-01-08T20:45:00Z,16.08,60.23,44.89
72:a5:12:55:c5:00,2024-01-08T20:45:00Z,2024-01-08T20:50:00Z,16.39,56.98,0.82
72:a5:12:55:c5:00,2024-01-08T20:50:00Z,2024-01-08T20:55:00Z,14.6,58.72,77.16
72:a5:12:55:c5:00,2024-01-08T20:55:00Z,2024-01-08T21:00:00Z,15.86,61.07,34.02
72:a5:12:55:c5:00,2024-01-08T21:00:00Z,2024-01-08T21:05:00Z,16.16,57.4,-99.88
72:a5:12:55:c5:00,2024-01-08T21:05:00Z,2024-01-08T21:10:00Z,16.42,57.09,17.78
72:a5:12:55:c5:00,2024-01-08T21:10:00Z,2024-01-08T21:15:00Z,16.67,58.34,47.04
72:a5:12:55:c5:00,2024-01-08T21:15:00Z,2024-01-08T21:20:00Z,16.17,59.17,-17.34
72:a5:12:55:c5:00,2024-01-08T21:20:00Z,2024-01-08T21:25:00Z,16.06,55.61,7.58
72:a5:12:55:c5:00,2024-01-08T21:25:00Z,2024-01-08T21:30:00Z,16.48,59.59,-36.77
72:a5:12:55:c5:00,2024-01-08T21:30:00Z,2024-01-08T21:35:00Z,15.81,56.88,-82.66
72:a5:12:55:c5:00,2024-01-08T21:35:00Z,2024-01-08T21:40:00Z,15.81,58.45,-93.02
72:a5:12:55:c5:00,2024-01-08T21:40:00Z,2024-01-08T21:45:00Z,16.87,58.41,-92.22
72:a5:12:55:c5:00,2024-01-08T21:45:00Z,2024-01-08T21:50:00Z,15.78,57.43,40.14
72:a5:12:55:c5:00,2024-01-08T21:50:00Z,2024-01-08T21:55:00Z,16.86,56.44,-149.42
72:a5:12:55:c5:00,2024-01-08T21:55:00Z,2024-01-08T22:00:00Z,16.74,57.91,-39.99
72:a5:12:55:c5:00,2024-01-08T22:00:00Z,2024-01-08T22:05:00Z,16.46,59.25,-45.94
72:a5:12:55:c5:00,2024-01-08T22:05:00Z,2024-01-08T22:10:00Z,17.09,53.28,-16.93
72:a5:12:55:c5:00,2024-01-08T22:10:00Z,2024-01-08T22:15:00Z,18.22,59.38,-111.39
72:a5:12:55:c5:00,2024-01-08T22:15:00Z,2024-01-08T22:20:00Z,16.91,55.48,24.23
72:a5:12:55:c5:00,2024-01-08T22:20:00Z,2024-01-08T22:25:00Z,17.22,56.07,-76.39
72:a5:12:55:c5:00,2024-01-08T22:25:00Z,2024-01-08T22:30:00Z,17.78,53.83,67.94
72:a5:12:55:c5:00,2024-01-08T22:30:00Z,2024-01-08T22:35:00Z,17.97,54.46,-37.31
72:a5:12:55:c5:00,2024-01-08T22:35:00Z,2024-01-08T22:40:00Z,17.35,54.99,-5.74
72:a5:12:55:c5:00,2024-01-08T22:40:00Z,2024-01-08T22:45:00Z,17.14,53.91,0.23
72:a5:12:55:c5:00,2024-01-08T22:45:00Z,2024-01-08T22:50:00Z,18.35,55.58,14.65
72:a5:12:55:c5:00,2024-01-08T22:50:00Z,2024-01-08T22:55:00Z,18.54,55.19,2.22
72:a5:12:55:c5:00,2024-01-08T22:55:00Z,2024-01-08T23:00:00Z,18.09,59.7,-25.63
72:a5:12:55:c5:00,2024-01-08T23:00:00Z,2024-01-08T23:05:00Z,18.76,50.77,20.58
72:a5:12:55:c5:00,2024-01-08T23:05:00Z,2024-01-08T23:10:00Z,18.22,53.31,27.97
72:a5:12:55:c5:00,2024-01-08T23:10:00Z,2024-01-08T23:15:00Z,18.21,53.6,-45.91
72:a5:12:55:c5:00,2024-01-08T23:15:00Z,2024-01-08T23:20:00Z,19.02,50.97,25.58
72:a5:12:55:c5:00,2024-01-08T23:20:00Z,2024-01-08T23:25:00Z,18.96,54.48,71.5
72:a5:12:55:c5:00,2024-01-08T23:25:00Z,2024-01-08T23:30:00Z,19.55,52.31,42.35
72:a5:12:55:c5:00,2024-01-08T23:30:00Z,2024-01-08T23:35:00Z,19.1,48.12,55.94
72:a5:12:55:c5:00,2024-01-08T23:35:00Z,2024-01-08T23:40:00Z,17.8,54.43,10.32
72:a5:12:55:c5:00,2024-01-08T23:40:00Z,2024-01-08T23:45:00Z,19.34,50.87,-56.17
72:a5:12:55:c5:00,2024-01-08T23:45:00Z,2024-01-08T23:50:00Z,18.11,51.01,-48.58
72:a5:12:55:c5:00,2024-01-08T23:50:00Z,2024-01-08T23:55:00Z,18.48,54.48,19.19
72:a5:12:55:c5:00,2024-01-08T23:55:00Z,2024-01-09T00:00:00Z,18.86,52.41,56.57
72:a5:12:55:c5:00,2024-01-09T00:00:00Z,2024-01-09T00:05:00Z,21.2,51.84,167.15
72:a5:12:55:c5:00,2024-01-09T00:05:00Z,2024-01-09T00:10:00Z,21.87,52.42,58.91
72:a5:12:55:c5:00,2024-01-09T00:10:00Z,2024-01-09T00:15:00Z,20.36,48.71,-70.23
72:a5:12:55:c5:00,2024-01-09T00:15:00Z,2024-01-09T00:20:00Z,19.89,51.59,-46.04
72:a5:12:55:c5:00,2024-01-09T00:20:00Z,2024-01-09T00:25:00Z,20.32,48.49,136.71
72:a5:12:55:c5:00,2024-01-09T00:25:00Z,2024-01-09T00:30:00Z,20.53,54.47,-12.86
72:a5:12:55:c5:00,2024-01-09T00:30:00Z,2024-01-09T00:35:00Z,19.81,48.61,2.85
72:a5:12:55:c5:00,2024-01-09T00:35:00Z,2024-01-09T00:40:00Z,21.08,52.05,-57.63
72:a5:12:55:c5:00,2024-01-09T00:40:00Z,2024-01-09T00:45:00Z,20.14,51.69,93.91
72:a5:12:55:c5:00,2024-01-09T00:45:00Z,2024-01-09T00:50:00Z,20.3,50.63,30.02
72:a5:12:55:c5:00,2024-01-09T00:50:00Z,2024-01-09T00:55:00Z,20.4,48.66,-46.48
72:a5:12:55:c5:00,2024-01-09T00:55:00Z,2024-01-09T01:00:00Z,20.25,49.7,-59.63
72:a5:12:55:c5:00,2024-01-09T01:00:00Z,2024-01-09T01:05:00Z,21.8,42.59,536.07
72:a5:12:55:c5:00,2024-01-09T01:05:00Z,2024-01-09T01:10:00Z,20.92,47.34,520.29
72:a5:12:55:c5:00,2024-01-09T01:10:00Z,2024-01-09T01:15:00Z,20.96,47.59,567.56
72:a5:12:55:c5:00,2024-01-09T01:15:00Z,2024-01-09T01:20:00Z,20.63,47.16,550.46
72:a5:12:55:c5:00,2024-01-09T01:20:00Z,2024-01-09T01:25:00Z,21.56,40.95,501.77
72:a5:12:55:c5:00,2024-01-09T01:25:00Z,2024-01-09T01:30:00Z,21.76,44.36,485.01
72:a5:12:55:c5:00,2024-01-09T01:30:00Z,2024-01-09T01:35:00Z,21.57,45.4,508.04
72:a5:12:55:c5:00,2024-01-09T01:35:00Z,2024-01-09T01:40:00Z,22.3,47.48,484.6
72:a5:12:55:c5:00,2024-01-09T01:40:00Z,2024-01-09T01:45:00Z,21.29,47.47,509.83
72:a5:12:55:c5:00,2024-01-09T01:45:00Z,2024-01-09T01:50:00Z,21.7,46.55,518.62
72:a5:12:55:c5:00,2024-01-09T01:50:00Z,2024-01-09T01:55:00Z,20.64,48.16,463.76
72:a5:12:55:c5:00,2024-01-09T01:55:00Z,2024-01-09T02:00:00Z,21.06,44.84,555.48
72:a5:12:55:c5:00,2024-01-09T02:00:00Z,2024-01-09T02:05:00Z,22.92,45.22,977.77
72:a5:12:55:c5:00,2024-01-09T02:05:00Z,2024-01-09T02:10:00Z,23.01,44.95,949.49
72:a5:12:55:c5:00,2024-01-09T02:10:00Z,2024-01-09T02:15:00Z,22.32,44.76,978.9
72:a5:12:55:c5:00,2024-01-09T02:15:00Z,2024-01-09T02:20:00Z,22.46,43.64,1014.54
72:a5:12:55:c5:00,2024-01-09T02:20:00Z,2024-01-09T02:25:00Z,21.59,47.66,1004.98
72:a5:12:55:c5:00,2024-01-09T02:25:00Z,2024-01-09T02:30:00Z,22.29,44.99,1025.33
72:a5:12:55:c5:00,2024-01-09T02:30:00Z,2024-01-09T02:35:00Z,23.03,42.06,1053.9
72:a5:12:55:c5:00,2024-01-09T02:35:00Z,2024-01-09T02:40:00Z,22.85,44.5,1078.3
72:a5:12:55:c5:00,2024-01-09T02:40:00Z,2024-01-09T02:45:00Z,22.8,45.5,1017.13
72:a5:12:55:c5:00,2024-01-09T02:45:00Z,2024-01-09T02:50:00Z,22.53,42.82,935.84
72:a5:12:55:c5:00,2024-01-09T02:50:00Z,2024-01-09T02:55:00Z,22.5,46.18,983.85
72:a5:12:55:c5:00,2024-01-09T02:55:00Z,2024-01-09T03:00:00Z,22.1,44.76,939.74
72:a5:12:55:c5:00,2024-01-09T03:00:00Z,2024-01-09T03:05:00Z,23.95,36.83,1516.02
72:a5:12:55:c5:00,2024-01-09T03:05:00Z,2024-01-09T03:10:00Z,23.79,42.11,1533.46
72:a5:12:55:c5:00,2024-01-09T03:10:00Z,2024-01-09T03:15:00Z,23.83,40.7,1453.23
72:a5:12:55:c5:00,2024-01-09T03:15:00Z,2024-01-09T03:20:00Z,23.22,42.59,1465.72
72:a5:12:55:c5:00,2024-01-09T03:20:00Z,2024-01-09T03:25:00Z,22.24,43.4,1429.27
72:a5:12:55:c5:00,2024-01-09T03:25:00Z,2024-01-09T03:30:00Z,24.19,41.91,1436.18
72:a5:12:55:c5:00,2024-01-09T03:30:00Z,2024-01-09T03:35:00Z,23.25,44.85,1318.37
72:a5:12:55:c5:00,2024-01-09T03:35:00Z,2024-01-09T03:40:00Z,23.02,41.16,1409.78
72:a5:12:55:c5:00,2024-01-09T03:40:00Z,2024-01-09T03:45:00Z,23.95,42.76,1361.34
72:a5:12:55:c5:00,2024-01-09T03:45:00Z,2024-01-09T03:50:00Z,23.3,43.12,1431.09
72:a5:12:55:c5:00,2024-01-09T03:50:00Z,2024-01-09T03:55:00Z,24.17,41.32,1410.64
72:a5:12:55:c5:00,2024-01-09T03:55:00Z,2024-01-09T04:00:00Z,23.91,43.07,1531.02
72:a5:12:55:c5:00,2024-01-09T04:00:00Z,2024-01-09T04:05:00Z,24.74,38.42,1787.05
72:a5:12:55:c5:00,2024-01-09T04:05:00Z,2024-01-09T04:10:00Z,23.51,38.76,1749.12
72:a5:12:55:c5:00,2024-01-09T04:10:00Z,2024-01-09T04:15:00Z,25.06,36.98,1716.03
72:a5:12:55:c5:00,2024-01-09T04:15:00Z,2024-01-09T04:20:00Z,24.49,40.09,1832.61
72:a5:12:55:c5:00,2024-01-09T04:20:00Z,2024-01-09T04:25:00Z,24.11,40.26,1730.25
72:a5:12:55:c5:00,2024-01-09T04:25:00Z,2024-01-09T04:30:00Z,24.42,41.97,1751.95
72:a5:12:55:c5:00,2024-01-09T04:30:00Z,2024-01-09T04:35:00Z,23.26,41.19,1734.59
72:a5:12:55:c5:00,2024-01-09T04:35:00Z,2024-01-09T04:40:00Z,24.58,39.04,1707.8
72:a5:12:55:c5:00,2024-01-09T04:40:00Z,2024-01-09T04:45:00Z,23.71,37.25,1734.24
72:a5:12:55:c5:00,2024-01-09T04:45:00Z,2024-01-09T04:50:00Z,23.52,40.47,1614.33
72:a5:12:55:c5:00,2024-01-09T04:50:00Z,2024-01-09T04:55:00Z,23.42,41.83,1639.19
72:a5:12:55:c5:00,2024-01-09T04:55:00Z,2024-01-09T05:00:00Z,25.0,41.12,1753.03
72:a5:12:55:c5:00,2024-01-09T05:00:00Z,2024-01-09T05:05:00Z,24.45,40.58,2025.94
72:a5:12:55:c5:00,2024-01-09T05:05:00Z,2024-01-09T05:10:00Z,25.75,37.99,1952.74
72:a5:12:55:c5:00,2024-01-09T05:10:00Z,2024-01-09T05:15:00Z,24.51,37.48,1888.63
72:a5:12:55:c5:00,2024-01-09T05:15:00Z,2024-01-09T05:20:00Z,23.81,36.94,1845.28
72:a5:12:55:c5:00,2024-01-09T05:20:00Z,2024-01-09T05:25:00Z,24.16,38.3,1978.92
72:a5:12:55:c5:00,2024-01-09T05:25:00Z,2024-01-09T05:30:00Z,25.57,38.25,1897.82
72:a5:12:55:c5:00,2024-01-09T05:30:00Z,2024-01-09T05:35:00Z,24.74,38.82,1970.45
72:a5:12:55:c5:00,2024-01-09T05:35:00Z,2024-01-09T05:40:00Z,24.5,38.15,1955.24
72:a5:12:55:c5:00,2024-01-09T05:40:00Z,2024-01-09T05:45:00Z,24.93,38.14,1960.55
72:a5:12:55:c5:00,2024-01-09T05:45:00Z,2024-01-09T05:50:00Z,25.13,36.86,1933.87
72:a5:12:55:c5:00,2024-01-09T05:50:00Z,2024-01-09T05:55:00Z,25.5,40.29,1954.87
72:a5:12:55:c5:00,2024-01-09T05:55:00Z,2024-01-09T06:00:00Z,25.7,38.56,1924.68
72:a5:12:55:c5:00,2024-01-09T06:00:00Z,2024-01-09T06:05:00Z,24.78,37.65,1961.88
72:a5:12:55:c5:00,2024-01-09T06:05:00Z,2024-01-09T06:10:00Z,24.2,36.51,1942.19
72:a5:12:55:c5:00,2024-01-09T06:10:00Z,2024-01-09T06:15:00Z,24.75,35.34,1856.9
72:a5:12:55:c5:00,2024-01-09T06:15:00Z,2024-01-09T06:20:00Z,25.16,40.62,1989.13
72:a5:12:55:c5:00,2024-01-09T06:20:00Z,2024-01-09T06:25:00Z,24.42,39.11,2091.16
72:a5:12:55:c5:00,2024-01-09T06:25:00Z,2024-01-09T06:30:00Z,24.43,34.75,2043.8
72:a5:12:55:c5:00,2024-01-09T06:30:00Z,2024-01-09T06:35:00Z,25.21,39.53,2013.66
72:a5:12:55:c5:00,2024-01-09T06:35:00Z,2024-01-09T06:40:00Z,24.97,39.84,1955.96
72:a5:12:55:c5:00,2024-01-09T06:40:00Z,2024-01-09T06:45:00Z,25.02,38.25,2059.84
72:a5:12:55:c5:00,2024-01-09T06:45:00Z,2024-01-09T06:50:00Z,24.54,41.2,1992.84
72:a5:12:55:c5:00,2024-01-09T06:50:00Z,2024-01-09T06:55:00Z,24.86,38.43,2094.5
72:a5:12:55:c5:00,2024-01-09T06:55:00Z,2024-01-09T07:00:00Z,24.45,35.17,1941.13
72:a5:12:55:c5:00,2024-01-09T07:00:00Z,2024-01-09T07:05:00Z,25.36,39.14,1886.85
72:a5:12:55:c5:00,2024-01-09T07:05:00Z,2024-01-09T07:10:00Z,25.45,38.9,1881.02
72:a5:12:55:c5:00,2024-01-09T07:10:00Z,2024-01-09T07:15:00Z,23.72,37.2,1842.92
72:a5:12:55:c5:00,2024-01-09T07:15:00Z,2024-01-09T07:20:00Z,24.27,39.56,1875.63
72:a5:12:55:c5:00,2024-01-09T07:20:00Z,2024-01-09T07:25:00Z,23.93,35.07,1938.04
72:a5:12:55:c5:00,2024-01-09T07:25:00Z,2024-01-09T07:30:00Z,24.44,40.39,1889.12
72:a5:12:55:c5:00,2024-01-09T07:30:00Z,2024-01-09T07:35:00Z,24.78,36.65,1700.47
72:a5:12:55:c5:00,2024-01-09T07:35:00Z,2024-01-09T07:40:00Z,23.96,36.44,1996.31
72:a5:12:55:c5:00,2024-01-09T07:40:00Z,2024-01-09T07:45:00Z,24.28,38.18,1830.81
72:a5:12:55:c5:00,2024-01-09T07:45:00Z,2024-01-09T07:50:00Z,24.23,39.27,1967.21
72:a5:12:55:c5:00,2024-01-09T07:50:00Z,2024-01-09T07:55:00Z,24.95,38.74,1933.72
72:a5:12:55:c5:00,2024-01-09T07:55:00Z,2024-01-09T08:00:00Z,24.87,36.92,2058.89
72:a5:12:55:c5:00,2024-01-09T08:00:00Z,2024-01-09T08:05:00Z,23.9,38.6,1791.87
72:a5:12:55:c5:00,2024-01-09T08:05:00Z,2024-01-09T08:10:00Z,24.44,37.34,1701.77
72:a5:12:55:c5:00,2024-01-09T08:10:00Z,2024-01-09T08:15:00Z,24.0,39.16,1689.93
72:a5:12:55:c5:00,2024-01-09T08:15:00Z,2024-01-09T08:20:00Z,24.17,41.76,1822.21
72:a5:12:55:c5:00,2024-01-09T08:20:00Z,2024-01-09T08:25:00Z,25.33,39.6,1643.5
72:a5:12:55:c5:00,2024-01-09T08:25:00Z,2024-01-09T08:30:00Z,25.13,41.33,1743.5
72:a5:12:55:c5:00,2024-01-09T08:30:00Z,2024-01-09T08:35:00Z,23.55,42.52,1724.18
72:a5:12:55:c5:00,2024-01-09T08:35:00Z,2024-01-09T08:40:00Z,24.83,38.43,1711.46
72:a5:12:55:c5:00,2024-01-09T08:40:00Z,2024-01-09T08:45:00Z,24.82,39.23,1753.26
72:a5:12:55:c5:00,2024-01-09T08:45:00Z,2024-01-09T08:50:00Z,23.64,43.95,1743.42
72:a5:12:55:c5:00,2024-01-09T08:50:00Z,2024-01-09T08:55:00Z,24.82,42.5,1759.49
72:a5:12:55:c5:00,2024-01-09T08:55:00Z,2024-01-09T09:00:00Z,25.25,36.26,1740.39
72:a5:12:55:c5:00,2024-01-09T09:00:00Z,2024-01-09T09:05:00Z,22.86,42.29,1439.27
72:a5:12:55:c5:00,2024-01-09T09:05:00Z,2024-01-09T09:10:00Z,22.99,41.52,1419.82
72:a5:12:55:c5:00,2024-01-09T09:10:00Z,2024-01-09T09:15:00Z,24.15,43.17,1374.65
72:a5:12:55:c5:00,2024-01-09T09:15:00Z,2024-01-09T09:20:00Z,23.7,40.02,1414.45
72:a5:12:55:c5:00,2024-01-09T09:20:00Z,2024-01-09T09:25:00Z,23.87,39.84,1371.35
72:a5:12:55:c5:00,2024-01-09T09:25:00Z,2024-01-09T09:30:00Z,23.74,40.16,1367.39
72:a5:12:55:c5:00,2024-01-09T09:30:00Z,2024-01-09T09:35:00Z,23.77,40.37,1394.04
72:a5:12:55:c5:00,2024-01-09T09:35:00Z,2024-01-09T09:40:00Z,22.74,43.15,1407.05
72:a5:12:55:c5:00,2024-01-09T09:40:00Z,2024-01-09T09:45:00Z,24.16,39.15,1416.33
72:a5:12:55:c5:00,2024-01-09T09:45:00Z,2024-01-09T09:50:00Z,24.24,40.27,1469.2
72:a5:12:55:c5:00,2024-01-09T09:50:00Z,2024-01-09T09:55:00Z,23.4,37.94,1384.31
72:a5:12:55:c5:00,2024-01-09T09:55:00Z,2024-01-09T10:00:00Z,23.51,43.53,1426.02
72:a5:12:55:c5:00,2024-01-09T10:00:00Z,2024-01-09T10:05:00Z,21.58,46.54,1007.08
72:a5:12:55:c5:00,2024-01-09T10:05:00Z,2024-01-09T10:10:00Z,22.81,43.35,963.48
72:a5:12:55:c5:00,2024-01-09T10:10:00Z,2024-01-09T10:15:00Z,22.84,43.4,1004.42
72:a5:12:55:c5:00,2024-01-09T10:15:00Z,2024-01-09T10:20:00Z,22.46,44.91,1060.16
72:a5:12:55:c5:00,2024-01-09T10:20:00Z,2024-01-09T10:25:00Z,23.17,46.95,1011.19
72:a5:12:55:c5:00,2024-01-09T10:25:00Z,2024-01-09T10:30:00Z,22.3,44.82,1013.6
72:a5:12:55:c5:00,2024-01-09T10:30:00Z,2024-01-09T10:35:00Z,22.84,42.6,957.68
72:a5:12:55:c5:00,2024-01-09T10:35:00Z,2024-01-09T10:40:00Z,21.89,40.76,1118.13
72:a5:12:55:c5:00,2024-01-09T10:40:00Z,2024-01-09T10:45:00Z,22.49,41.77,961.1
72:a5:12:55:c5:00,2024-01-09T10:45:00Z,2024-01-09T10:50:00Z,22.4,44.15,899.93
72:a5:12:55:c5:00,2024-01-09T10:50:00Z,2024-01-09T10:55:00Z,22.64,42.69,1051.61
72:a5:12:55:c5:00,2024-01-09T10:55:00Z,2024-01-09T11:00:00Z,22.28,44.39,993.11
72:a5:12:55:c5:00,2024-01-09T11:00:00Z,2024-01-09T11:05:00Z,21.22,45.79,499.46
72:a5:12:55:c5:00,2024-01-09T11:05:00Z,2024-01-09T11:10:00Z,21.79,44.78,484.9
72:a5:12:55:c5:00,2024-01-09T11:10:00Z,2024-01-09T11:15:00Z,21.03,44.54,629.94
72:a5:12:55:c5:00,2024-01-09T11:15:00Z,2024-01-09T11:20:00Z,20.33,50.02,538.91
72:a5:12:55:c5:00,2024-01-09T11:20:00Z,2024-01-09T11:25:00Z,22.34,48.67,550.62
72:a5:12:55:c5:00,2024-01-09T11:25:00Z,2024-01-09T11:30:00Z,22.12,50.36,527.4
72:a5:12:55:c5:00,2024-01-09T11:30:00Z,2024-01-09T11:35:00Z,20.52,47.97,533.84
72:a5:12:55:c5:00,2024-01-09T11:35:00Z,2024-01-09T11:40:00Z,21.71,46.03,601.56
72:a5:12:55:c5:00,2024-01-09T11:40:00Z,2024-01-09T11:45:00Z,20.99,49.54,502.59
72:a5:12:55:c5:00,2024-01-09T11:45:00Z,2024-01-09T11:50:00Z,21.45,46.83,430.22
72:a5:12:55:c5:00,2024-01-09T11:50:00Z,2024-01-09T11:55:00Z,21.47,47.34,569.72
72:a5:12:55:c5:00,2024-01-09T11:55:00Z,2024-01-09T12:00:00Z,21.15,46.81,547.44
72:a5:12:55:c5:00,2024-01-09T12:00:00Z,2024-01-09T12:05:00Z,19.53,44.11,6.48
72:a5:12:55:c5:00,2024-01-09T12:05:00Z,2024-01-09T12:10:00Z,19.59,53.21,28.25
72:a5:12:55:c5:00,2024-01-09T12:10:00Z,2024-01-09T12:15:00Z,19.45,50.98,-22.24
72:a5:12:55:c5:00,2024-01-09T12:15:00Z,2024-01-09T12:20:00Z,19.5,50.66,1.24
72:a5:12:55:c5:00,2024-01-09T12:20:00Z,2024-01-09T12:25:00Z,19.96,49.88,-7.9
72:a5:12:55:c5:00,2024-01-09T12:25:00Z,2024-01-09T12:30:00Z,19.57,50.33,-35.49
72:a5:12:55:c5:00,2024-01-09T12:30:00Z,2024-01-09T12:35:00Z,20.41,48.81,71.35
72:a5:12:55:c5:00,2024-01-09T12:35:00Z,2024-01-09T12:40:00Z,20.89,51.23,-84.74
72:a5:12:55:c5:00,2024-01-09T12:40:00Z,2024-01-09T12:45:00Z,19.65,47.39,141.65
72:a5:12:55:c5:00,2024-01-09T12:45:00Z,2024-01-09T12:50:00Z,20.14,50.37,52.64
72:a5:12:55:c5:00,2024-01-09T12:50:00Z,2024-01-09T12:55:00Z,20.3,51.12,-106.68
72:a5:12:55:c5:00,2024-01-09T12:55:00Z,2024-01-09T13:00:00Z,20.28,49.6,-13.45
72:a5:12:55:c5:00,2024-01-09T13:00:00Z,2024-01-09T13:05:00Z,18.75,53.85,-10.11
72:a5:12:55:c5:00,2024-01-09T13:05:00Z,2024-01-09T13:10:00Z,19.15,51.12,23.51
72:a5:12:55:c5:00,2024-01-09T13:10:00Z,2024-01-09T13:15:00Z,19.0,51.17,-59.36
72:a5:12:55:c5:00,2024-01-09T13:15:00Z,2024-01-09T13:20:00Z,17.96,53.58,1.92
72:a5:12:55:c5:00,2024-01-09T13:20:00Z,2024-01-09T13:25:00Z,19.23,54.46,-7.27
72:a5:12:55:c5:00,2024-01-09T13:25:00Z,2024-01-09T13:30:00Z,19.24,49.36,-44.26
72:a5:12:55:c5:00,2024-01-09T13:30:00Z,2024-01-09T13:35:00Z,18.25,54.15,-52.61
72:a5:12:55:c5:00,2024-01-09T13:35:00Z,2024-01-09T13:40:00Z,18.73,52.02,55.13
72:a5:12:55:c5:00,2024-01-09T13:40:00Z,2024-01-09T13:45:00Z,19.12,52.72,-101.79
72:a5:12:55:c5:00,2024-01-09T13:45:00Z,2024-01-09T13:50:00Z,18.58,50.43,28.67
72:a5:12:55:c5:00,2024-01-09T13:50:00Z,2024-01-09T13:55:00Z,19.35,51.4,47.85
72:a5:12:55:c5:00,2024-01-09T13:55:00Z,2024-01-09T14:00:00Z,20.12,55.04,-13.11
72:a5:12:55:c5:00,2024-01-09T14:00:00Z,2024-01-09T14:05:00Z,17.03,56.07,3.14
72:a5:12:55:c5:00,2024-01-09T14:05:00Z,2024-01-09T14:10:00Z,16.67,55.23,69.81
72:a5:12:55:c5:00,2024-01-09T14:10:00Z,2024-01-09T14:15:00Z,17.68,55.77,-42.29
72:a5:12:55:c5:00,2024-01-09T14:15:00Z,2024-01-09T14:20:00Z,17.93,56.98,-36.1
72:a5:12:55:c5:00,2024-01-09T14:20:00Z,2024-01-09T14:25:00Z,17.36,56.88,-29.73
72:a5:12:55:c5:00,2024-01-09T14:25:00Z,2024-01-09T14:30:00Z,18.37,55.85,69.92
72:a5:12:55:c5:00,2024-01-09T14:30:00Z,2024-01-09T14:35:00Z,16.7,58.19,77.54
72:a5:12:55:c5:00,2024-01-09T14:35:00Z,2024-01-09T14:40:00Z,17.92,57.94,-83.75
72:a5:12:55:c5:00,2024-01-09T14:40:00Z,2024-01-09T14:45:00Z,17.14,56.83,60.37
72:a5:12:55:c5:00,2024-01-09T14:45:00Z,2024-01-09T14:50:00Z,18.53,56.11,49.13
72:a5:12:55:c5:00,2024-01-09T14:50:00Z,2024-01-09T14:55:00Z,18.7,57.31,93.22
72:a5:12:55:c5:00,2024-01-09T14:55:00Z,2024-01-09T15:00:00Z,17.04,56.63,23.11
72:a5:12:55:c5:00,2024-01-09T15:00:00Z,2024-01-09T15:05:00Z,16.13,60.61,-2.66
72:a5:12:55:c5:00,2024-01-09T15:05:00Z,2024-01-09T15:10:00Z,16.98,60.28,68.71
72:a5:12:55:c5:00,2024-01-09T15:10:00Z,2024-01-09T15:15:00Z,16.23,56.45,41.93
72:a5:12:55:c5:00,2024-01-09T15:15:00Z,2024-01-09T15:20:00Z,16.44,56.31,134.69
72:a5:12:55:c5:00,2024-01-09T15:20:00Z,2024-01-09T15:25:00Z,16.48,57.08,57.52
72:a5:12:55:c5:00,2024-01-09T15:25:00Z,2024-01-09T15:30:00Z,15.31,60.44,9.21
72:a5:12:55:c5:00,2024-01-09T15:30:00Z,2024-01-09T15:35:00Z,16.46,55.33,-70.45
72:a5:12:55:c5:00,2024-01-09T15:35:00Z,2024-01-09T15:40:00Z,16.05,59.27,-34.86
72:a5:12:55:c5:00,2024-01-09T15:40:00Z,2024-01-09T15:45:00Z,16.17,59.21,-86.16
72:a5:12:55:c5:00,2024-01-09T15:45:00Z,2024-01-09T15:50:00Z,17.33,60.81,-12.9
72:a5:12:55:c5:00,2024-01-09T15:50:00Z,2024-01-09T15:55:00Z,15.71,58.85,55.56
72:a5:12:55:c5:00,2024-01-09T15:55:00Z,2024-01-09T16:00:00Z,16.95,55.8,-0.22
72:a5:12:55:c5:00,2024-01-09T16:00:00Z,2024-01-09T16:05:00Z,15.5,58.47,61.3
72:a5:12:55:c5:00,2024-01-09T16:05:00Z,2024-01-09T16:10:00Z,15.5,58.03,20.25
72:a5:12:55:c5:00,2024-01-09T16:10:00Z,2024-01-09T16:15:00Z,16.14,59.32,-24.19
72:a5:12:55:c5:00,2024-01-09T16:15:00Z,2024-01-09T16:20:00Z,15.87,60.03,5.26
72:a5:12:55:c5:00,2024-01-09T16:20:00Z,2024-01-09T16:25:00Z,16.01,58.06,28.33
72:a5:12:55:c5:00,2024-01-09T16:25:00Z,2024-01-09T16:30:00Z,16.25,63.33,8.35
72:a5:12:55:c5:00,2024-01-09T16:30:00Z,2024-01-09T16:35:00Z,15.47,57.74,9.04
72:a5:12:55:c5:00,2024-01-09T16:35:00Z,2024-01-09T16:40:00Z,15.3,63.08,-46.14
72:a5:12:55:c5:00,2024-01-09T16:40:00Z,2024-01-09T16:45:00Z,15.02,62.76,-25.98
72:a5:12:55:c5:00,2024-01-09T16:45:00Z,2024-01-09T16:50:00Z,15.17,62.19,135.51
72:a5:12:55:c5:00,2024-01-09T16:50:00Z,2024-01-09T16:55:00Z,17.44,59.0,73.71
72:a5:12:55:c5:00,2024-01-09T16:55:00Z,2024-01-09T17:00:00Z,16.42,61.08,-88.43
72:a5:12:55:c5:00,2024-01-09T17:00:00Z,2024-01-09T17:05:00Z,14.36,59.04,-142.02
72:a5:12:55:c5:00,2024-01-09T17:05:00Z,2024-01-09T17:10:00Z,14.38,63.41,4.57
72:a5:12:55:c5:00,2024-01-09T17:10:00Z,2024-01-09T17:15:00Z,15.46,61.44,53.61
72:a5:12:55:c5:00,2024-01-09T17:15:00Z,2024-01-09T17:20:00Z,15.5,60.77,-31.2
72:a5:12:55:c5:00,2024-01-09T17:20:00Z,2024-01-09T17:25:00Z,15.5,59.14,61.3
72:a5:12:55:c5:00,2024-01-09T17:25:00Z,2024-01-09T17:30:00Z,15.02,56.64,3.58
72:a5:12:55:c5:00,2024-01-09T17:30:00Z,2024-01-09T17:35:00Z,15.1,59.51,-9.78
72:a5:12:55:c5:00,2024-01-09T17:35:00Z,2024-01-09T17:40:00Z,15.37,63.82,45.37
72:a5:12:55:c5:00,2024-01-09T17:40:00Z,2024-01-09T17:45:00Z,15.22,60.79,-31.91
72:a5:12:55:c5:00,2024-01-09T17:45:00Z,2024-01-09T17:50:00Z,13.84,61.25,-17.2
72:a5:12:55:c5:00,2024-01-09T17:50:00Z,2024-01-09T17:55:00Z,15.03,62.9,40.21
72:a5:12:55:c5:00,2024-01-09T17:55:00Z,2024-01-09T18:00:00Z,14.66,65.2,-1.88
72:a5:12:55:c5:00,2024-01-09T18:00:00Z,2024-01-09T18:05:00Z,15.11,64.65,114.53
72:a5:12:55:c5:00,2024-01-09T18:05:00Z,2024-01-09T18:10:00Z,16.79,60.06,41.63
72:a5:12:55:c5:00,2024-01-09T18:10:00Z,2024-01-09T18:15:00Z,15.22,58.11,37.73
72:a5:12:55:c5:00,2024-01-09T18:15:00Z,2024-01-09T18:20:00Z,14.81,66.72,-2.97
72:a5:12:55:c5:00,2024-01-09T18:20:00Z,2024-01-09T18:25:00Z,15.55,66.54,52.49
72:a5:12:55:c5:00,2024-01-09T18:25:00Z,2024-01-09T18:30:00Z,15.29,62.38,-19.36
72:a5:12:55:c5:00,2024-01-09T18:30:00Z,2024-01-09T18:35:00Z,15.25,59.46,16.94
72:a5:12:55:c5:00,2024-01-09T18:35:00Z,2024-01-09T18:40:00Z,15.36,63.93,-54.98
72:a5:12:55:c5:00,2024-01-09T18:40:00Z,2024-01-09T18:45:00Z,16.23,61.78,62.37
72:a5:12:55:c5:00,2024-01-09T18:45:00Z,2024-01-09T18:50:00Z,14.32,61.77,17.44
72:a5:12:55:c5:00,2024-01-09T18:50:00Z,2024-01-09T18:55:00Z,15.28,63.79,118.95
72:a5:12:55:c5:00,2024-01-09T18:55:00Z,2024-01-09T19:00:00Z,14.44,62.67,143.54
72:a5:12:55:c5:00,2024-01-09T19:00:00Z,2024-01-09T19:05:00Z,15.5,59.22,45.8
72:a5:12:55:c5:00,2024-01-09T19:05:00Z,2024-01-09T19:10:00Z,14.62,60.94,4.11
72:a5:12:55:c5:00,2024-01-09T19:10:00Z,2024-01-09T19:15:00Z,14.92,62.91,-56.76
72:a5:12:55:c5:00,2024-01-09T19:15:00Z,2024-01-09T19:20:00Z,14.99,62.61,54.28
72:a5:12:55:c5:00,2024-01-09T19:20:00Z,2024-01-09T19:25:00Z,15.76,62.12,12.62
72:a5:12:55:c5:00,2024-01-09T19:25:00Z,2024-01-09T19:30:00Z,15.72,63.46,32.28
72:a5:12:55:c5:00,2024-01-09T19:30:00Z,2024-01-09T19:35:00Z,14.42,60.87,103.79
72:a5:12:55:c5:00,2024-01-09T19:35:00Z,2024-01-09T19:40:00Z,15.2,61.95,-49.47
72:a5:12:55:c5:00,2024-01-09T19:40:00Z,2024-01-09T19:45:00Z,14.74,54.84,-55.46
72:a5:12:55:c5:00,2024-01-09T19:45:00Z,2024-01-09T19:50:00Z,14.42,60.69,-14.19
72:a5:12:55:c5:00,2024-01-09T19:50:00Z,2024-01-09T19:55:00Z,15.04,63.12,49.27
72:a5:12:55:c5:00,2024-01-09T19:55:00Z,2024-01-09T20:00:00Z,14.99,60.81,33.29
72:a5:12:55:c5:00,2024-01-09T20:00:00Z,2024-01-09T20:05:00Z,17.13,59.46,-53.74
72:a5:12:55:c5:00,2024-01-09T20:05:00Z,2024-01-09T20:10:00Z,15.93,58.31,45.39
72:a5:12:55:c5:00,2024-01-09T20:10:00Z,2024-01-09T20:15:00Z,14.84,62.4,-72.07
72:a5:12:55:c5:00,2024-01-09T20:15:00Z,2024-01-09T20:20:00Z,15.33,61.49,-50.26
72:a5:12:55:c5:00,2024-01-09T20:20:00Z,2024-01-09T20:25:00Z,16.28,62.04,-6.93
72:a5:12:55:c5:00,2024-01-09T20:25:00Z,2024-01-09T20:30:00Z,16.92,56.94,-33.21
72:a5:12:55:c5:00,2024-01-09T20:30:00Z,2024-01-09T20:35:00Z,14.72,60.07,53.39
72:a5:12:55:c5:00,2024-01-09T20:35:00Z,2024-01-09T20:40:00Z,14.54,59.83,17.18
72:a5:12:55:c5:00,2024-01-09T20:40:00Z,2024-01-09T20:45:00Z,16.79,59.83,105.93
72:a5:12:55:c5:00,2024-01-09T20:45:00Z,2024-01-09T20:50:00Z,15.9,59.16,-14.83
72:a5:12:55:c5:00,2024-01-09T20:50:00Z,2024-01-09T20:55:00Z,15.15,59.7,-7.33
72:a5:12:55:c5:00,2024-01-09T20:55:00Z,2024-01-09T21:00:00Z,15.99,62.09,72.62
72:a5:12:55:c5:00,2024-01-09T21:00:00Z,2024-01-09T21:05:00Z,14.88,54.66,-5.46
72:a5:12:55:c5:00,2024-01-09T21:05:00Z,2024-01-09T21:10:00Z,16.47,62.04,89.64
72:a5:12:55:c5:00,2024-01-09T21:10:00Z,2024-01-09T21:15:00Z,16.66,59.45,32.45
72:a5:12:55:c5:00,2024-01-09T21:15:00Z,2024-01-09T21:20:00Z,17.02,58.4,-141.17
72:a5:12:55:c5:00,2024-01-09T21:20:00Z,2024-01-09T21:25:00Z,15.86,60.3,70.65
72:a5:12:55:c5:00,2024-01-09T21:25:00Z,2024-01-09T21:30:00Z,16.52,55.58,54.76
72:a5:12:55:c5:00,2024-01-09T21:30:00Z,2024-01-09T21:35:00Z,15.91,57.16,57.08
72:a5:12:55:c5:00,2024-01-09T21:35:00Z,2024-01-09T21:40:00Z,16.62,58.24,-114.66
72:a5:12:55:c5:00,2024-01-09T21:40:00Z,2024-01-09T21:45:00Z,15.93,61.22,-39.78
72:a5:12:55:c5:00,2024-01-09T21:45:00Z,2024-01-09T21:50:00Z,16.22,58.39,-35.32
72:a5:12:55:c5:00,2024-01-09T21:50:00Z,2024-01-09T21:55:00Z,15.87,59.39,-50.47
72:a5:12:55:c5:00,2024-01-09T21:55:00Z,2024-01-09T22:00:00Z,16.86,57.31,104.52
72:a5:12:55:c5:00,2024-01-09T22:00:00Z,2024-01-09T22:05:00Z,18.02,56.97,-0.71
72:a5:12:55:c5:00,2024-01-09T22:05:00Z,2024-01-09T22:10:00Z,17.36,59.35,-2.19
72:a5:12:55:c5:00,2024-01-09T22:10:00Z,2024-01-09T22:15:00Z,17.52,57.99,33.12
72:a5:12:55:c5:00,2024-01-09T22:15:00Z,2024-01-09T22:20:00Z,16.63,55.84,34.16
72:a5:12:55:c5:00,2024-01-09T22:20:00Z,2024-01-09T22:25:00Z,17.32,57.35,-200.09
72:a5:12:55:c5:00,2024-01-09T22:25:00Z,2024-01-09T22:30:00Z,17.47,57.16,-38.78
72:a5:12:55:c5:00,2024-01-09T22:30:00Z,2024-01-09T22:35:00Z,19.07,57.01,-84.77
72:a5:12:55:c5:00,2024-01-09T22:35:00Z,2024-01-09T22:40:00Z,16.83,58.22,24.02
72:a5:12:55:c5:00,2024-01-09T22:40:00Z,2024-01-09T22:45:00Z,18.38,58.21,-17.33
72:a5:12:55:c5:00,2024-01-09T22:45:00Z,2024-01-09T22:50:00Z,18.1,55.75,0.92
72:a5:12:55:c5:00,2024-01-09T22:50:00Z,2024-01-09T22:55:00Z,17.67,57.28,-124.71
72:a5:12:55:c5:00,2024-01-09T22:55:00Z,2024-01-09T23:00:00Z,18.56,55.23,-18.59
72:a5:12:55:c5:00,2024-01-09T23:00:00Z,2024-01-09T23:05:00Z,18.93,51.26,66.91
72:a5:12:55:c5:00,2024-01-09T23:05:00Z,2024-01-09T23:10:00Z,18.94,52.57,84.57
72:a5:12:55:c5:00,2024-01-09T23:10:00Z,2024-01-09T23:15:00Z,18.67,52.95,43.13
72:a5:12:55:c5:00,2024-01-09T23:15:00Z,2024-01-09T23:20:00Z,19.44,49.78,-80.13
72:a5:12:55:c5:00,2024-01-09T23:20:00Z,2024-01-09T23:25:00Z,19.36,54.83,75.56
72:a5:12:55:c5:00,2024-01-09T23:25:00Z,2024-01-09T23:30:00Z,18.33,47.57,43.44
72:a5:12:55:c5:00,2024-01-09T23:30:00Z,2024-01-09T23:35:00Z,17.91,58.54,-7.03
72:a5:12:55:c5:00,2024-01-09T23:35:00Z,2024-01-09T23:40:00Z,18.58,56.11,-121.5
72:a5:12:55:c5:00,2024-01-09T23:40:00Z,2024-01-09T23:45:00Z,18.23,52.58,57.22
72:a5:12:55:c5:00,2024-01-09T23:45:00Z,2024-01-09T23:50:00Z,18.67,53.12,-35.53
72:a5:12:55:c5:00,2024-01-09T23:50:00Z,2024-01-09T23:55:00Z,19.45,53.71,20.77
72:a5:12:55:c5:00,2024-01-09T23:55:00Z,2024-01-10T00:00:00Z,18.43,51.93,4.1
72:a5:12:55:c5:00,2024-01-10T00:00:00Z,2024-01-10T00:05:00Z,19.97,50.39,92.3
72:a5:12:55:c5:00,2024-01-10T00:05:00Z,2024-01-10T00:10:00Z,20.03,49.71,-7.52
72:a5:12:55:c5:00,2024-01-10T00:10:00Z,2024-01-10T00:15:00Z,20.51,49.81,-0.91
72:a5:12:55:c5:00,2024-01-10T00:15:00Z,2024-01-10T00:20:00Z,18.65,50.36,94.72
72:a5:12:55:c5:00,2024-01-10T00:20:00Z,2024-01-10T00:25:00Z,19.64,47.37,-39.49
72:a5:12:55:c5:00,2024-01-10T00:25:00Z,2024-01-10T00:30:00Z,20.13,50.08,48.86
72:a5:12:55:c5:00,2024-01-10T00:30:00Z,2024-01-10T00:35:00Z,20.72,50.33,-11.92
72:a5:12:55:c5:00,2024-01-10T00:35:00Z,2024-01-10T00:40:00Z,19.7,50.26,-60.15
72:a5:12:55:c5:00,2024-01-10T00:40:00Z,2024-01-10T00:45:00Z,18.87,49.57,0.07
72:a5:12:55:c5:00,2024-01-10T00:45:00Z,2024-01-10T00:50:00Z,20.37,52.28,41.5
72:a5:12:55:c5:00,2024-01-10T00:50:00Z,2024-01-10T00:55:00Z,19.62,49.29,81.22
72:a5:12:55:c5:00,2024-01-10T00:55:00Z,2024-01-10T01:00:00Z,19.29,50.45,88.48
72:a5:12:55:c5:00,2024-01-10T01:00:00Z,2024-01-10T01:05:00Z,20.92,49.49,499.95
72:a5:12:55:c5:00,2024-01-10T01:05:00Z,2024-01-10T01:10:00Z,21.18,46.74,458.4
72:a5:12:55:c5:00,2024-01-10T01:10:00Z,2024-01-10T01:15:00Z,20.93,47.32,498.51
72:a5:12:55:c5:00,2024-01-10T01:15:00Z,2024-01-10T01:20:00Z,19.97,46.7,446.75
72:a5:12:55:c5:00,2024-01-10T01:20:00Z,2024-01-10T01:25:00Z,21.83,49.37,504.59
72:a5:12:55:c5:00,2024-01-10T01:25:00Z,2024-01-10T01:30:00Z,22.06,46.38,497.14
72:a5:12:55:c5:00,2024-01-10T01:30:00Z,2024-01-10T01:35:00Z,21.69,49.46,561.29
72:a5:12:55:c5:00,2024-01-10T01:35:00Z,2024-01-10T01:40:00Z,20.61,46.69,385.28
72:a5:12:55:c5:00,2024-01-10T01:40:00Z,2024-01-10T01:45:00Z,21.17,45.18,473.62
72:a5:12:55:c5:00,2024-01-10T01:45:00Z,2024-01-10T01:50:00Z,21.29,48.25,474.11
72:a5:12:55:c5:00,2024-01-10T01:50:00Z,2024-01-10T01:55:00Z,21.65,46.28,588.87
72:a5:12:55:c5:00,2024-01-10T01:55:00Z,2024-01-10T02:00:00Z,21.7,48.14,450.81
72:a5:12:55:c5:00,2024-01-10T02:00:00Z,2024-01-10T02:05:00Z,22.06,38.54,1013.6
72:a5:12:55:c5:00,2024-01-10T02:05:00Z,2024-01-10T02:10:00Z,22.55,44.01,992.31
72:a5:12:55:c5:00,2024-01-10T02:10:00Z,2024-01-10T02:15:00Z,22.77,43.08,1062.58
72:a5:12:55:c5:00,2024-01-10T02:15:00Z,2024-01-10T02:20:00Z,23.37,41.87,1035.75
72:a5:12:55:c5:00,2024-01-10T02:20:00Z,2024-01-10T02:25:00Z,22.92,42.89,1007.27
72:a5:12:55:c5:00,2024-01-10T02:25:00Z,2024-01-10T02:30:00Z,22.97,42.85,966.72
72:a5:12:55:c5:00,2024-01-10T02:30:00Z,2024-01-10T02:35:00Z,22.55,43.9,888.86
72:a5:12:55:c5:00,2024-01-10T02:35:00Z,2024-01-10T02:40:00Z,23.35,41.27,1014.83
72:a5:12:55:c5:00,2024-01-10T02:40:00Z,2024-01-10T02:45:00Z,22.75,44.63,1031.83
72:a5:12:55:c5:00,2024-01-10T02:45:00Z,2024-01-10T02:50:00Z,21.98,46.73,905.51
72:a5:12:55:c5:00,2024-01-10T02:50:00Z,2024-01-10T02:55:00Z,23.34,44.56,925.98
72:a5:12:55:c5:00,2024-01-10T02:55:00Z,2024-01-10T03:00:00Z,22.92,45.62,1015.14
72:a5:12:55:c5:00,2024-01-10T03:00:00Z,2024-01-10T03:05:00Z,23.27,43.7,1434.56
72:a5:12:55:c5:00,2024-01-10T03:05:00Z,2024-01-10T03:10:00Z,23.25,43.99,1354.77
72:a5:12:55:c5:00,2024-01-10T03:10:00Z,2024-01-10T03:15:00Z,23.71,45.25,1379.77
72:a5:12:55:c5:00,2024-01-10T03:15:00Z,2024-01-10T03:20:00Z,23.81,40.52,1304.02
72:a5:12:55:c5:00,2024-01-10T03:20:00Z,2024-01-10T03:25:00Z,23.65,40.08,1496.85
72:a5:12:55:c5:00,2024-01-10T03:25:00Z,2024-01-10T03:30:00Z,23.72,43.08,1336.22
72:a5:12:55:c5:00,2024-01-10T03:30:00Z,2024-01-10T03:35:00Z,24.56,42.93,1446.75
72:a5:12:55:c5:00,2024-01-10T03:35:00Z,2024-01-10T03:40:00Z,24.18,43.07,1412.12
72:a5:12:55:c5:00,2024-01-10T03:40:00Z,2024-01-10T03:45:00Z,23.65,45.29,1491.59
72:a5:12:55:c5:00,2024-01-10T03:45:00Z,2024-01-10T03:50:00Z,24.1,41.54,1366.68
72:a5:12:55:c5:00,2024-01-10T03:50:00Z,2024-01-10T03:55:00Z,22.92,42.37,1417.89
72:a5:12:55:c5:00,2024-01-10T03:55:00Z,2024-01-10T04:00:00Z,23.77,39.55,1312.31
72:a5:12:55:c5:00,2024-01-10T04:00:00Z,2024-01-10T04:05:00Z,25.42,43.88,1615.74
72:a5:12:55:c5:00,2024-01-10T04:05:00Z,2024-01-10T04:10:00Z,24.2,38.93,1767.83
72:a5:12:55:c5:00,2024-01-10T04:10:00Z,2024-01-10T04:15:00Z,23.82,38.99,1624.95
72:a5:12:55:c5:00,2024-01-10T04:15:00Z,2024-01-10T04:20:00Z,23.94,38.91,1718.36
72:a5:12:55:c5:00,2024-01-10T04:20:00Z,2024-01-10T04:25:00Z,23.68,38.32,1792.73
72:a5:12:55:c5:00,2024-01-10T04:25:00Z,2024-01-10T04:30:00Z,23.86,38.15,1776.85
72:a5:12:55:c5:00,2024-01-10T04:30:00Z,2024-01-10T04:35:00Z,24.11,38.56,1692.18
72:a5:12:55:c5:00,2024-01-10T04:35:00Z,2024-01-10T04:40:00Z,23.49,36.88,1636.74
72:a5:12:55:c5:00,2024-01-10T04:40:00Z,2024-01-10T04:45:00Z,24.34,38.04,1762.62
72:a5:12:55:c5:00,2024-01-10T04:45:00Z,2024-01-10T04:50:00Z,24.87,43.51,1812.59
72:a5:12:55:c5:00,2024-01-10T04:50:00Z,2024-01-10T04:55:00Z,23.79,41.08,1692.32
72:a5:12:55:c5:00,2024-01-10T04:55:00Z,2024-01-10T05:00:00Z,25.24,41.46,1683.85
72:a5:12:55:c5:00,2024-01-10T05:00:00Z,2024-01-10T05:05:00Z,25.14,40.76,1900.36
72:a5:12:55:c5:00,2024-01-10T05:05:00Z,2024-01-10T05:10:00Z,25.45,42.08,1966.15
72:a5:12:55:c5:00,2024-01-10T05:10:00Z,2024-01-10T05:15:00Z,24.43,34.87,2005.56
72:a5:12:55:c5:00,2024-01-10T05:15:00Z,2024-01-10T05:20:00Z,25.34,35.95,1857.48
72:a5:12:55:c5:00,2024-01-10T05:20:00Z,2024-01-10T05:25:00Z,24.17,36.8,1841.95
72:a5:12:55:c5:00,2024-01-10T05:25:00Z,2024-01-10T05:30:00Z,25.36,37.47,2072.25
72:a5:12:55:c5:00,2024-01-10T05:30:00Z,2024-01-10T05:35:00Z,24.93,37.81,1921.21
72:a5:12:55:c5:00,2024-01-10T05:35:00Z,2024-01-10T05:40:00Z,25.16,37.51,1947.03
72:a5:12:55:c5:00,2024-01-10T05:40:00Z,2024-01-10T05:45:00Z,24.12,38.85,1890.34
72:a5:12:55:c5:00,2024-01-10T05:45:00Z,2024-01-10T05:50:00Z,24.29,38.48,1961.25
72:a5:12:55:c5:00,2024-01-10T05:50:00Z,2024-01-10T05:55:00Z,25.19,36.96,1989.46
72:a5:12:55:c5:00,2024-01-10T05:55:00Z,2024-01-10T06:00:00Z,24.26,34.06,1949.84
72:a5:12:55:c5:00,2024-01-10T06:00:00Z,2024-01-10T06:05:00Z,25.28,36.01,2104.45
72:a5:12:55:c5:00,2024-01-10T06:05:00Z,2024-01-10T06:10:00Z,24.18,36.9,1980.4
72:a5:12:55:c5:00,2024-01-10T06:10:00Z,2024-01-10T06:15:00Z,25.51,37.51,1984.23
72:a5:12:55:c5:00,2024-01-10T06:15:00Z,2024-01-10T06:20:00Z,24.26,35.74,2013.88
72:a5:12:55:c5:00,2024-01-10T06:20:00Z,2024-01-10T06:25:00Z,25.33,37.02,2027.9
72:a5:12:55:c5:00,2024-01-10T06:25:00Z,2024-01-10T06:30:00Z,25.38,35.74,2013.68
72:a5:12:55:c5:00,2024-01-10T06:30:00Z,2024-01-10T06:35:00Z,24.58,37.75,1922.94
72:a5:12:55:c5:00,2024-01-10T06:35:00Z,2024-01-10T06:40:00Z,25.35,35.85,2018.75
72:a5:12:55:c5:00,2024-01-10T06:40:00Z,2024-01-10T06:45:00Z,25.16,36.3,1977.55
72:a5:12:55:c5:00,2024-01-10T06:45:00Z,2024-01-10T06:50:00Z,24.68,35.38,1965.14
72:a5:12:55:c5:00,2024-01-10T06:50:00Z,2024-01-10T06:55:00Z,24.39,37.69,2001.95
72:a5:12:55:c5:00,2024-01-10T06:55:00Z,2024-01-10T07:00:00Z,23.82,36.27,1942.31
72:a5:12:55:c5:00,2024-01-10T07:00:00Z,2024-01-10T07:05:00Z,25.04,40.22,1863.73
72:a5:12:55:c5:00,2024-01-10T07:05:00Z,2024-01-10T07:10:00Z,23.89,39.22,1774.92
72:a5:12:55:c5:00,2024-01-10T07:10:00Z,2024-01-10T07:15:00Z,24.89,38.27,2036.69
72:a5:12:55:c5:00,2024-01-10T07:15:00Z,2024-01-10T07:20:00Z,24.67,36.81,1965.2
72:a5:12:55:c5:00,2024-01-10T07:20:00Z,2024-01-10T07:25:00Z,25.24,39.17,1924.85
72:a5:12:55:c5:00,2024-01-10T07:25:00Z,2024-01-10T07:30:00Z,24.65,39.79,1891.82
72:a5:12:55:c5:00,2024-01-10T07:30:00Z,2024-01-10T07:35:00Z,24.63,38.69,1759.29
72:a5:12:55:c5:00,2024-01-10T07:35:00Z,2024-01-10T07:40:00Z,25.27,41.62,1888.14
72:a5:12:55:c5:00,2024-01-10T07:40:00Z,2024-01-10T07:45:00Z,25.03,39.33,1974.8
72:a5:12:55:c5:00,2024-01-10T07:45:00Z,2024-01-10T07:50:00Z,25.02,40.24,1988.38
72:a5:12:55:c5:00,2024-01-10T07:50:00Z,2024-01-10T07:55:00Z,25.11,38.68,1970.39
72:a5:12:55:c5:00,2024-01-10T07:55:00Z,2024-01-10T08:00:00Z,23.91,39.76,1941.36
72:a5:12:55:c5:00,2024-01-10T08:00:00Z,2024-01-10T08:05:00Z,24.78,38.01,1810.28
72:a5:12:55:c5:00,2024-01-10T08:05:00Z,2024-01-10T08:10:00Z,24.7,38.69,1712.34
72:a5:12:55:c5:00,2024-01-10T08:10:00Z,2024-01-10T08:15:00Z,23.72,40.31,1797.16
72:a5:12:55:c5:00,2024-01-10T08:15:00Z,2024-01-10T08:20:00Z,24.18,40.29,1708.98
72:a5:12:55:c5:00,2024-01-10T08:20:00Z,2024-01-10T08:25:00Z,24.31,40.62,1679.18
72:a5:12:55:c5:00,2024-01-10T08:25:00Z,2024-01-10T08:30:00Z,24.25,41.81,1671.71
72:a5:12:55:c5:00,2024-01-10T08:30:00Z,2024-01-10T08:35:00Z,24.53,36.76,1668.18
72:a5:12:55:c5:00,2024-01-10T08:35:00Z,2024-01-10T08:40:00Z,25.19,37.66,1771.59
72:a5:12:55:c5:00,2024-01-10T08:40:00Z,2024-01-10T08:45:00Z,24.98,40.07,1687.49
72:a5:12:55:c5:00,2024-01-10T08:45:00Z,2024-01-10T08:50:00Z,23.54,38.16,1670.07
72:a5:12:55:c5:00,2024-01-10T08:50:00Z,2024-01-10T08:55:00Z,24.7,46.36,1774.87
72:a5:12:55:c5:00,2024-01-10T08:55:00Z,2024-01-10T09:00:00Z,25.13,40.64,1751.73
72:a5:12:55:c5:00,2024-01-10T09:00:00Z,2024-01-10T09:05:00Z,23.77,41.36,1471.97
72:a5:12:55:c5:00,2024-01-10T09:05:00Z,2024-01-10T09:10:00Z,24.19,40.48,1444.97
72:a5:12:55:c5:00,2024-01-10T09:10:00Z,2024-01-10T09:15:00Z,24.74,40.55,1369.03
72:a5:12:55:c5:00,2024-01-10T09:15:00Z,2024-01-10T09:20:00Z,24.15,41.57,1418.78
72:a5:12:55:c5:00,2024-01-10T09:20:00Z,2024-01-10T09:25:00Z,23.69,41.74,1421.72
72:a5:12:55:c5:00,2024-01-10T09:25:00Z,2024-01-10T09:30:00Z,24.16,40.6,1359.06
72:a5:12:55:c5:00,2024-01-10T09:30:00Z,2024-01-10T09:35:00Z,23.62,40.97,1347.94
72:a5:12:55:c5:00,2024-01-10T09:35:00Z,2024-01-10T09:40:00Z,23.55,44.2,1373.37
72:a5:12:55:c5:00,2024-01-10T09:40:00Z,2024-01-10T09:45:00Z,23.32,44.28,1536.41
72:a5:12:55:c5:00,2024-01-10T09:45:00Z,2024-01-10T09:50:00Z,24.47,42.02,1389.45
72:a5:12:55:c5:00,2024-01-10T09:50:00Z,2024-01-10T09:55:00Z,23.04,38.83,1488.19
72:a5:12:55:c5:00,2024-01-10T09:55:00Z,2024-01-10T10:00:00Z,24.45,42.59,1386.09
72:a5:12:55:c5:00,2024-01-10T10:00:00Z,2024-01-10T10:05:00Z,22.8,47.11,1053.33
72:a5:12:55:c5:00,2024-01-10T10:05:00Z,2024-01-10T10:10:00Z,21.66,46.74,1054.15
72:a5:12:55:c5:00,2024-01-10T10:10:00Z,2024-01-10T10:15:00Z,22.72,45.47,1057.16
72:a5:12:55:c5:00,2024-01-10T10:15:00Z,2024-01-10T10:20:00Z,21.24,46.84,1023.27
72:a5:12:55:c5:00,2024-01-10T10:20:00Z,2024-01-10T10:25:00Z,22.88,44.11,1082.64
72:a5:12:55:c5:00,2024-01-10T10:25:00Z,2024-01-10T10:30:00Z,23.03,45.26,1022.7
72:a5:12:55:c5:00,2024-01-10T10:30:00Z,2024-01-10T10:35:00Z,22.14,42.64,1102.81
72:a5:12:55:c5:00,2024-01-10T10:35:00Z,2024-01-10T10:40:00Z,22.57,44.58,902.8
72:a5:12:55:c5:00,2024-01-10T10:40:00Z,2024-01-10T10:45:00Z,23.67,46.66,1020.9
72:a5:12:55:c5:00,2024-01-10T10:45:00Z,2024-01-10T10:50:00Z,22.2,42.82,1017.0
72:a5:12:55:c5:00,2024-01-10T10:50:00Z,2024-01-10T10:55:00Z,21.86,42.28,943.81
72:a5:12:55:c5:00,2024-01-10T10:55:00Z,2024-01-10T11:00:00Z,23.39,44.19,1034.78
72:a5:12:55:c5:00,2024-01-10T11:00:00Z,2024-01-10T11:05:00Z,22.47,46.44,428.23
72:a5:12:55:c5:00,2024-01-10T11:05:00Z,2024-01-10T11:10:00Z,21.3,48.19,478.39
72:a5:12:55:c5:00,2024-01-10T11:10:00Z,2024-01-10T11:15:00Z,21.9,45.99,397.69
72:a5:12:55:c5:00,2024-01-10T11:15:00Z,2024-01-10T11:20:00Z,22.1,50.33,611.16
72:a5:12:55:c5:00,2024-01-10T11:20:00Z,2024-01-10T11:25:00Z,20.85,44.31,503.75
72:a5:12:55:c5:00,2024-01-10T11:25:00Z,2024-01-10T11:30:00Z,21.0,49.4,647.65
72:a5:12:55:c5:00,2024-01-10T11:30:00Z,2024-01-10T11:35:00Z,22.03,45.36,565.82
72:a5:12:55:c5:00,2024-01-10T11:35:00Z,2024-01-10T11:40:00Z,22.31,43.3,544.52
72:a5:12:55:c5:00,2024-01-10T11:40:00Z,2024-01-10T11:45:00Z,21.63,47.37,482.46
72:a5:12:55:c5:00,2024-01-10T11:45:00Z,2024-01-10T11:50:00Z,20.77,46.38,454.86
72:a5:12:55:c5:00,2024-01-10T11:50:00Z,2024-01-10T11:55:00Z,22.49,44.67,549.02
72:a5:12:55:c5:00,2024-01-10T11:55:00Z,2024-01-10T12:00:00Z,20.98,43.53,513.35
72:a5:12:55:c5:00,2024-01-10T12:00:00Z,2024-01-10T12:05:00Z,19.8,49.98,-80.36
72:a5:12:55:c5:00,2024-01-10T12:05:00Z,2024-01-10T12:10:00Z,20.21,51.95,-91.01
72:a5:12:55:c5:00,2024-01-10T12:10:00Z,2024-01-10T12:15:00Z,20.93,51.17,-57.52
72:a5:12:55:c5:00,2024-01-10T12:15:00Z,2024-01-10T12:20:00Z,20.51,50.11,109.26
72:a5:12:55:c5:00,2024-01-10T12:20:00Z,2024-01-10T12:25:00Z,20.25,50.96,132.8
72:a5:12:55:c5:00,2024-01-10T12:25:00Z,2024-01-10T12:30:00Z,20.28,49.95,12.3
72:a5:12:55:c5:00,2024-01-10T12:30:00Z,2024-01-10T12:35:00Z,20.03,47.14,8.94
72:a5:12:55:c5:00,2024-01-10T12:35:00Z,2024-01-10T12:40:00Z,20.33,47.16,-20.18
72:a5:12:55:c5:00,2024-01-10T12:40:00Z,2024-01-10T12:45:00Z,18.48,49.59,-56.07
72:a5:12:55:c5:00,2024-01-10T12:45:00Z,2024-01-10T12:50:00Z,19.82,49.68,82.51
72:a5:12:55:c5:00,2024-01-10T12:50:00Z,2024-01-10T12:55:00Z,20.14,51.7,112.41
72:a5:12:55:c5:00,2024-01-10T12:55:00Z,2024-01-10T13:00:00Z,19.31,51.51,-53.61
72:a5:12:55:c5:00,2024-01-10T13:00:00Z,2024-01-10T13:05:00Z,18.94,54.32,-4.97
72:a5:12:55:c5:00,2024-01-10T13:05:00Z,2024-01-10T13:10:00Z,18.58,52.55,-26.99
72:a5:12:55:c5:00,2024-01-10T13:10:00Z,2024-01-10T13:15:00Z,19.76,50.34,-25.21
72:a5:12:55:c5:00,2024-01-10T13:15:00Z,2024-01-10T13:20:00Z,19.65,53.93,71.15
72:a5:12:55:c5:00,2024-01-10T13:20:00Z,2024-01-10T13:25:00Z,18.43,54.16,-78.72
72:a5:12:55:c5:00,2024-01-10T13:25:00Z,2024-01-10T13:30:00Z,18.62,48.33,27.99
72:a5:12:55:c5:00,2024-01-10T13:30:00Z,2024-01-10T13:35:00Z,18.66,51.44,43.69
72:a5:12:55:c5:00,2024-01-10T13:35:00Z,2024-01-10T13:40:00Z,18.43,51.72,-8.53
72:a5:12:55:c5:00,2024-01-10T13:40:00Z,2024-01-10T13:45:00Z,18.82,53.34,53.58
72:a5:12:55:c5:00,2024-01-10T13:45:00Z,2024-01-10T13:50:00Z,18.25,51.5,8.86
72:a5:12:55:c5:00,2024-01-10T13:50:00Z,2024-01-10T13:55:00Z,18.03,53.03,73.03
72:a5:12:55:c5:00,2024-01-10T13:55:00Z,2024-01-10T14:00:00Z,19.08,52.68,-91.33
72:a5:12:55:c5:00,2024-01-10T14:00:00Z,2024-01-10T14:05:00Z,17.88,55.68,-20.93
72:a5:12:55:c5:00,2024-01-10T14:05:00Z,2024-01-10T14:10:00Z,17.02,54.57,-4.31
72:a5:12:55:c5:00,2024-01-10T14:10:00Z,2024-01-10T14:15:00Z,18.04,54.72,-160.33
72:a5:12:55:c5:00,2024-01-10T14:15:00Z,2024-01-10T14:20:00Z,17.12,53.84,-65.16
72:a5:12:55:c5:00,2024-01-10T14:20:00Z,2024-01-10T14:25:00Z,17.65,56.76,-48.82
72:a5:12:55:c5:00,2024-01-10T14:25:00Z,2024-01-10T14:30:00Z,17.99,57.14,56.89
72:a5:12:55:c5:00,2024-01-10T14:30:00Z,2024-01-10T14:35:00Z,17.48,54.46,-42.41
72:a5:12:55:c5:00,2024-01-10T14:35:00Z,2024-01-10T14:40:00Z,17.77,59.04,-49.08
72:a5:12:55:c5:00,2024-01-10T14:40:00Z,2024-01-10T14:45:00Z,17.19,55.37,49.05
72:a5:12:55:c5:00,2024-01-10T14:45:00Z,2024-01-10T14:50:00Z,17.38,59.06,-97.07
72:a5:12:55:c5:00,2024-01-10T14:50:00Z,2024-01-10T14:55:00Z,17.38,54.72,-124.27
72:a5:12:55:c5:00,2024-01-10T14:55:00Z,2024-01-10T15:00:00Z,17.05,51.95,-21.7
72:a5:12:55:c5:00,2024-01-10T15:00:00Z,2024-01-10T15:05:00Z,16.36,59.29,-86.86
72:a5:12:55:c5:00,2024-01-10T15:05:00Z,2024-01-10T15:10:00Z,15.54,58.98,-84.58
72:a5:12:55:c5:00,2024-01-10T15:10:00Z,2024-01-10T15:15:00Z,16.17,58.55,34.41
72:a5:12:55:c5:00,2024-01-10T15:15:00Z,2024-01-10T15:20:00Z,16.29,57.2,52.56
72:a5:12:55:c5:00,2024-01-10T15:20:00Z,2024-01-10T15:25:00Z,16.31,58.42,47.33
72:a5:12:55:c5:00,2024-01-10T15:25:00Z,2024-01-10T15:30:00Z,16.32,57.46,66.53
72:a5:12:55:c5:00,2024-01-10T15:30:00Z,2024-01-10T15:35:00Z,16.43,57.88,74.47
72:a5:12:55:c5:00,2024-01-10T15:35:00Z,2024-01-10T15:40:00Z,16.75,60.17,-127.72
72:a5:12:55:c5:00,2024-01-10T15:40:00Z,2024-01-10T15:45:00Z,16.99,58.85,27.02
72:a5:12:55:c5:00,2024-01-10T15:45:00Z,2024-01-10T15:50:00Z,16.07,59.71,-31.78
72:a5:12:55:c5:00,2024-01-10T15:50:00Z,2024-01-10T15:55:00Z,15.74,58.02,-44.85
72:a5:12:55:c5:00,2024-01-10T15:55:00Z,2024-01-10T16:00:00Z,15.84,57.8,33.62
72:a5:12:55:c5:00,2024-01-10T16:00:00Z,2024-01-10T16:05:00Z,15.38,58.09,-103.82
72:a5:12:55:c5:00,2024-01-10T16:05:00Z,2024-01-10T16:10:00Z,15.46,59.65,-105.07
72:a5:12:55:c5:00,2024-01-10T16:10:00Z,2024-01-10T16:15:00Z,15.21,53.75,38.01
72:a5:12:55:c5:00,2024-01-10T16:15:00Z,2024-01-10T16:20:00Z,14.89,59.21,29.27
72:a5:12:55:c5:00,2024-01-10T16:20:00Z,2024-01-10T16:25:00Z,15.4,60.23,8.2
72:a5:12:55:c5:00,2024-01-10T16:25:00Z,2024-01-10T16:30:00Z,15.78,61.52,-52.79
72:a5:12:55:c5:00,2024-01-10T16:30:00Z,2024-01-10T16:35:00Z,16.03,59.85,44.63
72:a5:12:55:c5:00,2024-01-10T16:35:00Z,2024-01-10T16:40:00Z,15.34,61.09,40.82
72:a5:12:55:c5:00,2024-01-10T16:40:00Z,2024-01-10T16:45:00Z,15.42,56.03,5.12
72:a5:12:55:c5:00,2024-01-10T16:45:00Z,2024-01-10T16:50:00Z,15.11,60.28,-70.64
72:a5:12:55:c5:00,2024-01-10T16:50:00Z,2024-01-10T16:55:00Z,15.65,57.03,-25.51
72:a5:12:55:c5:00,2024-01-10T16:55:00Z,2024-01-10T17:00:00Z,15.16,57.98,50.27
72:a5:12:55:c5:00,2024-01-10T17:00:00Z,2024-01-10T17:05:00Z,15.51,61.22,79.63
72:a5:12:55:c5:00,2024-01-10T17:05:00Z,2024-01-10T17:10:00Z,14.1,64.14,-19.59
72:a5:12:55:c5:00,2024-01-10T17:10:00Z,2024-01-10T17:15:00Z,14.95,62.33,-14.98
72:a5:12:55:c5:00,2024-01-10T17:15:00Z,2024-01-10T17:20:00Z,15.35,61.63,-9.7
72:a5:12:55:c5:00,2024-01-10T17:20:00Z,2024-01-10T17:25:00Z,15.28,61.55,16.49
72:a5:12:55:c5:00,2024-01-10T17:25:00Z,2024-01-10T17:30:00Z,16.79,60.16,-34.86
72:a5:12:55:c5:00,2024-01-10T17:30:00Z,2024-01-10T17:35:00Z,15.38,60.5,-173.65
72:a5:12:55:c5:00,2024-01-10T17:35:00Z,2024-01-10T17:40:00Z,14.57,62.45,71.57
72:a5:12:55:c5:00,2024-01-10T17:40:00Z,2024-01-10T17:45:00Z,15.11,58.82,107.68
72:a5:12:55:c5:00,2024-01-10T17:45:00Z,2024-01-10T17:50:00Z,14.1,62.78,-36.74
72:a5:12:55:c5:00,2024-01-10T17:50:00Z,2024-01-10T17:55:00Z,15.12,60.81,-64.0
72:a5:12:55:c5:00,2024-01-10T17:55:00Z,2024-01-10T18:00:00Z,14.67,63.24,-8.23
72:a5:12:55:c5:00,2024-01-10T18:00:00Z,2024-01-10T18:05:00Z,15.55,63.92,-11.25
72:a5:12:55:c5:00,2024-01-10T18:05:00Z,2024-01-10T18:10:00Z,14.67,58.65,59.73
72:a5:12:55:c5:00,2024-01-10T18:10:00Z,2024-01-10T18:15:00Z,14.93,60.84,3.28
72:a5:12:55:c5:00,2024-01-10T18:15:00Z,2024-01-10T18:20:00Z,14.62,60.29,-47.56
72:a5:12:55:c5:00,2024-01-10T18:20:00Z,2024-01-10T18:25:00Z,16.04,58.37,-79.1
72:a5:12:55:c5:00,2024-01-10T18:25:00Z,2024-01-10T18:30:00Z,14.81,59.93,51.94
72:a5:12:55:c5:00,2024-01-10T18:30:00Z,2024-01-10T18:35:00Z,16.1,66.88,35.97
72:a5:12:55:c5:00,2024-01-10T18:35:00Z,2024-01-10T18:40:00Z,15.49,63.22,63.63
72:a5:12:55:c5:00,2024-01-10T18:40:00Z,2024-01-10T18:45:00Z,15.29,65.83,-58.09
72:a5:12:55:c5:00,2024-01-10T18:45:00Z,2024-01-10T18:50:00Z,15.22,63.66,110.31
72:a5:12:55:c5:00,2024-01-10T18:50:00Z,2024-01-10T18:55:00Z,15.24,60.52,-104.62
72:a5:12:55:c5:00,2024-01-10T18:55:00Z,2024-01-10T19:00:00Z,13.84,61.24,42.58
72:a5:12:55:c5:00,2024-01-10T19:00:00Z,2024-01-10T19:05:00Z,15.0,62.77,-114.57
72:a5:12:55:c5:00,2024-01-10T19:05:00Z,2024-01-10T19:10:00Z,15.68,62.47,-47.42
72:a5:12:55:c5:00,2024-01-10T19:10:00Z,2024-01-10T19:15:00Z,15.14,60.44,93.66
72:a5:12:55:c5:00,2024-01-10T19:15:00Z,2024-01-10T19:20:00Z,14.33,58.57,49.88
72:a5:12:55:c5:00,2024-01-10T19:20:00Z,2024-01-10T19:25:00Z,15.14,68.17,-32.77
72:a5:12:55:c5:00,2024-01-10T19:25:00Z,2024-01-10T19:30:00Z,16.19,61.31,-31.13
72:a5:12:55:c5:00,2024-01-10T19:30:00Z,2024-01-10T19:35:00Z,15.92,60.94,6.04
72:a5:12:55:c5:00,2024-01-10T19:35:00Z,2024-01-10T19:40:00Z,15.13,61.82,30.85
72:a5:12:55:c5:00,2024-01-10T19:40:00Z,2024-01-10T19:45:00Z,15.74,61.11,75.09
72:a5:12:55:c5:00,2024-01-10T19:45:00Z,2024-01-10T19:50:00Z,14.95,61.84,-27.37
72:a5:12:55:c5:00,2024-01-10T19:50:00Z,2024-01-10T19:55:00Z,14.15,64.17,-96.71
72:a5:12:55:c5:00,2024-01-10T19:55:00Z,2024-01-10T20:00:00Z,14.62,61.34,9.42
72:a5:12:55:c5:00,2024-01-10T20:00:00Z,2024-01-10T20:05:00Z,16.61,58.07,-27.45
72:a5:12:55:c5:00,2024-01-10T20:05:00Z,2024-01-10T20:10:00Z,15.51,60.07,-78.04
72:a5:12:55:c5:00,2024-01-10T20:10:00Z,2024-01-10T20:15:00Z,15.52,59.46,17.86
72:a5:12:55:c5:00,2024-01-10T20:15:00Z,2024-01-10T20:20:00Z,15.49,63.24,-12.79
72:a5:12:55:c5:00,2024-01-10T20:20:00Z,2024-01-10T20:25:00Z,16.81,62.73,18.39
72:a5:12:55:c5:00,2024-01-10T20:25:00Z,2024-01-10T20:30:00Z,16.65,60.61,-53.67
72:a5:12:55:c5:00,2024-01-10T20:30:00Z,2024-01-10T20:35:00Z,17.0,57.83,29.2
72:a5:12:55:c5:00,2024-01-10T20:35:00Z,2024-01-10T20:40:00Z,15.57,57.94,-79.03
72:a5:12:55:c5:00,2024-01-10T20:40:00Z,2024-01-10T20:45:00Z,15.85,60.42,-49.66
72:a5:12:55:c5:00,2024-01-10T20:45:00Z,2024-01-10T20:50:00Z,14.76,61.06,-14.57
72:a5:12:55:c5:00,2024-01-10T20:50:00Z,2024-01-10T20:55:00Z,16.56,59.64,104.51
72:a5:12:55:c5:00,2024-01-10T20:55:00Z,2024-01-10T21:00:00Z,14.97,59.43,47.09
72:a5:12:55:c5:00,2024-01-10T21:00:00Z,2024-01-10T21:05:00Z,16.59,57.3,64.63
72:a5:12:55:c5:00,2024-01-10T21:05:00Z,2024-01-10T21:10:00Z,15.81,58.44,85.02
72:a5:12:55:c5:00,2024-01-10T21:10:00Z,2024-01-10T21:15:00Z,16.11,53.72,216.17
72:a5:12:55:c5:00,2024-01-10T21:15:00Z,2024-01-10T21:20:00Z,15.96,56.28,2.5
72:a5:12:55:c5:00,2024-01-10T21:20:00Z,2024-01-10T21:25:00Z,16.1,57.23,85.22
72:a5:12:55:c5:00,2024-01-10T21:25:00Z,2024-01-10T21:30:00Z,16.14,60.9,60.76
72:a5:12:55:c5:00,2024-01-10T21:30:00Z,2024-01-10T21:35:00Z,16.14,56.86,59.76
72:a5:12:55:c5:00,2024-01-10T21:35:00Z,2024-01-10T21:40:00Z,16.96,58.85,106.45
72:a5:12:55:c5:00,2024-01-10T21:40:00Z,2024-01-10T21:45:00Z,15.8,58.94,-25.16
72:a5:12:55:c5:00,2024-01-10T21:45:00Z,2024-01-10T21:50:00Z,16.6,61.08,-29.92
72:a5:12:55:c5:00,2024-01-10T21:50:00Z,2024-01-10T21:55:00Z,17.2,61.01,19.19
72:a5:12:55:c5:00,2024-01-10T21:55:00Z,2024-01-10T22:00:00Z,16.16,58.37,-10.96
72:a5:12:55:c5:00,2024-01-10T22:00:00Z,2024-01-10T22:05:00Z,17.07,55.05,19.11
72:a5:12:55:c5:00,2024-01-10T22:05:00Z,2024-01-10T22:10:00Z,17.36,54.67,93.76
72:a5:12:55:c5:00,2024-01-10T22:10:00Z,2024-01-10T22:15:00Z,18.21,55.52,-28.69
72:a5:12:55:c5:00,2024-01-10T22:15:00Z,2024-01-10T22:20:00Z,17.62,55.13,-18.28
72:a5:12:55:c5:00,2024-01-10T22:20:00Z,2024-01-10T22:25:00Z,17.18,57.11,10.46
72:a5:12:55:c5:00,2024-01-10T22:25:00Z,2024-01-10T22:30:00Z,17.79,56.84,-13.7
72:a5:12:55:c5:00,2024-01-10T22:30:00Z,2024-01-10T22:35:00Z,16.84,57.18,-114.84
72:a5:12:55:c5:00,2024-01-10T22:35:00Z,2024-01-10T22:40:00Z,17.91,58.52,-34.81
72:a5:12:55:c5:00,2024-01-10T22:40:00Z,2024-01-10T22:45:00Z,17.75,59.73,41.24
72:a5:12:55:c5:00,2024-01-10T22:45:00Z,2024-01-10T22:50:00Z,17.32,56.25,86.25
72:a5:12:55:c5:00,2024-01-10T22:50:00Z,2024-01-10T22:55:00Z,17.0,58.2,-69.28
72:a5:12:55:c5:00,2024-01-10T22:55:00Z,2024-01-10T23:00:00Z,16.97,55.3,-69.56
72:a5:12:55:c5:00,2024-01-10T23:00:00Z,2024-01-10T23:05:00Z,19.03,55.48,1.81
72:a5:12:55:c5:00,2024-01-10T23:05:00Z,2024-01-10T23:10:00Z,19.44,55.23,-124.54
72:a5:12:55:c5:00,2024-01-10T23:10:00Z,2024-01-10T23:15:00Z,18.32,55.12,-26.7
72:a5:12:55:c5:00,2024-01-10T23:15:00Z,2024-01-10T23:20:00Z,18.98,53.29,-104.16
72:a5:12:55:c5:00,2024-01-10T23:20:00Z,2024-01-10T23:25:00Z,17.45,51.77,82.14
72:a5:12:55:c5:00,2024-01-10T23:25:00Z,2024-01-10T23:30:00Z,18.36,50.32,-46.16
72:a5:12:55:c5:00,2024-01-10T23:30:00Z,2024-01-10T23:35:00Z,18.69,53.03,99.17
72:a5:12:55:c5:00,2024-01-10T23:35:00Z,2024-01-10T23:40:00Z,18.16,56.17,66.81
72:a5:12:55:c5:00,2024-01-10T23:40:00Z,2024-01-10T23:45:00Z,18.14,52.49,-38.78
72:a5:12:55:c5:00,2024-01-10T23:45:00Z,2024-01-10T23:50:00Z,18.31,54.68,-64.32
72:a5:12:55:c5:00,2024-01-10T23:50:00Z,2024-01-10T23:55:00Z,18.88,54.79,-11.61
72:a5:12:55:c5:00,2024-01-10T23:55:00Z,2024-01-11T00:00:00Z,18.59,52.54,-6.28
72:a5:12:55:c5:00,2024-01-11T00:00:00Z,2024-01-11T00:05:00Z,18.66,52.63,20.77
72:a5:12:55:c5:00,2024-01-11T00:05:00Z,2024-01-11T00:10:00Z,18.73,44.18,-46.59
72:a5:12:55:c5:00,2024-01-11T00:10:00Z,2024-01-11T00:15:00Z,19.64,47.55,44.78
72:a5:12:55:c5:00,2024-01-11T00:15:00Z,2024-01-11T00:20:00Z,20.27,48.17,15.92
72:a5:12:55:c5:00,2024-01-11T00:20:00Z,2024-01-11T00:25:00Z,18.35,48.36,-20.42
72:a5:12:55:c5:00,2024-01-11T00:25:00Z,2024-01-11T00:30:00Z,19.7,50.67,-42.72
72:a5:12:55:c5:00,2024-01-11T00:30:00Z,2024-01-11T00:35:00Z,19.68,50.58,-11.09
72:a5:12:55:c5:00,2024-01-11T00:35:00Z,2024-01-11T00:40:00Z,20.83,50.79,-49.01
72:a5:12:55:c5:00,2024-01-11T00:40:00Z,2024-01-11T00:45:00Z,19.77,51.19,3.51
72:a5:12:55:c5:00,2024-01-11T00:45:00Z,2024-01-11T00:50:00Z,20.23,48.1,5.13
72:a5:12:55:c5:00,2024-01-11T00:50:00Z,2024-01-11T00:55:00Z,20.08,47.56,15.7
72:a5:12:55:c5:00,2024-01-11T00:55:00Z,2024-01-11T01:00:00Z,18.72,50.79,105.97
72:a5:12:55:c5:00,2024-01-11T01:00:00Z,2024-01-11T01:05:00Z,21.76,45.63,509.69
72:a5:12:55:c5:00,2024-01-11T01:05:00Z,2024-01-11T01:10:00Z,21.42,43.75,577.91
72:a5:12:55:c5:00,2024-01-11T01:10:00Z,2024-01-11T01:15:00Z,21.6,48.84,531.41
72:a5:12:55:c5:00,2024-01-11T01:15:00Z,2024-01-11T01:20:00Z,23.65,49.68,503.34
72:a5:12:55:c5:00,2024-01-11T01:20:00Z,2024-01-11T01:25:00Z,20.04,50.01,510.49
72:a5:12:55:c5:00,2024-01-11T01:25:00Z,2024-01-11T01:30:00Z,22.33,47.27,514.11
72:a5:12:55:c5:00,2024-01-11T01:30:00Z,2024-01-11T01:35:00Z,21.12,48.15,534.42
72:a5:12:55:c5:00,2024-01-11T01:35:00Z,2024-01-11T01:40:00Z,21.47,49.63,460.08
72:a5:12:55:c5:00,2024-01-11T01:40:00Z,2024-01-11T01:45:00Z,21.27,45.61,429.72
72:a5:12:55:c5:00,2024-01-11T01:45:00Z,2024-01-11T01:50:00Z,21.04,49.12,556.9
72:a5:12:55:c5:00,2024-01-11T01:50:00Z,2024-01-11T01:55:00Z,20.95,47.44,571.53
72:a5:12:55:c5:00,2024-01-11T01:55:00Z,2024-01-11T02:00:00Z,21.49,48.72,562.38
72:a5:12:55:c5:00,2024-01-11T02:00:00Z,2024-01-11T02:05:00Z,21.59,44.37,1009.3
72:a5:12:55:c5:00,2024-01-11T02:05:00Z,2024-01-11T02:10:00Z,22.95,46.59,1046.03
72:a5:12:55:c5:00,2024-01-11T02:10:00Z,2024-01-11T02:15:00Z,22.25,44.45,1042.81
72:a5:12:55:c5:00,2024-01-11T02:15:00Z,2024-01-11T02:20:00Z,21.82,41.03,1047.26
72:a5:12:55:c5:00,2024-01-11T02:20:00Z,2024-01-11T02:25:00Z,22.23,46.9,948.43
72:a5:12:55:c5:00,2024-01-11T02:25:00Z,2024-01-11T02:30:00Z,23.25,42.1,934.18
72:a5:12:55:c5:00,2024-01-11T02:30:00Z,2024-01-11T02:35:00Z,22.18,46.51,976.69
72:a5:12:55:c5:00,2024-01-11T02:35:00Z,2024-01-11T02:40:00Z,22.72,43.82,998.96
72:a5:12:55:c5:00,2024-01-11T02:40:00Z,2024-01-11T02:45:00Z,22.06,46.35,985.48
72:a5:12:55:c5:00,2024-01-11T02:45:00Z,2024-01-11T02:50:00Z,22.95,46.27,887.4
72:a5:12:55:c5:00,2024-01-11T02:50:00Z,2024-01-11T02:55:00Z,22.91,44.86,1103.3
72:a5:12:55:c5:00,2024-01-11T02:55:00Z,2024-01-11T03:00:00Z,23.61,45.02,983.56
72:a5:12:55:c5:00,2024-01-11T03:00:00Z,2024-01-11T03:05:00Z,23.43,42.36,1424.58
72:a5:12:55:c5:00,2024-01-11T03:05:00Z,2024-01-11T03:10:00Z,23.94,37.49,1488.89
72:a5:12:55:c5:00,2024-01-11T03:10:00Z,2024-01-11T03:15:00Z,23.59,41.75,1273.52
72:a5:12:55:c5:00,2024-01-11T03:15:00Z,2024-01-11T03:20:00Z,24.31,39.28,1383.51
72:a5:12:55:c5:00,2024-01-11T03:20:00Z,2024-01-11T03:25:00Z,23.1,41.86,1390.99
72:a5:12:55:c5:00,2024-01-11T03:25:00Z,2024-01-11T03:30:00Z,23.98,39.23,1394.03
72:a5:12:55:c5:00,2024-01-11T03:30:00Z,2024-01-11T03:35:00Z,23.42,39.14,1403.8
72:a5:12:55:c5:00,2024-01-11T03:35:00Z,2024-01-11T03:40:00Z,23.5,44.72,1501.04
72:a5:12:55:c5:00,2024-01-11T03:40:00Z,2024-01-11T03:45:00Z,23.59,43.65,1454.62
72:a5:12:55:c5:00,2024-01-11T03:45:00Z,2024-01-11T03:50:00Z,23.69,41.51,1471.7
72:a5:12:55:c5:00,2024-01-11T03:50:00Z,2024-01-11T03:55:00Z,23.47,41.88,1417.04
72:a5:12:55:c5:00,2024-01-11T03:55:00Z,2024-01-11T04:00:00Z,23.66,41.02,1330.25
72:a5:12:55:c5:00,2024-01-11T04:00:00Z,2024-01-11T04:05:00Z,25.28,40.75,1607.27
72:a5:12:55:c5:00,2024-01-11T04:05:00Z,2024-01-11T04:10:00Z,24.92,38.26,1640.29
72:a5:12:55:c5:00,2024-01-11T04:10:00Z,2024-01-11T04:15:00Z,24.85,41.6,1753.64
72:a5:12:55:c5:00,2024-01-11T04:15:00Z,2024-01-11T04:20:00Z,24.06,39.1,1733.96
72:a5:12:55:c5:00,2024-01-11T04:20:00Z,2024-01-11T04:25:00Z,23.8,38.77,1719.44
72:a5:12:55:c5:00,2024-01-11T04:25:00Z,2024-01-11T04:30:00Z,24.9,39.65,1709.94
72:a5:12:55:c5:00,2024-01-11T04:30:00Z,2024-01-11T04:35:00Z,24.86,38.43,1852.75
72:a5:12:55:c5:00,2024-01-11T04:35:00Z,2024-01-11T04:40:00Z,25.21,40.27,1682.68
72:a5:12:55:c5:00,2024-01-11T04:40:00Z,2024-01-11T04:45:00Z,23.97,38.53,1787.72
72:a5:12:55:c5:00,2024-01-11T04:45:00Z,2024-01-11T04:50:00Z,24.19,40.54,1732.17
72:a5:12:55:c5:00,2024-01-11T04:50:00Z,2024-01-11T04:55:00Z,23.35,42.04,1728.39
72:a5:12:55:c5:00,2024-01-11T04:55:00Z,2024-01-11T05:00:00Z,24.09,38.17,1802.65
72:a5:12:55:c5:00,2024-01-11T05:00:00Z,2024-01-11T05:05:00Z,25.43,38.15,2019.6
72:a5:12:55:c5:00,2024-01-11T05:05:00Z,2024-01-11T05:10:00Z,24.55,39.33,1917.48
72:a5:12:55:c5:00,2024-01-11T05:10:00Z,2024-01-11T05:15:00Z,25.21,37.54,1979.8
72:a5:12:55:c5:00,2024-01-11T05:15:00Z,2024-01-11T05:20:00Z,24.72,39.34,1953.69
72:a5:12:55:c5:00,2024-01-11T05:20:00Z,2024-01-11T05:25:00Z,25.02,39.52,1932.3
72:a5:12:55:c5:00,2024-01-11T05:25:00Z,2024-01-11T05:30:00Z,24.14,40.58,1944.11
72:a5:12:55:c5:00,2024-01-11T05:30:00Z,2024-01-11T05:35:00Z,24.88,37.2,1890.57
72:a5:12:55:c5:00,2024-01-11T05:35:00Z,2024-01-11T05:40:00Z,23.03,36.52,1913.49
72:a5:12:55:c5:00,2024-01-11T05:40:00Z,2024-01-11T05:45:00Z,24.72,37.79,1897.01
72:a5:12:55:c5:00,2024-01-11T05:45:00Z,2024-01-11T05:50:00Z,23.85,36.47,1985.93
72:a5:12:55:c5:00,2024-01-11T05:50:00Z,2024-01-11T05:55:00Z,25.55,39.54,1926.14
72:a5:12:55:c5:00,2024-01-11T05:55:00Z,2024-01-11T06:00:00Z,25.3,36.09,1853.99
72:a5:12:55:c5:00,2024-01-11T06:00:00Z,2024-01-11T06:05:00Z,25.28,42.67,1956.59
72:a5:12:55:c5:00,2024-01-11T06:05:00Z,2024-01-11T06:10:00Z,25.91,40.59,1808.04
72:a5:12:55:c5:00,2024-01-11T06:10:00Z,2024-01-11T06:15:00Z,24.43,38.03,1970.33
72:a5:12:55:c5:00,2024-01-11T06:15:00Z,2024-01-11T06:20:00Z,26.05,39.73,2002.26
72:a5:12:55:c5:00,2024-01-11T06:20:00Z,2024-01-11T06:25:00Z,25.56,34.73,1991.83
72:a5:12:55:c5:00,2024-01-11T06:25:00Z,2024-01-11T06:30:00Z,24.86,43.05,2118.81
72:a5:12:55:c5:00,2024-01-11T06:30:00Z,2024-01-11T06:35:00Z,25.68,36.82,2034.49
72:a5:12:55:c5:00,2024-01-11T06:35:00Z,2024-01-11T06:40:00Z,24.34,37.76,2031.83
72:a5:12:55:c5:00,2024-01-11T06:40:00Z,2024-01-11T06:45:00Z,24.51,34.29,1901.4
72:a5:12:55:c5:00,2024-01-11T06:45:00Z,2024-01-11T06:50:00Z,24.63,38.97,1978.12
72:a5:12:55:c5:00,2024-01-11T06:50:00Z,2024-01-11T06:55:00Z,24.68,35.79,1970.8
72:a5:12:55:c5:00,2024-01-11T06:55:00Z,2024-01-11T07:00:00Z,24.37,38.2,1952.84
72:a5:12:55:c5:00,2024-01-11T07:00:00Z,2024-01-11T07:05:00Z,25.56,37.32,1883.86
72:a5:12:55:c5:00,2024-01-11T07:05:00Z,2024-01-11T07:10:00Z,24.67,36.25,1823.36
72:a5:12:55:c5:00,2024-01-11T07:10:00Z,2024-01-11T07:15:00Z,25.04,36.8,1855.3
72:a5:12:55:c5:00,2024-01-11T07:15:00Z,2024-01-11T07:20:00Z,24.49,38.86,1984.3
72:a5:12:55:c5:00,2024-01-11T07:20:00Z,2024-01-11T07:25:00Z,23.74,35.85,1923.28
72:a5:12:55:c5:00,2024-01-11T07:25:00Z,2024-01-11T07:30:00Z,24.99,36.91,1901.47
72:a5:12:55:c5:00,2024-01-11T07:30:00Z,2024-01-11T07:35:00Z,23.68,39.74,1931.53
72:a5:12:55:c5:00,2024-01-11T07:35:00Z,2024-01-11T07:40:00Z,24.79,43.61,2001.9
72:a5:12:55:c5:00,2024-01-11T07:40:00Z,2024-01-11T07:45:00Z,24.01,39.36,1932.1
72:a5:12:55:c5:00,2024-01-11T07:45:00Z,2024-01-11T07:50:00Z,26.02,36.57,1964.27
72:a5:12:55:c5:00,2024-01-11T07:50:00Z,2024-01-11T07:55:00Z,25.38,37.67,1881.06
72:a5:12:55:c5:00,2024-01-11T07:55:00Z,2024-01-11T08:00:00Z,24.89,38.47,1894.73
72:a5:12:55:c5:00,2024-01-11T08:00:00Z,2024-01-11T08:05:00Z,25.09,38.91,1753.29
72:a5:12:55:c5:00,2024-01-11T08:05:00Z,2024-01-11T08:10:00Z,23.82,41.41,1845.61
72:a5:12:55:c5:00,2024-01-11T08:10:00Z,2024-01-11T08:15:00Z,24.66,40.04,1817.84
72:a5:12:55:c5:00,2024-01-11T08:15:00Z,2024-01-11T08:20:00Z,24.45,41.42,1767.02
72:a5:12:55:c5:00,2024-01-11T08:20:00Z,2024-01-11T08:25:00Z,24.49,38.98,1741.14
72:a5:12:55:c5:00,2024-01-11T08:25:00Z,2024-01-11T08:30:00Z,25.09,42.26,1816.11
72:a5:12:55:c5:00,2024-01-11T08:30:00Z,2024-01-11T08:35:00Z,24.77,39.27,1779.73
72:a5:12:55:c5:00,2024-01-11T08:35:00Z,2024-01-11T08:40:00Z,24.5,37.67,1594.43
72:a5:12:55:c5:00,2024-01-11T08:40:00Z,2024-01-11T08:45:00Z,23.34,43.96,1668.81
72:a5:12:55:c5:00,2024-01-11T08:45:00Z,2024-01-11T08:50:00Z,23.75,35.96,1752.34
72:a5:12:55:c5:00,2024-01-11T08:50:00Z,2024-01-11T08:55:00Z,24.26,38.13,1624.83
72:a5:12:55:c5:00,2024-01-11T08:55:00Z,2024-01-11T09:00:00Z,24.39,38.35,1678.2
72:a5:12:55:c5:00,2024-01-11T09:00:00Z,2024-01-11T09:05:00Z,22.86,46.53,1372.22
72:a5:12:55:c5:00,2024-01-11T09:05:00Z,2024-01-11T09:10:00Z,24.98,45.13,1398.84
72:a5:12:55:c5:00,2024-01-11T09:10:00Z,2024-01-11T09:15:00Z,24.45,44.5,1396.97
72:a5:12:55:c5:00,2024-01-11T09:15:00Z,2024-01-11T09:20:00Z,23.9,40.85,1396.87
72:a5:12:55:c5:00,2024-01-11T09:20:00Z,2024-01-11T09:25:00Z,23.58,46.37,1463.73
72:a5:12:55:c5:00,2024-01-11T09:25:00Z,2024-01-11T09:30:00Z,23.41,42.25,1398.3
72:a5:12:55:c5:00,2024-01-11T09:30:00Z,2024-01-11T09:35:00Z,22.96,43.47,1391.14
72:a5:12:55:c5:00,2024-01-11T09:35:00Z,2024-01-11T09:40:00Z,23.58,41.87,1333.26
72:a5:12:55:c5:00,2024-01-11T09:40:00Z,2024-01-11T09:45:00Z,23.69,41.42,1475.67
72:a5:12:55:c5:00,2024-01-11T09:45:00Z,2024-01-11T09:50:00Z,22.79,41.01,1373.92
72:a5:12:55:c5:00,2024-01-11T09:50:00Z,2024-01-11T09:55:00Z,23.74,41.1,1348.99
72:a5:12:55:c5:00,2024-01-11T09:55:00Z,2024-01-11T10:00:00Z,23.44,42.73,1427.0
72:a5:12:55:c5:00,2024-01-11T10:00:00Z,2024-01-11T10:05:00Z,21.36,44.73,953.98
72:a5:12:55:c5:00,2024-01-11T10:05:00Z,2024-01-11T10:10:00Z,21.98,43.94,968.44
72:a5:12:55:c5:00,2024-01-11T10:10:00Z,2024-01-11T10:15:00Z,22.25,47.02,1015.51
72:a5:12:55:c5:00,2024-01-11T10:15:00Z,2024-01-11T10:20:00Z,23.63,38.07,980.41
72:a5:12:55:c5:00,2024-01-11T10:20:00Z,2024-01-11T10:25:00Z,22.83,45.02,1138.7
72:a5:12:55:c5:00,2024-01-11T10:25:00Z,2024-01-11T10:30:00Z,21.7,45.44,995.51
72:a5:12:55:c5:00,2024-01-11T10:30:00Z,2024-01-11T10:35:00Z,22.79,46.29,1037.07
72:a5:12:55:c5:00,2024-01-11T10:35:00Z,2024-01-11T10:40:00Z,21.57,43.87,883.5
72:a5:12:55:c5:00,2024-01-11T10:40:00Z,2024-01-11T10:45:00Z,23.15,44.42,948.36
72:a5:12:55:c5:00,2024-01-11T10:45:00Z,2024-01-11T10:50:00Z,22.22,45.97,934.79
72:a5:12:55:c5:00,2024-01-11T10:50:00Z,2024-01-11T10:55:00Z,22.44,46.98,942.74
72:a5:12:55:c5:00,2024-01-11T10:55:00Z,2024-01-11T11:00:00Z,23.3,43.4,1024.93
72:a5:12:55:c5:00,2024-01-11T11:00:00Z,2024-01-11T11:05:00Z,20.52,47.43,579.77
72:a5:12:55:c5:00,2024-01-11T11:05:00Z,2024-01-11T11:10:00Z,20.46,50.25,538.32
72:a5:12:55:c5:00,2024-01-11T11:10:00Z,2024-01-11T11:15:00Z,20.94,42.65,504.04
72:a5:12:55:c5:00,2024-01-11T11:15:00Z,2024-01-11T11:20:00Z,21.92,45.51,479.79
72:a5:12:55:c5:00,2024-01-11T11:20:00Z,2024-01-11T11:25:00Z,20.38,49.83,584.45
72:a5:12:55:c5:00,2024-01-11T11:25:00Z,2024-01-11T11:30:00Z,19.59,49.08,641.91
72:a5:12:55:c5:00,2024-01-11T11:30:00Z,2024-01-11T11:35:00Z,21.02,47.94,525.74
72:a5:12:55:c5:00,2024-01-11T11:35:00Z,2024-01-11T11:40:00Z,21.63,46.0,574.0
72:a5:12:55:c5:00,2024-01-11T11:40:00Z,2024-01-11T11:45:00Z,22.01,45.13,538.24
72:a5:12:55:c5:00,2024-01-11T11:45:00Z,2024-01-11T11:50:00Z,21.02,45.71,562.97
72:a5:12:55:c5:00,2024-01-11T11:50:00Z,2024-01-11T11:55:00Z,21.05,49.99,447.77
72:a5:12:55:c5:00,2024-01-11T11:55:00Z,2024-01-11T12:00:00Z,21.99,45.64,488.35
72:a5:12:55:c5:00,2024-01-11T12:00:00Z,2024-01-11T12:05:00Z,18.88,50.2,23.73
72:a5:12:55:c5:00,2024-01-11T12:05:00Z,2024-01-11T12:10:00Z,19.77,48.49,72.75
72:a5:12:55:c5:00,2024-01-11T12:10:00Z,2024-01-11T12:15:00Z,20.11,51.69,-49.09
72:a5:12:55:c5:00,2024-01-11T12:15:00Z,2024-01-11T12:20:00Z,20.27,48.92,-122.0
72:a5:12:55:c5:00,2024-01-11T12:20:00Z,2024-01-11T12:25:00Z,19.69,49.8,-29.9
72:a5:12:55:c5:00,2024-01-11T12:25:00Z,2024-01-11T12:30:00Z,20.02,46.63,60.61
72:a5:12:55:c5:00,2024-01-11T12:30:00Z,2024-01-11T12:35:00Z,18.51,46.77,-95.03
72:a5:12:55:c5:00,2024-01-11T12:35:00Z,2024-01-11T12:40:00Z,19.61,50.02,-70.62
72:a5:12:55:c5:00,2024-01-11T12:40:00Z,2024-01-11T12:45:00Z,20.27,47.35,9.36
72:a5:12:55:c5:00,2024-01-11T12:45:00Z,2024-01-11T12:50:00Z,19.41,54.21,-6.96
72:a5:12:55:c5:00,2024-01-11T12:50:00Z,2024-01-11T12:55:00Z,20.04,45.88,35.67
72:a5:12:55:c5:00,2024-01-11T12:55:00Z,2024-01-11T13:00:00Z,20.27,48.4,-73.72
72:a5:12:55:c5:00,2024-01-11T13:00:00Z,2024-01-11T13:05:00Z,18.5,53.14,-19.5
72:a5:12:55:c5:00,2024-01-11T13:05:00Z,2024-01-11T13:10:00Z,18.81,52.38,71.71
72:a5:12:55:c5:00,2024-01-11T13:10:00Z,2024-01-11T13:15:00Z,18.13,50.9,-71.57
72:a5:12:55:c5:00,2024-01-11T13:15:00Z,2024-01-11T13:20:00Z,18.58,51.19,88.61
72:a5:12:55:c5:00,2024-01-11T13:20:00Z,2024-01-11T13:25:00Z,19.07,51.12,-64.05
72:a5:12:55:c5:00,2024-01-11T13:25:00Z,2024-01-11T13:30:00Z,18.8,52.53,50.96
72:a5:12:55:c5:00,2024-01-11T13:30:00Z,2024-01-11T13:35:00Z,18.35,57.01,-22.38
72:a5:12:55:c5:00,2024-01-11T13:35:00Z,2024-01-11T13:40:00Z,18.84,53.26,-68.69
72:a5:12:55:c5:00,2024-01-11T13:40:00Z,2024-01-11T13:45:00Z,19.13,55.47,-29.81
72:a5:12:55:c5:00,2024-01-11T13:45:00Z,2024-01-11T13:50:00Z,17.48,54.12,32.7
72:a5:12:55:c5:00,2024-01-11T13:50:00Z,2024-01-11T13:55:00Z,19.4,55.33,-0.41
72:a5:12:55:c5:00,2024-01-11T13:55:00Z,2024-01-11T14:00:00Z,18.5,47.51,67.11
72:a5:12:55:c5:00,2024-01-11T14:00:00Z,2024-01-11T14:05:00Z,17.76,55.39,86.14
72:a5:12:55:c5:00,2024-01-11T14:05:00Z,2024-01-11T14:10:00Z,18.22,58.61,-70.98
72:a5:12:55:c5:00,2024-01-11T14:10:00Z,2024-01-11T14:15:00Z,16.68,54.86,-75.38
72:a5:12:55:c5:00,2024-01-11T14:15:00Z,2024-01-11T14:20:00Z,17.07,59.52,-78.29
72:a5:12:55:c5:00,2024-01-11T14:20:00Z,2024-01-11T14:25:00Z,17.33,58.97,-53.95
72:a5:12:55:c5:00,2024-01-11T14:25:00Z,2024-01-11T14:30:00Z,17.03,55.06,66.25
72:a5:12:55:c5:00,2024-01-11T14:30:00Z,2024-01-11T14:35:00Z,18.54,54.99,33.62
72:a5:12:55:c5:00,2024-01-11T14:35:00Z,2024-01-11T14:40:00Z,16.99,53.97,-32.7
72:a5:12:55:c5:00,2024-01-11T14:40:00Z,2024-01-11T14:45:00Z,17.17,54.74,-0.67
72:a5:12:55:c5:00,2024-01-11T14:45:00Z,2024-01-11T14:50:00Z,17.62,53.53,84.26
72:a5:12:55:c5:00,2024-01-11T14:50:00Z,2024-01-11T14:55:00Z,16.78,56.86,114.48
72:a5:12:55:c5:00,2024-01-11T14:55:00Z,2024-01-11T15:00:00Z,17.26,53.09,15.56
72:a5:12:55:c5:00,2024-01-11T15:00:00Z,2024-01-11T15:05:00Z,16.65,59.69,-159.56
72:a5:12:55:c5:00,2024-01-11T15:05:00Z,2024-01-11T15:10:00Z,16.26,59.74,17.84
72:a5:12:55:c5:00,2024-01-11T15:10:00Z,2024-01-11T15:15:00Z,16.41,55.16,56.08
72:a5:12:55:c5:00,2024-01-11T15:15:00Z,2024-01-11T15:20:00Z,16.15,61.58,13.48
72:a5:12:55:c5:00,2024-01-11T15:20:00Z,2024-01-11T15:25:00Z,15.56,59.51,43.59
72:a5:12:55:c5:00,2024-01-11T15:25:00Z,2024-01-11T15:30:00Z,16.66,59.98,21.42
72:a5:12:55:c5:00,2024-01-11T15:30:00Z,2024-01-11T15:35:00Z,17.52,56.97,-74.08
72:a5:12:55:c5:00,2024-01-11T15:35:00Z,2024-01-11T15:40:00Z,16.48,59.73,-53.17
72:a5:12:55:c5:00,2024-01-11T15:40:00Z,2024-01-11T15:45:00Z,16.6,60.74,-19.27
72:a5:12:55:c5:00,2024-01-11T15:45:00Z,2024-01-11T15:50:00Z,16.88,58.29,63.92
72:a5:12:55:c5:00,2024-01-11T15:50:00Z,2024-01-11T15:55:00Z,15.7,62.49,-45.95
72:a5:12:55:c5:00,2024-01-11T15:55:00Z,2024-01-11T16:00:00Z,17.49,58.57,27.35
72:a5:12:55:c5:00,2024-01-11T16:00:00Z,2024-01-11T16:05:00Z,15.79,62.67,18.22
72:a5:12:55:c5:00,2024-01-11T16:05:00Z,2024-01-11T16:10:00Z,16.65,60.98,95.17
72:a5:12:55:c5:00,2024-01-11T16:10:00Z,2024-01-11T16:15:00Z,15.23,61.56,-2.5
72:a5:12:55:c5:00,2024-01-11T16:15:00Z,2024-01-11T16:20:00Z,16.76,57.05,-105.29
72:a5:12:55:c5:00,2024-01-11T16:20:00Z,2024-01-11T16:25:00Z,16.13,61.13,38.81
72:a5:12:55:c5:00,2024-01-11T16:25:00Z,2024-01-11T16:30:00Z,16.0,58.92,128.28
72:a5:12:55:c5:00,2024-01-11T16:30:00Z,2024-01-11T16:35:00Z,15.81,58.7,42.74
72:a5:12:55:c5:00,2024-01-11T16:35:00Z,2024-01-11T16:40:00Z,15.52,63.88,-47.26
72:a5:12:55:c5:00,2024-01-11T16:40:00Z,2024-01-11T16:45:00Z,16.39,59.96,-64.92
72:a5:12:55:c5:00,2024-01-11T16:45:00Z,2024-01-11T16:50:00Z,15.75,58.39,-57.18
72:a5:12:55:c5:00,2024-01-11T16:50:00Z,2024-01-11T16:55:00Z,14.49,59.67,120.2
72:a5:12:55:c5:00,2024-01-11T16:55:00Z,2024-01-11T17:00:00Z,15.0,57.79,-19.64
72:a5:12:55:c5:00,2024-01-11T17:00:00Z,2024-01-11T17:05:00Z,15.06,64.46,-39.76
72:a5:12:55:c5:00,2024-01-11T17:05:00Z,2024-01-11T17:10:00Z,15.36,60.2,-9.51
72:a5:12:55:c5:00,2024-01-11T17:10:00Z,2024-01-11T17:15:00Z,15.14,62.65,-19.01
72:a5:12:55:c5:00,2024-01-11T17:15:00Z,2024-01-11T17:20:00Z,15.9,64.3,94.06
72:a5:12:55:c5:00,2024-01-11T17:20:00Z,2024-01-11T17:25:00Z,14.0,60.59,-60.87
72:a5:12:55:c5:00,2024-01-11T17:25:00Z,2024-01-11T17:30:00Z,15.26,62.66,70.84
72:a5:12:55:c5:00,2024-01-11T17:30:00Z,2024-01-11T17:35:00Z,14.08,59.53,7.33
72:a5:12:55:c5:00,2024-01-11T17:35:00Z,2024-01-11T17:40:00Z,15.63,66.48,72.42
72:a5:12:55:c5:00,2024-01-11T17:40:00Z,2024-01-11T17:45:00Z,15.11,63.46,94.96
72:a5:12:55:c5:00,2024-01-11T17:45:00Z,2024-01-11T17:50:00Z,15.42,61.21,5.09
72:a5:12:55:c5:00,2024-01-11T17:50:00Z,2024-01-11T17:55:00Z,14.65,60.05,-18.9
72:a5:12:55:c5:00,2024-01-11T17:55:00Z,2024-01-11T18:00:00Z,15.94,61.36,3.97
72:a5:12:55:c5:00,2024-01-11T18:00:00Z,2024-01-11T18:05:00Z,15.63,61.32,-5.69
72:a5:12:55:c5:00,2024-01-11T18:05:00Z,2024-01-11T18:10:00Z,15.35,65.91,-99.42
72:a5:12:55:c5:00,2024-01-11T18:10:00Z,2024-01-11T18:15:00Z,14.92,59.55,93.15
72:a5:12:55:c5:00,2024-01-11T18:15:00Z,2024-01-11T18:20:00Z,15.35,62.27,14.75
72:a5:12:55:c5:00,2024-01-11T18:20:00Z,2024-01-11T18:25:00Z,14.58,61.96,-69.79
72:a5:12:55:c5:00,2024-01-11T18:25:00Z,2024-01-11T18:30:00Z,15.51,61.77,-124.05
72:a5:12:55:c5:00,2024-01-11T18:30:00Z,2024-01-11T18:35:00Z,15.99,61.78,-139.66
72:a5:12:55:c5:00,2024-01-11T18:35:00Z,2024-01-11T18:40:00Z,15.64,61.77,46.23
72:a5:12:55:c5:00,2024-01-11T18:40:00Z,2024-01-11T18:45:00Z,14.56,63.75,-37.14
72:a5:12:55:c5:00,2024-01-11T18:45:00Z,2024-01-11T18:50:00Z,15.22,63.22,-27.29
72:a5:12:55:c5:00,2024-01-11T18:50:00Z,2024-01-11T18:55:00Z,14.22,62.84,29.29
72:a5:12:55:c5:00,2024-01-11T18:55:00Z,2024-01-11T19:00:00Z,15.34,55.93,-30.96
72:a5:12:55:c5:00,2024-01-11T19:00:00Z,2024-01-11T19:05:00Z,15.44,62.19,32.79
72:a5:12:55:c5:00,2024-01-11T19:05:00Z,2024-01-11T19:10:00Z,14.05,58.28,5.72
72:a5:12:55:c5:00,2024-01-11T19:10:00Z,2024-01-11T19:15:00Z,14.47,62.88,-5.05
72:a5:12:55:c5:00,2024-01-11T19:15:00Z,2024-01-11T19:20:00Z,15.0,64.54,-94.37
72:a5:12:55:c5:00,2024-01-11T19:20:00Z,2024-01-11T19:25:00Z,14.99,59.74,-49.18
72:a5:12:55:c5:00,2024-01-11T19:25:00Z,2024-01-11T19:30:00Z,14.44,61.07,36.15
72:a5:12:55:c5:00,2024-01-11T19:30:00Z,2024-01-11T19:35:00Z,15.4,60.39,-40.92
72:a5:12:55:c5:00,2024-01-11T19:35:00Z,2024-01-11T19:40:00Z,15.32,64.06,72.32
72:a5:12:55:c5:00,2024-01-11T19:40:00Z,2024-01-11T19:45:00Z,15.05,61.78,140.78
72:a5:12:55:c5:00,2024-01-11T19:45:00Z,2024-01-11T19:50:00Z,14.72,65.05,39.38
72:a5:12:55:c5:00,2024-01-11T19:50:00Z,2024-01-11T19:55:00Z,15.8,62.42,89.57
72:a5:12:55:c5:00,2024-01-11T19:55:00Z,2024-01-11T20:00:00Z,16.16,62.08,43.24
72:a5:12:55:c5:00,2024-01-11T20:00:00Z,2024-01-11T20:05:00Z,15.38,60.53,-32.06
72:a5:12:55:c5:00,2024-01-11T20:05:00Z,2024-01-11T20:10:00Z,15.3,62.03,12.01
72:a5:12:55:c5:00,2024-01-11T20:10:00Z,2024-01-11T20:15:00Z,15.96,56.92,120.8
72:a5:12:55:c5:00,2024-01-11T20:15:00Z,2024-01-11T20:20:00Z,15.46,60.56,-31.41
72:a5:12:55:c5:00,2024-01-11T20:20:00Z,2024-01-11T20:25:00Z,15.59,60.25,-62.36
72:a5:12:55:c5:00,2024-01-11T20:25:00Z,2024-01-11T20:30:00Z,16.11,61.84,-68.05
72:a5:12:55:c5:00,2024-01-11T20:30:00Z,2024-01-11T20:35:00Z,14.52,60.02,-13.05
72:a5:12:55:c5:00,2024-01-11T20:35:00Z,2024-01-11T20:40:00Z,16.46,58.31,-60.21
72:a5:12:55:c5:00,2024-01-11T20:40:00Z,2024-01-11T20:45:00Z,15.71,60.41,100.44
72:a5:12:55:c5:00,2024-01-11T20:45:00Z,2024-01-11T20:50:00Z,15.42,58.23,12.98
72:a5:12:55:c5:00,2024-01-11T20:50:00Z,2024-01-11T20:55:00Z,15.62,56.54,58.3
72:a5:12:55:c5:00,2024-01-11T20:55:00Z,2024-01-11T21:00:00Z,15.65,61.85,-17.92
72:a5:12:55:c5:00,2024-01-11T21:00:00Z,2024-01-11T21:05:00Z,15.43,59.64,-68.41
72:a5:12:55:c5:00,2024-01-11T21:05:00Z,2024-01-11T21:10:00Z,17.36,59.42,-78.56
72:a5:12:55:c5:00,2024-01-11T21:10:00Z,2024-01-11T21:15:00Z,16.49,61.09,-54.48
72:a5:12:55:c5:00,2024-01-11T21:15:00Z,2024-01-11T21:20:00Z,16.73,57.16,20.85
72:a5:12:55:c5:00,2024-01-11T21:20:00Z,2024-01-11T21:25:00Z,17.04,55.62,31.19
72:a5:12:55:c5:00,2024-01-11T21:25:00Z,2024-01-11T21:30:00Z,15.85,58.35,36.19
72:a5:12:55:c5:00,2024-01-11T21:30:00Z,2024-01-11T21:35:00Z,16.75,57.79,-89.32
72:a5:12:55:c5:00,2024-01-11T21:35:00Z,2024-01-11T21:40:00Z,16.3,56.8,-0.02
72:a5:12:55:c5:00,2024-01-11T21:40:00Z,2024-01-11T21:45:00Z,16.97,58.33,-61.56
72:a5:12:55:c5:00,2024-01-11T21:45:00Z,2024-01-11T21:50:00Z,15.19,57.26,24.09
72:a5:12:55:c5:00,2024-01-11T21:50:00Z,2024-01-11T21:55:00Z,16.41,54.81,28.74
72:a5:12:55:c5:00,2024-01-11T21:55:00Z,2024-01-11T22:00:00Z,16.1,57.6,-70.33
72:a5:12:55:c5:00,2024-01-11T22:00:00Z,2024-01-11T22:05:00Z,17.76,53.73,58.08
72:a5:12:55:c5:00,2024-01-11T22:05:00Z,2024-01-11T22:10:00Z,17.78,56.46,140.33
72:a5:12:55:c5:00,2024-01-11T22:10:00Z,2024-01-11T22:15:00Z,17.08,54.69,50.09
72:a5:12:55:c5:00,2024-01-11T22:15:00Z,2024-01-11T22:20:00Z,17.07,58.22,-9.77
72:a5:12:55:c5:00,2024-01-11T22:20:00Z,2024-01-11T22:25:00Z,17.43,59.21,-18.99
72:a5:12:55:c5:00,2024-01-11T22:25:00Z,2024-01-11T22:30:00Z,16.96,57.36,-12.54
72:a5:12:55:c5:00,2024-01-11T22:30:00Z,2024-01-11T22:35:00Z,18.01,52.9,-45.64
72:a5:12:55:c5:00,2024-01-11T22:35:00Z,2024-01-11T22:40:00Z,17.28,59.01,15.14
72:a5:12:55:c5:00,2024-01-11T22:40:00Z,2024-01-11T22:45:00Z,15.76,59.15,-68.31
72:a5:12:55:c5:00,2024-01-11T22:45:00Z,2024-01-11T22:50:00Z,17.28,56.04,-113.38
72:a5:12:55:c5:00,2024-01-11T22:50:00Z,2024-01-11T22:55:00Z,16.88,58.65,13.18
72:a5:12:55:c5:00,2024-01-11T22:55:00Z,2024-01-11T23:00:00Z,16.52,54.9,1.27
72:a5:12:55:c5:00,2024-01-11T23:00:00Z,2024-01-11T23:05:00Z,17.96,49.37,-34.27
72:a5:12:55:c5:00,2024-01-11T23:05:00Z,2024-01-11T23:10:00Z,18.77,51.59,-76.96
72:a5:12:55:c5:00,2024-01-11T23:10:00Z,2024-01-11T23:15:00Z,19.5,56.56,17.38
72:a5:12:55:c5:00,2024-01-11T23:15:00Z,2024-01-11T23:20:00Z,18.89,50.12,-59.41
72:a5:12:55:c5:00,2024-01-11T23:20:00Z,2024-01-11T23:25:00Z,18.34,53.1,-8.34
72:a5:12:55:c5:00,2024-01-11T23:25:00Z,2024-01-11T23:30:00Z,18.98,53.17,105.9
72:a5:12:55:c5:00,2024-01-11T23:30:00Z,2024-01-11T23:35:00Z,18.43,52.08,39.07
72:a5:12:55:c5:00,2024-01-11T23:35:00Z,2024-01-11T23:40:00Z,18.29,52.22,-82.15
72:a5:12:55:c5:00,2024-01-11T23:40:00Z,2024-01-11T23:45:00Z,18.01,53.25,-76.49
72:a5:12:55:c5:00,2024-01-11T23:45:00Z,2024-01-11T23:50:00Z,17.65,51.98,9.11
72:a5:12:55:c5:00,2024-01-11T23:50:00Z,2024-01-11T23:55:00Z,18.47,50.26,-82.52
72:a5:12:55:c5:00,2024-01-11T23:55:00Z,2024-01-12T00:00:00Z,18.8,53.54,-120.1
72:a5:12:55:c5:00,2024-01-12T00:00:00Z,2024-01-12T00:05:00Z,19.94,52.15,31.94
72:a5:12:55:c5:00,2024-01-12T00:05:00Z,2024-01-12T00:10:00Z,19.75,51.74,19.26
72:a5:12:55:c5:00,2024-01-12T00:10:00Z,2024-01-12T00:15:00Z,19.43,48.38,27.04
72:a5:12:55:c5:00,2024-01-12T00:15:00Z,2024-01-12T00:20:00Z,20.36,47.5,15.78
72:a5:12:55:c5:00,2024-01-12T00:20:00Z,2024-01-12T00:25:00Z,19.21,49.43,-3.92
72:a5:12:55:c5:00,2024-01-12T00:25:00Z,2024-01-12T00:30:00Z,20.47,53.14,-39.73
72:a5:12:55:c5:00,2024-01-12T00:30:00Z,2024-01-12T00:35:00Z,19.4,51.29,30.97
72:a5:12:55:c5:00,2024-01-12T00:35:00Z,2024-01-12T00:40:00Z,19.55,51.41,91.79
72:a5:12:55:c5:00,2024-01-12T00:40:00Z,2024-01-12T00:45:00Z,19.12,51.78,-30.07
72:a5:12:55:c5:00,2024-01-12T00:45:00Z,2024-01-12T00:50:00Z,19.7,50.84,-61.24
72:a5:12:55:c5:00,2024-01-12T00:50:00Z,2024-01-12T00:55:00Z,20.59,50.24,-68.11
72:a5:12:55:c5:00,2024-01-12T00:55:00Z,2024-01-12T01:00:00Z,20.31,51.32,-52.0
72:a5:12:55:c5:00,2024-01-12T01:00:00Z,2024-01-12T01:05:00Z,21.88,45.8,529.79
72:a5:12:55:c5:00,2024-01-12T01:05:00Z,2024-01-12T01:10:00Z,21.61,44.07,389.26
72:a5:12:55:c5:00,2024-01-12T01:10:00Z,2024-01-12T01:15:00Z,20.63,48.34,543.99
72:a5:12:55:c5:00,2024-01-12T01:15:00Z,2024-01-12T01:20:00Z,21.1,49.37,556.27
72:a5:12:55:c5:00,2024-01-12T01:20:00Z,2024-01-12T01:25:00Z,20.83,44.66,409.75
72:a5:12:55:c5:00,2024-01-12T01:25:00Z,2024-01-12T01:30:00Z,22.09,48.54,458.89
72:a5:12:55:c5:00,2024-01-12T01:30:00Z,2024-01-12T01:35:00Z,20.58,50.26,522.42
72:a5:12:55:c5:00,2024-01-12T01:35:00Z,2024-01-12T01:40:00Z,21.83,46.89,509.03
72:a5:12:55:c5:00,2024-01-12T01:40:00Z,2024-01-12T01:45:00Z,21.83,45.26,548.82
72:a5:12:55:c5:00,2024-01-12T01:45:00Z,2024-01-12T01:50:00Z,22.39,47.14,509.17
72:a5:12:55:c5:00,2024-01-12T01:50:00Z,2024-01-12T01:55:00Z,21.05,45.79,593.52
72:a5:12:55:c5:00,2024-01-12T01:55:00Z,2024-01-12T02:00:00Z,21.72,45.66,498.37
72:a5:12:55:c5:00,2024-01-12T02:00:00Z,2024-01-12T02:05:00Z,23.87,44.87,941.02
72:a5:12:55:c5:00,2024-01-12T02:05:00Z,2024-01-12T02:10:00Z,22.13,40.79,936.19
72:a5:12:55:c5:00,2024-01-12T02:10:00Z,2024-01-12T02:15:00Z,21.58,41.11,1044.13
72:a5:12:55:c5:00,2024-01-12T02:15:00Z,2024-01-12T02:20:00Z,21.37,44.04,1001.78
72:a5:12:55:c5:00,2024-01-12T02:20:00Z,2024-01-12T02:25:00Z,22.93,43.96,1038.02
72:a5:12:55:c5:00,2024-01-12T02:25:00Z,2024-01-12T02:30:00Z,21.37,44.69,1036.79
72:a5:12:55:c5:00,2024-01-12T02:30:00Z,2024-01-12T02:35:00Z,22.28,47.75,878.81
72:a5:12:55:c5:00,2024-01-12T02:35:00Z,2024-01-12T02:40:00Z,22.76,44.21,931.6
72:a5:12:55:c5:00,2024-01-12T02:40:00Z,2024-01-12T02:45:00Z,22.61,45.2,938.76
72:a5:12:55:c5:00,2024-01-12T02:45:00Z,2024-01-12T02:50:00Z,22.76,42.05,951.04
72:a5:12:55:c5:00,2024-01-12T02:50:00Z,2024-01-12T02:55:00Z,22.63,45.54,974.78
72:a5:12:55:c5:00,2024-01-12T02:55:00Z,2024-01-12T03:00:00Z,23.27,42.95,1059.95
72:a5:12:55:c5:00,2024-01-12T03:00:00Z,2024-01-12T03:05:00Z,22.96,41.66,1486.12
72:a5:12:55:c5:00,2024-01-12T03:05:00Z,2024-01-12T03:10:00Z,23.13,41.3,1396.64
72:a5:12:55:c5:00,2024-01-12T03:10:00Z,2024-01-12T03:15:00Z,23.07,43.58,1399.14
72:a5:12:55:c5:00,2024-01-12T03:15:00Z,2024-01-12T03:20:00Z,24.03,38.89,1371.89
72:a5:12:55:c5:00,2024-01-12T03:20:00Z,2024-01-12T03:25:00Z,24.08,36.95,1419.56
72:a5:12:55:c5:00,2024-01-12T03:25:00Z,2024-01-12T03:30:00Z,23.81,41.09,1426.36
72:a5:12:55:c5:00,2024-01-12T03:30:00Z,2024-01-12T03:35:00Z,24.25,42.45,1462.6
72:a5:12:55:c5:00,2024-01-12T03:35:00Z,2024-01-12T03:40:00Z,22.83,41.82,1462.12
72:a5:12:55:c5:00,2024-01-12T03:40:00Z,2024-01-12T03:45:00Z,24.54,43.98,1276.09
72:a5:12:55:c5:00,2024-01-12T03:45:00Z,2024-01-12T03:50:00Z,24.45,42.39,1405.06
72:a5:12:55:c5:00,2024-01-12T03:50:00Z,2024-01-12T03:55:00Z,23.98,40.39,1497.26
72:a5:12:55:c5:00,2024-01-12T03:55:00Z,2024-01-12T04:00:00Z,24.6,36.86,1387.93
72:a5:12:55:c5:00,2024-01-12T04:00:00Z,2024-01-12T04:05:00Z,23.34,39.13,1800.41
72:a5:12:55:c5:00,2024-01-12T04:05:00Z,2024-01-12T04:10:00Z,24.02,41.66,1713.66
72:a5:12:55:c5:00,2024-01-12T04:10:00Z,2024-01-12T04:15:00Z,23.89,38.82,1742.55
72:a5:12:55:c5:00,2024-01-12T04:15:00Z,2024-01-12T04:20:00Z,24.76,39.66,1663.84
72:a5:12:55:c5:00,2024-01-12T04:20:00Z,2024-01-12T04:25:00Z,23.7,40.45,1666.1
72:a5:12:55:c5:00,2024-01-12T04:25:00Z,2024-01-12T04:30:00Z,24.78,37.58,1775.58
72:a5:12:55:c5:00,2024-01-12T04:30:00Z,2024-01-12T04:35:00Z,25.15,40.85,1784.96
72:a5:12:55:c5:00,2024-01-12T04:35:00Z,2024-01-12T04:40:00Z,24.75,42.88,1733.64
72:a5:12:55:c5:00,2024-01-12T04:40:00Z,2024-01-12T04:45:00Z,24.5,39.26,1658.4
72:a5:12:55:c5:00,2024-01-12T04:45:00Z,2024-01-12T04:50:00Z,23.74,37.35,1734.68
72:a5:12:55:c5:00,2024-01-12T04:50:00Z,2024-01-12T04:55:00Z,23.82,39.47,1807.48
72:a5:12:55:c5:00,2024-01-12T04:55:00Z,2024-01-12T05:00:00Z,25.08,35.16,1836.62
72:a5:12:55:c5:00,2024-01-12T05:00:00Z,2024-01-12T05:05:00Z,25.3,39.08,1912.85
72:a5:12:55:c5:00,2024-01-12T05:05:00Z,2024-01-12T05:10:00Z,24.81,39.31,1832.26
72:a5:12:55:c5:00,2024-01-12T05:10:00Z,2024-01-12T05:15:00Z,24.58,41.76,1982.27
72:a5:12:55:c5:00,2024-01-12T05:15:00Z,2024-01-12T05:20:00Z,23.61,38.02,1915.29
72:a5:12:55:c5:00,2024-01-12T05:20:00Z,2024-01-12T05:25:00Z,24.19,39.23,1988.43
72:a5:12:55:c5:00,2024-01-12T05:25:00Z,2024-01-12T05:30:00Z,25.98,36.69,1948.72
72:a5:12:55:c5:00,2024-01-12T05:30:00Z,2024-01-12T05:35:00Z,24.06,37.7,1878.85
72:a5:12:55:c5:00,2024-01-12T05:35:00Z,2024-01-12T05:40:00Z,24.94,35.36,1935.35
72:a5:12:55:c5:00,2024-01-12T05:40:00Z,2024-01-12T05:45:00Z,25.43,38.02,2010.35
72:a5:12:55:c5:00,2024-01-12T05:45:00Z,2024-01-12T05:50:00Z,24.08,37.8,1922.9
72:a5:12:55:c5:00,2024-01-12T05:50:00Z,2024-01-12T05:55:00Z,24.94,39.01,1869.76
72:a5:12:55:c5:00,2024-01-12T05:55:00Z,2024-01-12T06:00:00Z,25.39,37.16,1836.53
72:a5:12:55:c5:00,2024-01-12T06:00:00Z,2024-01-12T06:05:00Z,25.01,38.17,1953.67
72:a5:12:55:c5:00,2024-01-12T06:05:00Z,2024-01-12T06:10:00Z,26.72,37.33,1975.39
72:a5:12:55:c5:00,2024-01-12T06:10:00Z,2024-01-12T06:15:00Z,24.0,37.34,2049.2
72:a5:12:55:c5:00,2024-01-12T06:15:00Z,2024-01-12T06:20:00Z,25.64,38.16,1932.75
72:a5:12:55:c5:00,2024-01-12T06:20:00Z,2024-01-12T06:25:00Z,24.9,38.08,2093.23
72:a5:12:55:c5:00,2024-01-12T06:25:00Z,2024-01-12T06:30:00Z,25.46,39.52,1919.77
72:a5:12:55:c5:00,2024-01-12T06:30:00Z,2024-01-12T06:35:00Z,25.26,37.76,2139.89
72:a5:12:55:c5:00,2024-01-12T06:35:00Z,2024-01-12T06:40:00Z,24.56,37.3,2103.53
72:a5:12:55:c5:00,2024-01-12T06:40:00Z,2024-01-12T06:45:00Z,25.14,37.64,2008.47
72:a5:12:55:c5:00,2024-01-12T06:45:00Z,2024-01-12T06:50:00Z,23.89,36.57,1901.14
72:a5:12:55:c5:00,2024-01-12T06:50:00Z,2024-01-12T06:55:00Z,25.36,37.28,1996.67
72:a5:12:55:c5:00,2024-01-12T06:55:00Z,2024-01-12T07:00:00Z,25.18,42.06,1976.79
72:a5:12:55:c5:00,2024-01-12T07:00:00Z,2024-01-12T07:05:00Z,25.21,36.58,1855.39
72:a5:12:55:c5:00,2024-01-12T07:05:00Z,2024-01-12T07:10:00Z,25.46,37.85,1949.31
72:a5:12:55:c5:00,2024-01-12T07:10:00Z,2024-01-12T07:15:00Z,25.05,37.63,1882.43
72:a5:12:55:c5:00,2024-01-12T07:15:00Z,2024-01-12T07:20:00Z,24.92,37.91,1888.96
72:a5:12:55:c5:00,2024-01-12T07:20:00Z,2024-01-12T07:25:00Z,24.3,37.75,1919.63
72:a5:12:55:c5:00,2024-01-12T07:25:00Z,2024-01-12T07:30:00Z,24.4,38.97,1897.36
72:a5:12:55:c5:00,2024-01-12T07:30:00Z,2024-01-12T07:35:00Z,25.54,34.99,2056.54
72:a5:12:55:c5:00,2024-01-12T07:35:00Z,2024-01-12T07:40:00Z,25.69,40.48,1899.71
72:a5:12:55:c5:00,2024-01-12T07:40:00Z,2024-01-12T07:45:00Z,24.69,39.67,1958.3
72:a5:12:55:c5:00,2024-01-12T07:45:00Z,2024-01-12T07:50:00Z,24.86,35.92,1940.58
72:a5:12:55:c5:00,2024-01-12T07:50:00Z,2024-01-12T07:55:00Z,24.29,33.87,1953.02
72:a5:12:55:c5:00,2024-01-12T07:55:00Z,2024-01-12T08:00:00Z,25.53,36.45,1957.6
72:a5:12:55:c5:00,2024-01-12T08:00:00Z,2024-01-12T08:05:00Z,24.73,39.12,1784.93
72:a5:12:55:c5:00,2024-01-12T08:05:00Z,2024-01-12T08:10:00Z,25.49,44.77,1748.04
72:a5:12:55:c5:00,2024-01-12T08:10:00Z,2024-01-12T08:15:00Z,23.8,40.69,1745.54
72:a5:12:55:c5:00,2024-01-12T08:15:00Z,2024-01-12T08:20:00Z,24.1,35.99,1735.56
72:a5:12:55:c5:00,2024-01-12T08:20:00Z,2024-01-12T08:25:00Z,24.47,38.23,1723.75
72:a5:12:55:c5:00,2024-01-12T08:25:00Z,2024-01-12T08:30:00Z,24.72,39.5,1677.34
72:a5:12:55:c5:00,2024-01-12T08:30:00Z,2024-01-12T08:35:00Z,24.2,40.12,1728.4
72:a5:12:55:c5:00,2024-01-12T08:35:00Z,2024-01-12T08:40:00Z,23.81,36.98,1746.53
72:a5:12:55:c5:00,2024-01-12T08:40:00Z,2024-01-12T08:45:00Z,24.86,39.34,1756.18
72:a5:12:55:c5:00,2024-01-12T08:45:00Z,2024-01-12T08:50:00Z,24.76,38.17,1742.87
72:a5:12:55:c5:00,2024-01-12T08:50:00Z,2024-01-12T08:55:00Z,23.78,37.4,1718.07
72:a5:12:55:c5:00,2024-01-12T08:55:00Z,2024-01-12T09:00:00Z,25.14,40.13,1728.63
72:a5:12:55:c5:00,2024-01-12T09:00:00Z,2024-01-12T09:05:00Z,24.24,43.06,1380.99
72:a5:12:55:c5:00,2024-01-12T09:05:00Z,2024-01-12T09:10:00Z,23.62,43.2,1433.01
72:a5:12:55:c5:00,2024-01-12T09:10:00Z,2024-01-12T09:15:00Z,23.58,42.66,1400.95
72:a5:12:55:c5:00,2024-01-12T09:15:00Z,2024-01-12T09:20:00Z,23.87,40.52,1425.05
72:a5:12:55:c5:00,2024-01-12T09:20:00Z,2024-01-12T09:25:00Z,23.02,42.94,1474.26
72:a5:12:55:c5:00,2024-01-12T09:25:00Z,2024-01-12T09:30:00Z,23.55,42.13,1371.65
72:a5:12:55:c5:00,2024-01-12T09:30:00Z,2024-01-12T09:35:00Z,22.24,41.78,1450.02
72:a5:12:55:c5:00,2024-01-12T09:35:00Z,2024-01-12T09:40:00Z,24.06,40.29,1416.21
72:a5:12:55:c5:00,2024-01-12T09:40:00Z,2024-01-12T09:45:00Z,22.6,40.52,1535.49
72:a5:12:55:c5:00,2024-01-12T09:45:00Z,2024-01-12T09:50:00Z,24.44,41.66,1401.24
72:a5:12:55:c5:00,2024-01-12T09:50:00Z,2024-01-12T09:55:00Z,23.34,46.39,1455.92
72:a5:12:55:c5:00,2024-01-12T09:55:00Z,2024-01-12T10:00:00Z,23.41,42.12,1415.13
72:a5:12:55:c5:00,2024-01-12T10:00:00Z,2024-01-12T10:05:00Z,22.12,42.78,916.7
72:a5:12:55:c5:00,2024-01-12T10:05:00Z,2024-01-12T10:10:00Z,22.33,42.34,968.76
72:a5:12:55:c5:00,2024-01-12T10:10:00Z,2024-01-12T10:15:00Z,23.35,43.02,1052.83
72:a5:12:55:c5:00,2024-01-12T10:15:00Z,2024-01-12T10:20:00Z,21.01,48.35,974.04
72:a5:12:55:c5:00,2024-01-12T10:20:00Z,2024-01-12T10:25:00Z,23.27,43.2,866.78
72:a5:12:55:c5:00,2024-01-12T10:25:00Z,2024-01-12T10:30:00Z,22.7,45.81,998.12
72:a5:12:55:c5:00,2024-01-12T10:30:00Z,2024-01-12T10:35:00Z,21.78,43.25,934.46
72:a5:12:55:c5:00,2024-01-12T10:35:00Z,2024-01-12T10:40:00Z,21.85,44.52,1007.91
72:a5:12:55:c5:00,2024-01-12T10:40:00Z,2024-01-12T10:45:00Z,23.51,45.58,1093.07
72:a5:12:55:c5:00,2024-01-12T10:45:00Z,2024-01-12T10:50:00Z,21.93,42.86,1046.17
72:a5:12:55:c5:00,2024-01-12T10:50:00Z,2024-01-12T10:55:00Z,21.81,42.72,1092.2
72:a5:12:55:c5:00,2024-01-12T10:55:00Z,2024-01-12T11:00:00Z,23.18,47.32,966.31
72:a5:12:55:c5:00,2024-01-12T11:00:00Z,2024-01-12T11:05:00Z,21.5,48.86,509.05
72:a5:12:55:c5:00,2024-01-12T11:05:00Z,2024-01-12T11:10:00Z,20.73,48.48,454.97
72:a5:12:55:c5:00,2024-01-12T11:10:00Z,2024-01-12T11:15:00Z,21.42,48.47,476.6
72:a5:12:55:c5:00,2024-01-12T11:15:00Z,2024-01-12T11:20:00Z,20.68,47.81,462.03
72:a5:12:55:c5:00,2024-01-12T11:20:00Z,2024-01-12T11:25:00Z,21.95,50.93,439.23
72:a5:12:55:c5:00,2024-01-12T11:25:00Z,2024-01-12T11:30:00Z,21.93,46.98,599.59
72:a5:12:55:c5:00,2024-01-12T11:30:00Z,2024-01-12T11:35:00Z,21.61,48.05,392.12
72:a5:12:55:c5:00,2024-01-12T11:35:00Z,2024-01-12T11:40:00Z,21.51,43.99,599.85
72:a5:12:55:c5:00,2024-01-12T11:40:00Z,2024-01-12T11:45:00Z,22.35,45.24,592.4
72:a5:12:55:c5:00,2024-01-12T11:45:00Z,2024-01-12T11:50:00Z,21.29,44.49,547.63
72:a5:12:55:c5:00,2024-01-12T11:50:00Z,2024-01-12T11:55:00Z,20.58,49.44,450.77
72:a5:12:55:c5:00,2024-01-12T11:55:00Z,2024-01-12T12:00:00Z,21.56,41.79,422.71
72:a5:12:55:c5:00,2024-01-12T12:00:00Z,2024-01-12T12:05:00Z,21.25,49.2,-32.9
72:a5:12:55:c5:00,2024-01-12T12:05:00Z,2024-01-12T12:10:00Z,19.39,44.01,37.51
72:a5:12:55:c5:00,2024-01-12T12:10:00Z,2024-01-12T12:15:00Z,19.78,48.34,0.18
72:a5:12:55:c5:00,2024-01-12T12:15:00Z,2024-01-12T12:20:00Z,20.25,49.02,-62.61
72:a5:12:55:c5:00,2024-01-12T12:20:00Z,2024-01-12T12:25:00Z,19.97,52.77,68.89
72:a5:12:55:c5:00,2024-01-12T12:25:00Z,2024-01-12T12:30:00Z,19.41,50.79,101.06
72:a5:12:55:c5:00,2024-01-12T12:30:00Z,2024-01-12T12:35:00Z,20.67,48.33,-13.6
72:a5:12:55:c5:00,2024-01-12T12:35:00Z,2024-01-12T12:40:00Z,21.39,52.13,6.56
72:a5:12:55:c5:00,2024-01-12T12:40:00Z,2024-01-12T12:45:00Z,20.12,50.04,-90.53
72:a5:12:55:c5:00,2024-01-12T12:45:00Z,2024-01-12T12:50:00Z,19.46,50.08,-24.86
72:a5:12:55:c5:00,2024-01-12T12:50:00Z,2024-01-12T12:55:00Z,19.07,47.59,30.63
72:a5:12:55:c5:00,2024-01-12T12:55:00Z,2024-01-12T13:00:00Z,20.15,48.02,21.29
72:a5:12:55:c5:00,2024-01-12T13:00:00Z,2024-01-12T13:05:00Z,19.37,51.46,-30.46
72:a5:12:55:c5:00,2024-01-12T13:05:00Z,2024-01-12T13:10:00Z,18.99,53.2,-16.45
72:a5:12:55:c5:00,2024-01-12T13:10:00Z,2024-01-12T13:15:00Z,18.7,53.26,-26.83
72:a5:12:55:c5:00,2024-01-12T13:15:00Z,2024-01-12T13:20:00Z,18.35,56.19,-16.71
72:a5:12:55:c5:00,2024-01-12T13:20:00Z,2024-01-12T13:25:00Z,18.05,53.88,25.39
72:a5:12:55:c5:00,2024-01-12T13:25:00Z,2024-01-12T13:30:00Z,19.21,47.69,-118.05
72:a5:12:55:c5:00,2024-01-12T13:30:00Z,2024-01-12T13:35:00Z,19.25,53.63,-4.46
72:a5:12:55:c5:00,2024-01-12T13:35:00Z,2024-01-12T13:40:00Z,17.78,50.21,21.0
72:a5:12:55:c5:00,2024-01-12T13:40:00Z,2024-01-12T13:45:00Z,19.66,51.17,-34.23
72:a5:12:55:c5:00,2024-01-12T13:45:00Z,2024-01-12T13:50:00Z,19.05,51.48,-28.76
72:a5:12:55:c5:00,2024-01-12T13:50:00Z,2024-01-12T13:55:00Z,19.55,51.78,-27.02
72:a5:12:55:c5:00,2024-01-12T13:55:00Z,2024-01-12T14:00:00Z,17.9,50.36,-28.74
72:a5:12:55:c5:00,2024-01-12T14:00:00Z,2024-01-12T14:05:00Z,16.68,56.41,0.35
72:a5:12:55:c5:00,2024-01-12T14:05:00Z,2024-01-12T14:10:00Z,17.41,53.18,7.74
72:a5:12:55:c5:00,2024-01-12T14:10:00Z,2024-01-12T14:15:00Z,17.8,56.71,-126.03
72:a5:12:55:c5:00,2024-01-12T14:15:00Z,2024-01-12T14:20:00Z,18.58,60.47,39.17
72:a5:12:55:c5:00,2024-01-12T14:20:00Z,2024-01-12T14:25:00Z,17.92,53.34,-17.4
72:a5:12:55:c5:00,2024-01-12T14:25:00Z,2024-01-12T14:30:00Z,17.35,55.43,115.98
72:a5:12:55:c5:00,2024-01-12T14:30:00Z,2024-01-12T14:35:00Z,16.88,50.95,-71.5
72:a5:12:55:c5:00,2024-01-12T14:35:00Z,2024-01-12T14:40:00Z,18.24,55.4,-52.04
72:a5:12:55:c5:00,2024-01-12T14:40:00Z,2024-01-12T14:45:00Z,16.92,57.29,-12.17
72:a5:12:55:c5:00,2024-01-12T14:45:00Z,2024-01-12T14:50:00Z,18.48,57.44,24.79
72:a5:12:55:c5:00,2024-01-12T14:50:00Z,2024-01-12T14:55:00Z,17.33,56.15,-117.05
72:a5:12:55:c5:00,2024-01-12T14:55:00Z,2024-01-12T15:00:00Z,18.45,57.78,-49.75
72:a5:12:55:c5:00,2024-01-12T15:00:00Z,2024-01-12T15:05:00Z,16.87,63.58,35.48
72:a5:12:55:c5:00,2024-01-12T15:05:00Z,2024-01-12T15:10:00Z,16.38,61.91,-56.89
72:a5:12:55:c5:00,2024-01-12T15:10:00Z,2024-01-12T15:15:00Z,16.15,57.44,82.2
72:a5:12:55:c5:00,2024-01-12T15:15:00Z,2024-01-12T15:20:00Z,16.26,55.58,-27.23
72:a5:12:55:c5:00,2024-01-12T15:20:00Z,2024-01-12T15:25:00Z,16.72,57.67,-53.96
72:a5:12:55:c5:00,2024-01-12T15:25:00Z,2024-01-12T15:30:00Z,16.51,56.59,36.61
72:a5:12:55:c5:00,2024-01-12T15:30:00Z,2024-01-12T15:35:00Z,16.11,59.39,96.46
72:a5:12:55:c5:00,2024-01-12T15:35:00Z,2024-01-12T15:40:00Z,16.37,56.12,24.98
72:a5:12:55:c5:00,2024-01-12T15:40:00Z,2024-01-12T15:45:00Z,16.51,58.34,75.63
72:a5:12:55:c5:00,2024-01-12T15:45:00Z,2024-01-12T15:50:00Z,15.19,60.16,100.6
72:a5:12:55:c5:00,2024-01-12T15:50:00Z,2024-01-12T15:55:00Z,16.74,58.28,-55.31
72:a5:12:55:c5:00,2024-01-12T15:55:00Z,2024-01-12T16:00:00Z,15.88,56.59,56.3
72:a5:12:55:c5:00,2024-01-12T16:00:00Z,2024-01-12T16:05:00Z,14.98,62.74,-91.41
72:a5:12:55:c5:00,2024-01-12T16:05:00Z,2024-01-12T16:10:00Z,14.66,56.63,25.49
72:a5:12:55:c5:00,2024-01-12T16:10:00Z,2024-01-12T16:15:00Z,14.59,59.74,-4.28
72:a5:12:55:c5:00,2024-01-12T16:15:00Z,2024-01-12T16:20:00Z,14.86,60.31,74.58
72:a5:12:55:c5:00,2024-01-12T16:20:00Z,2024-01-12T16:25:00Z,15.24,60.42,70.34
72:a5:12:55:c5:00,2024-01-12T16:25:00Z,2024-01-12T16:30:00Z,16.84,60.75,34.19
72:a5:12:55:c5:00,2024-01-12T16:30:00Z,2024-01-12T16:35:00Z,15.35,61.61,17.91
72:a5:12:55:c5:00,2024-01-12T16:35:00Z,2024-01-12T16:40:00Z,15.78,60.32,30.5
72:a5:12:55:c5:00,2024-01-12T16:40:00Z,2024-01-12T16:45:00Z,15.91,59.66,3.71
72:a5:12:55:c5:00,2024-01-12T16:45:00Z,2024-01-12T16:50:00Z,15.75,59.58,-3.67
72:a5:12:55:c5:00,2024-01-12T16:50:00Z,2024-01-12T16:55:00Z,15.62,59.17,86.55
72:a5:12:55:c5:00,2024-01-12T16:55:00Z,2024-01-12T17:00:00Z,14.95,61.97,93.77
72:a5:12:55:c5:00,2024-01-12T17:00:00Z,2024-01-12T17:05:00Z,16.04,60.3,-8.5
72:a5:12:55:c5:00,2024-01-12T17:05:00Z,2024-01-12T17:10:00Z,16.25,63.28,14.26
72:a5:12:55:c5:00,2024-01-12T17:10:00Z,2024-01-12T17:15:00Z,14.16,61.63,4.9
72:a5:12:55:c5:00,2024-01-12T17:15:00Z,2024-01-12T17:20:00Z,14.56,60.55,-96.7
72:a5:12:55:c5:00,2024-01-12T17:20:00Z,2024-01-12T17:25:00Z,15.0,62.83,-20.19
72:a5:12:55:c5:00,2024-01-12T17:25:00Z,2024-01-12T17:30:00Z,14.59,60.14,95.98
72:a5:12:55:c5:00,2024-01-12T17:30:00Z,2024-01-12T17:35:00Z,15.47,62.87,-44.99
72:a5:12:55:c5:00,2024-01-12T17:35:00Z,2024-01-12T17:40:00Z,14.73,62.02,126.87
72:a5:12:55:c5:00,2024-01-12T17:40:00Z,2024-01-12T17:45:00Z,16.47,60.4,70.33
72:a5:12:55:c5:00,2024-01-12T17:45:00Z,2024-01-12T17:50:00Z,15.88,62.65,24.09
72:a5:12:55:c5:00,2024-01-12T17:50:00Z,2024-01-12T17:55:00Z,15.3,62.68,33.65
72:a5:12:55:c5:00,2024-01-12T17:55:00Z,2024-01-12T18:00:00Z,15.79,63.91,-55.03
72:a5:12:55:c5:00,2024-01-12T18:00:00Z,2024-01-12T18:05:00Z,15.66,63.93,-15.91
72:a5:12:55:c5:00,2024-01-12T18:05:00Z,2024-01-12T18:10:00Z,14.66,62.98,86.48
72:a5:12:55:c5:00,2024-01-12T18:10:00Z,2024-01-12T18:15:00Z,14.51,59.74,-36.87
72:a5:12:55:c5:00,2024-01-12T18:15:00Z,2024-01-12T18:20:00Z,15.05,66.9,63.67
72:a5:12:55:c5:00,2024-01-12T18:20:00Z,2024-01-12T18:25:00Z,15.52,59.19,-82.62
72:a5:12:55:c5:00,2024-01-12T18:25:00Z,2024-01-12T18:30:00Z,15.08,63.9,-71.89
72:a5:12:55:c5:00,2024-01-12T18:30:00Z,2024-01-12T18:35:00Z,14.05,62.86,114.08
72:a5:12:55:c5:00,2024-01-12T18:35:00Z,2024-01-12T18:40:00Z,14.52,59.65,-0.71
72:a5:12:55:c5:00,2024-01-12T18:40:00Z,2024-01-12T18:45:00Z,14.96,61.75,-32.31
72:a5:12:55:c5:00,2024-01-12T18:45:00Z,2024-01-12T18:50:00Z,14.95,61.84,81.76
72:a5:12:55:c5:00,2024-01-12T18:50:00Z,2024-01-12T18:55:00Z,16.18,64.61,74.75
72:a5:12:55:c5:00,2024-01-12T18:55:00Z,2024-01-12T19:00:00Z,14.17,60.57,55.25
72:a5:12:55:c5:00,2024-01-12T19:00:00Z,2024-01-12T19:05:00Z,15.47,61.07,-34.19
72:a5:12:55:c5:00,2024-01-12T19:05:00Z,2024-01-12T19:10:00Z,16.06,56.92,-17.22
72:a5:12:55:c5:00,2024-01-12T19:10:00Z,2024-01-12T19:15:00Z,16.53,65.06,18.7
72:a5:12:55:c5:00,2024-01-12T19:15:00Z,2024-01-12T19:20:00Z,14.93,59.45,41.66
72:a5:12:55:c5:00,2024-01-12T19:20:00Z,2024-01-12T19:25:00Z,15.47,62.24,-30.51
72:a5:12:55:c5:00,2024-01-12T19:25:00Z,2024-01-12T19:30:00Z,15.51,61.39,10.24
72:a5:12:55:c5:00,2024-01-12T19:30:00Z,2024-01-12T19:35:00Z,15.29,61.4,16.04
72:a5:12:55:c5:00,2024-01-12T19:35:00Z,2024-01-12T19:40:00Z,15.11,63.21,77.21
72:a5:12:55:c5:00,2024-01-12T19:40:00Z,2024-01-12T19:45:00Z,15.43,64.93,45.27
72:a5:12:55:c5:00,2024-01-12T19:45:00Z,2024-01-12T19:50:00Z,13.65,62.09,-90.41
72:a5:12:55:c5:00,2024-01-12T19:50:00Z,2024-01-12T19:55:00Z,15.58,62.9,-12.82
72:a5:12:55:c5:00,2024-01-12T19:55:00Z,2024-01-12T20:00:00Z,15.25,62.25,-55.73
72:a5:12:55:c5:00,2024-01-12T20:00:00Z,2024-01-12T20:05:00Z,15.54,62.43,34.09
72:a5:12:55:c5:00,2024-01-12T20:05:00Z,2024-01-12T20:10:00Z,16.9,59.47,55.39
72:a5:12:55:c5:00,2024-01-12T20:10:00Z,2024-01-12T20:15:00Z,15.26,62.54,6.09
72:a5:12:55:c5:00,2024-01-12T20:15:00Z,2024-01-12T20:20:00Z,15.43,62.61,-16.09
72:a5:12:55:c5:00,2024-01-12T20:20:00Z,2024-01-12T20:25:00Z,16.86,62.56,4.15
72:a5:12:55:c5:00,2024-01-12T20:25:00Z,2024-01-12T20:30:00Z,15.17,59.07,12.54
72:a5:12:55:c5:00,2024-01-12T20:30:00Z,2024-01-12T20:35:00Z,15.34,60.06,-38.41
72:a5:12:55:c5:00,2024-01-12T20:35:00Z,2024-01-12T20:40:00Z,15.58,60.87,-73.12
72:a5:12:55:c5:00,2024-01-12T20:40:00Z,2024-01-12T20:45:00Z,16.17,57.65,-123.01
72:a5:12:55:c5:00,2024-01-12T20:45:00Z,2024-01-12T20:50:00Z,15.79,63.58,76.03
72:a5:12:55:c5:00,2024-01-12T20:50:00Z,2024-01-12T20:55:00Z,14.89,60.37,29.78
72:a5:12:55:c5:00,2024-01-12T20:55:00Z,2024-01-12T21:00:00Z,15.35,60.96,21.75
72:a5:12:55:c5:00,2024-01-12T21:00:00Z,2024-01-12T21:05:00Z,16.1,57.33,75.91
72:a5:12:55:c5:00,2024-01-12T21:05:00Z,2024-01-12T21:10:00Z,16.42,55.83,-75.33
72:a5:12:55:c5:00,2024-01-12T21:10:00Z,2024-01-12T21:15:00Z,16.72,57.28,-104.14
72:a5:12:55:c5:00,2024-01-12T21:15:00Z,2024-01-12T21:20:00Z,16.72,58.92,23.05
72:a5:12:55:c5:00,2024-01-12T21:20:00Z,2024-01-12T21:25:00Z,15.4,59.83,17.6
72:a5:12:55:c5:00,2024-01-12T21:25:00Z,2024-01-12T21:30:00Z,17.1,58.81,-103.88
72:a5:12:55:c5:00,2024-01-12T21:30:00Z,2024-01-12T21:35:00Z,16.62,59.18,21.57
72:a5:12:55:c5:00,2024-01-12T21:35:00Z,2024-01-12T21:40:00Z,17.3,57.81,-24.01
72:a5:12:55:c5:00,2024-01-12T21:40:00Z,2024-01-12T21:45:00Z,16.73,59.48,-48.43
72:a5:12:55:c5:00,2024-01-12T21:45:00Z,2024-01-12T21:50:00Z,17.13,61.45,-20.01
72:a5:12:55:c5:00,2024-01-12T21:50:00Z,2024-01-12T21:55:00Z,16.74,59.89,-146.49
72:a5:12:55:c5:00,2024-01-12T21:55:00Z,2024-01-12T22:00:00Z,17.27,60.1,-35.48
72:a5:12:55:c5:00,2024-01-12T22:00:00Z,2024-01-12T22:05:00Z,17.81,56.59,-42.26
72:a5:12:55:c5:00,2024-01-12T22:05:00Z,2024-01-12T22:10:00Z,17.44,52.99,33.43
72:a5:12:55:c5:00,2024-01-12T22:10:00Z,2024-01-12T22:15:00Z,18.86,53.91,-9.49
72:a5:12:55:c5:00,2024-01-12T22:15:00Z,2024-01-12T22:20:00Z,18.03,56.91,38.33
72:a5:12:55:c5:00,2024-01-12T22:20:00Z,2024-01-12T22:25:00Z,17.84,55.98,-152.97
72:a5:12:55:c5:00,2024-01-12T22:25:00Z,2024-01-12T22:30:00Z,16.73,56.88,-50.35
72:a5:12:55:c5:00,2024-01-12T22:30:00Z,2024-01-12T22:35:00Z,16.73,59.35,33.36
72:a5:12:55:c5:00,2024-01-12T22:35:00Z,2024-01-12T22:40:00Z,17.68,57.45,-18.53
72:a5:12:55:c5:00,2024-01-12T22:40:00Z,2024-01-12T22:45:00Z,17.59,58.52,50.73
72:a5:12:55:c5:00,2024-01-12T22:45:00Z,2024-01-12T22:50:00Z,17.13,56.19,-108.28
72:a5:12:55:c5:00,2024-01-12T22:50:00Z,2024-01-12T22:55:00Z,17.58,54.39,43.87
72:a5:12:55:c5:00,2024-01-12T22:55:00Z,2024-01-12T23:00:00Z,18.45,55.88,-38.35
72:a5:12:55:c5:00,2024-01-12T23:00:00Z,2024-01-12T23:05:00Z,19.12,51.5,-44.17
72:a5:12:55:c5:00,2024-01-12T23:05:00Z,2024-01-12T23:10:00Z,18.02,56.22,59.46
72:a5:12:55:c5:00,2024-01-12T23:10:00Z,2024-01-12T23:15:00Z,18.64,54.69,69.71
72:a5:12:55:c5:00,2024-01-12T23:15:00Z,2024-01-12T23:20:00Z,18.22,54.15,62.08
72:a5:12:55:c5:00,2024-01-12T23:20:00Z,2024-01-12T23:25:00Z,18.47,55.58,122.32
72:a5:12:55:c5:00,2024-01-12T23:25:00Z,2024-01-12T23:30:00Z,18.46,49.07,76.01
72:a5:12:55:c5:00,2024-01-12T23:30:00Z,2024-01-12T23:35:00Z,18.42,54.28,-47.73
72:a5:12:55:c5:00,2024-01-12T23:35:00Z,2024-01-12T23:40:00Z,17.95,50.48,8.5
72:a5:12:55:c5:00,2024-01-12T23:40:00Z,2024-01-12T23:45:00Z,18.63,53.09,-21.61
72:a5:12:55:c5:00,2024-01-12T23:45:00Z,2024-01-12T23:50:00Z,18.37,52.48,121.75
72:a5:12:55:c5:00,2024-01-12T23:50:00Z,2024-01-12T23:55:00Z,16.95,54.43,66.29
72:a5:12:55:c5:00,2024-01-12T23:55:00Z,2024-01-13T00:00:00Z,19.94,53.56,-11.33
72:a5:12:55:c5:00,2024-01-13T00:00:00Z,2024-01-13T00:05:00Z,20.65,52.69,52.67
72:a5:12:55:c5:00,2024-01-13T00:05:00Z,2024-01-13T00:10:00Z,19.77,48.8,-73.93
72:a5:12:55:c5:00,2024-01-13T00:10:00Z,2024-01-13T00:15:00Z,20.01,51.42,15.02
72:a5:12:55:c5:00,2024-01-13T00:15:00Z,2024-01-13T00:20:00Z,19.3,50.32,-56.28
72:a5:12:55:c5:00,2024-01-13T00:20:00Z,2024-01-13T00:25:00Z,21.02,46.73,-101.32
72:a5:12:55:c5:00,2024-01-13T00:25:00Z,2024-01-13T00:30:00Z,21.14,48.16,47.07
72:a5:12:55:c5:00,2024-01-13T00:30:00Z,2024-01-13T00:35:00Z,20.09,49.7,54.52
72:a5:12:55:c5:00,2024-01-13T00:35:00Z,2024-01-13T00:40:00Z,20.61,52.22,27.43
72:a5:12:55:c5:00,2024-01-13T00:40:00Z,2024-01-13T00:45:00Z,20.11,50.93,-10.98
72:a5:12:55:c5:00,2024-01-13T00:45:00Z,2024-01-13T00:50:00Z,19.2,47.66,-75.98
72:a5:12:55:c5:00,2024-01-13T00:50:00Z,2024-01-13T00:55:00Z,19.75,49.72,-69.68
72:a5:12:55:c5:00,2024-01-13T00:55:00Z,2024-01-13T01:00:00Z,20.08,54.04,-58.16
72:a5:12:55:c5:00,2024-01-13T01:00:00Z,2024-01-13T01:05:00Z,21.02,47.12,503.62
72:a5:12:55:c5:00,2024-01-13T01:05:00Z,2024-01-13T01:10:00Z,21.16,46.24,582.21
72:a5:12:55:c5:00,2024-01-13T01:10:00Z,2024-01-13T01:15:00Z,21.24,47.88,581.26
72:a5:12:55:c5:00,2024-01-13T01:15:00Z,2024-01-13T01:20:00Z,21.25,48.42,418.72
72:a5:12:55:c5:00,2024-01-13T01:20:00Z,2024-01-13T01:25:00Z,21.33,45.98,476.04
72:a5:12:55:c5:00,2024-01-13T01:25:00Z,2024-01-13T01:30:00Z,20.66,47.9,474.43
72:a5:12:55:c5:00,2024-01-13T01:30:00Z,2024-01-13T01:35:00Z,20.86,46.24,365.74
72:a5:12:55:c5:00,2024-01-13T01:35:00Z,2024-01-13T01:40:00Z,20.52,48.33,551.61
72:a5:12:55:c5:00,2024-01-13T01:40:00Z,2024-01-13T01:45:00Z,21.88,47.23,502.87
72:a5:12:55:c5:00,2024-01-13T01:45:00Z,2024-01-13T01:50:00Z,20.03,47.86,510.85
72:a5:12:55:c5:00,2024-01-13T01:50:00Z,2024-01-13T01:55:00Z,21.99,45.38,598.39
72:a5:12:55:c5:00,2024-01-13T01:55:00Z,2024-01-13T02:00:00Z,22.13,45.25,522.94
72:a5:12:55:c5:00,2024-01-13T02:00:00Z,2024-01-13T02:05:00Z,22.32,45.89,974.16
72:a5:12:55:c5:00,2024-01-13T02:05:00Z,2024-01-13T02:10:00Z,20.94,43.84,1034.32
72:a5:12:55:c5:00,2024-01-13T02:10:00Z,2024-01-13T02:15:00Z,22.28,44.57,1063.53
72:a5:12:55:c5:00,2024-01-13T02:15:00Z,2024-01-13T02:20:00Z,22.46,43.39,1017.79
72:a5:12:55:c5:00,2024-01-13T02:20:00Z,2024-01-13T02:25:00Z,21.89,45.8,1041.35
72:a5:12:55:c5:00,2024-01-13T02:25:00Z,2024-01-13T02:30:00Z,22.19,42.78,991.27
72:a5:12:55:c5:00,2024-01-13T02:30:00Z,2024-01-13T02:35:00Z,23.42,43.73,995.09
72:a5:12:55:c5:00,2024-01-13T02:35:00Z,2024-01-13T02:40:00Z,22.9,45.57,1006.78
72:a5:12:55:c5:00,2024-01-13T02:40:00Z,2024-01-13T02:45:00Z,21.95,46.35,954.81
72:a5:12:55:c5:00,2024-01-13T02:45:00Z,2024-01-13T02:50:00Z,21.54,42.95,965.92
72:a5:12:55:c5:00,2024-01-13T02:50:00Z,2024-01-13T02:55:00Z,22.3,47.92,1082.67
72:a5:12:55:c5:00,2024-01-13T02:55:00Z,2024-01-13T03:00:00Z,22.37,44.63,1120.48
72:a5:12:55:c5:00,2024-01-13T03:00:00Z,2024-01-13T03:05:00Z,23.83,39.43,1509.75
72:a5:12:55:c5:00,2024-01-13T03:05:00Z,2024-01-13T03:10:00Z,23.21,42.25,1334.82
72:a5:12:55:c5:00,2024-01-13T03:10:00Z,2024-01-13T03:15:00Z,23.84,40.75,1329.02
72:a5:12:55:c5:00,2024-01-13T03:15:00Z,2024-01-13T03:20:00Z,24.7,42.38,1342.77
72:a5:12:55:c5:00,2024-01-13T03:20:00Z,2024-01-13T03:25:00Z,24.02,41.43,1422.28
72:a5:12:55:c5:00,2024-01-13T03:25:00Z,2024-01-13T03:30:00Z,23.51,41.66,1245.69
72:a5:12:55:c5:00,2024-01-13T03:30:00Z,2024-01-13T03:35:00Z,23.43,39.69,1378.89
72:a5:12:55:c5:00,2024-01-13T03:35:00Z,2024-01-13T03:40:00Z,23.32,43.49,1498.64
72:a5:12:55:c5:00,2024-01-13T03:40:00Z,2024-01-13T03:45:00Z,24.24,39.2,1473.16
72:a5:12:55:c5:00,2024-01-13T03:45:00Z,2024-01-13T03:50:00Z,23.16,39.3,1383.67
72:a5:12:55:c5:00,2024-01-13T03:50:00Z,2024-01-13T03:55:00Z,23.56,42.25,1388.21
72:a5:12:55:c5:00,2024-01-13T03:55:00Z,2024-01-13T04:00:00Z,23.57,44.72,1448.25
72:a5:12:55:c5:00,2024-01-13T04:00:00Z,2024-01-13T04:05:00Z,24.03,38.9,1788.17
72:a5:12:55:c5:00,2024-01-13T04:05:00Z,2024-01-13T04:10:00Z,23.51,41.01,1700.06
72:a5:12:55:c5:00,2024-01-13T04:10:00Z,2024-01-13T04:15:00Z,24.52,41.75,1717.99
72:a5:12:55:c5:00,2024-01-13T04:15:00Z,2024-01-13T04:20:00Z,24.29,41.24,1698.09
72:a5:12:55:c5:00,2024-01-13T04:20:00Z,2024-01-13T04:25:00Z,24.63,38.99,1652.17
72:a5:12:55:c5:00,2024-01-13T04:25:00Z,2024-01-13T04:30:00Z,24.01,37.43,1718.87
72:a5:12:55:c5:00,2024-01-13T04:30:00Z,2024-01-13T04:35:00Z,25.06,35.19,1714.3
72:a5:12:55:c5:00,2024-01-13T04:35:00Z,2024-01-13T04:40:00Z,23.8,39.08,1656.41
72:a5:12:55:c5:00,2024-01-13T04:40:00Z,2024-01-13T04:45:00Z,25.36,41.96,1770.82
72:a5:12:55:c5:00,2024-01-13T04:45:00Z,2024-01-13T04:50:00Z,23.28,37.36,1761.05
72:a5:12:55:c5:00,2024-01-13T04:50:00Z,2024-01-13T04:55:00Z,24.59,41.01,1773.79
72:a5:12:55:c5:00,2024-01-13T04:55:00Z,2024-01-13T05:00:00Z,24.62,37.71,1685.97
72:a5:12:55:c5:00,2024-01-13T05:00:00Z,2024-01-13T05:05:00Z,24.35,38.62,1812.84
72:a5:12:55:c5:00,2024-01-13T05:05:00Z,2024-01-13T05:10:00Z,25.08,39.82,1959.89
72:a5:12:55:c5:00,2024-01-13T05:10:00Z,2024-01-13T05:15:00Z,25.6,37.09,1892.0
72:a5:12:55:c5:00,2024-01-13T05:15:00Z,2024-01-13T05:20:00Z,23.5,38.75,1878.41
72:a5:12:55:c5:00,2024-01-13T05:20:00Z,2024-01-13T05:25:00Z,25.13,37.58,1856.43
72:a5:12:55:c5:00,2024-01-13T05:25:00Z,2024-01-13T05:30:00Z,23.33,39.82,1915.33
72:a5:12:55:c5:00,2024-01-13T05:30:00Z,2024-01-13T05:35:00Z,24.25,38.88,2026.49
72:a5:12:55:c5:00,2024-01-13T05:35:00Z,2024-01-13T05:40:00Z,25.81,38.52,1901.52
72:a5:12:55:c5:00,2024-01-13T05:40:00Z,2024-01-13T05:45:00Z,24.48,41.53,1866.46
72:a5:12:55:c5:00,2024-01-13T05:45:00Z,2024-01-13T05:50:00Z,24.13,39.73,1970.97
72:a5:12:55:c5:00,2024-01-13T05:50:00Z,2024-01-13T05:55:00Z,24.71,37.03,1942.22
72:a5:12:55:c5:00,2024-01-13T05:55:00Z,2024-01-13T06:00:00Z,26.07,38.24,1804.69
72:a5:12:55:c5:00,2024-01-13T06:00:00Z,2024-01-13T06:05:00Z,23.9,37.85,2039.74
72:a5:12:55:c5:00,2024-01-13T06:05:00Z,2024-01-13T06:10:00Z,24.37,38.16,2127.71
72:a5:12:55:c5:00,2024-01-13T06:10:00Z,2024-01-13T06:15:00Z,25.9,43.05,1843.97
72:a5:12:55:c5:00,2024-01-13T06:15:00Z,2024-01-13T06:20:00Z,26.11,38.74,1925.86
72:a5:12:55:c5:00,2024-01-13T06:20:00Z,2024-01-13T06:25:00Z,24.94,33.93,1829.09
72:a5:12:55:c5:00,2024-01-13T06:25:00Z,2024-01-13T06:30:00Z,24.26,36.91,1995.48
72:a5:12:55:c5:00,2024-01-13T06:30:00Z,2024-01-13T06:35:00Z,26.26,34.14,2059.42
72:a5:12:55:c5:00,2024-01-13T06:35:00Z,2024-01-13T06:40:00Z,25.96,37.34,2006.33
72:a5:12:55:c5:00,2024-01-13T06:40:00Z,2024-01-13T06:45:00Z,25.41,34.03,2083.52
72:a5:12:55:c5:00,2024-01-13T06:45:00Z,2024-01-13T06:50:00Z,24.51,36.26,2049.83
72:a5:12:55:c5:00,2024-01-13T06:50:00Z,2024-01-13T06:55:00Z,24.97,34.96,2102.13
72:a5:12:55:c5:00,2024-01-13T06:55:00Z,2024-01-13T07:00:00Z,24.9,38.77,2069.61
72:a5:12:55:c5:00,2024-01-13T07:00:00Z,2024-01-13T07:05:00Z,25.03,38.41,1907.68
72:a5:12:55:c5:00,2024-01-13T07:05:00Z,2024-01-13T07:10:00Z,25.7,39.01,1935.86
72:a5:12:55:c5:00,2024-01-13T07:10:00Z,2024-01-13T07:15:00Z,25.36,38.2,1879.73
72:a5:12:55:c5:00,2024-01-13T07:15:00Z,2024-01-13T07:20:00Z,24.18,35.62,1918.01
72:a5:12:55:c5:00,2024-01-13T07:20:00Z,2024-01-13T07:25:00Z,25.66,39.44,1935.56
72:a5:12:55:c5:00,2024-01-13T07:25:00Z,2024-01-13T07:30:00Z,25.02,42.25,1926.76
72:a5:12:55:c5:00,2024-01-13T07:30:00Z,2024-01-13T07:35:00Z,25.24,39.23,2012.39
72:a5:12:55:c5:00,2024-01-13T07:35:00Z,2024-01-13T07:40:00Z,25.71,37.56,1912.04
72:a5:12:55:c5:00,2024-01-13T07:40:00Z,2024-01-13T07:45:00Z,24.16,35.55,1875.93
72:a5:12:55:c5:00,2024-01-13T07:45:00Z,2024-01-13T07:50:00Z,24.81,36.59,1879.67
72:a5:12:55:c5:00,2024-01-13T07:50:00Z,2024-01-13T07:55:00Z,24.51,39.31,1971.16
72:a5:12:55:c5:00,2024-01-13T07:55:00Z,2024-01-13T08:00:00Z,23.89,40.56,1847.66
72:a5:12:55:c5:00,2024-01-13T08:00:00Z,2024-01-13T08:05:00Z,24.54,40.13,1719.98
72:a5:12:55:c5:00,2024-01-13T08:05:00Z,2024-01-13T08:10:00Z,25.84,41.21,1811.7
72:a5:12:55:c5:00,2024-01-13T08:10:00Z,2024-01-13T08:15:00Z,23.23,41.02,1749.61
72:a5:12:55:c5:00,2024-01-13T08:15:00Z,2024-01-13T08:20:00Z,24.31,40.62,1727.57
72:a5:12:55:c5:00,2024-01-13T08:20:00Z,2024-01-13T08:25:00Z,24.71,38.29,1729.9
72:a5:12:55:c5:00,2024-01-13T08:25:00Z,2024-01-13T08:30:00Z,24.4,39.96,1670.28
72:a5:12:55:c5:00,2024-01-13T08:30:00Z,2024-01-13T08:35:00Z,24.26,37.91,1680.62
72:a5:12:55:c5:00,2024-01-13T08:35:00Z,2024-01-13T08:40:00Z,23.55,39.64,1720.34
72:a5:12:55:c5:00,2024-01-13T08:40:00Z,2024-01-13T08:45:00Z,24.47,40.27,1748.33
72:a5:12:55:c5:00,2024-01-13T08:45:00Z,2024-01-13T08:50:00Z,23.88,42.97,1788.94
72:a5:12:55:c5:00,2024-01-13T08:50:00Z,2024-01-13T08:55:00Z,23.02,36.99,1737.6
72:a5:12:55:c5:00,2024-01-13T08:55:00Z,2024-01-13T09:00:00Z,25.05,40.57,1813.22
72:a5:12:55:c5:00,2024-01-13T09:00:00Z,2024-01-13T09:05:00Z,24.11,44.48,1510.53
72:a5:12:55:c5:00,2024-01-13T09:05:00Z,2024-01-13T09:10:00Z,23.57,43.03,1461.93
72:a5:12:55:c5:00,2024-01-13T09:10:00Z,2024-01-13T09:15:00Z,23.67,43.18,1487.71
72:a5:12:55:c5:00,2024-01-13T09:15:00Z,2024-01-13T09:20:00Z,24.18,42.69,1354.77
72:a5:12:55:c5:00,2024-01-13T09:20:00Z,2024-01-13T09:25:00Z,23.67,44.11,1345.26
72:a5:12:55:c5:00,2024-01-13T09:25:00Z,2024-01-13T09:30:00Z,24.08,39.34,1445.29
72:a5:12:55:c5:00,2024-01-13T09:30:00Z,2024-01-13T09:35:00Z,23.36,38.74,1333.74
72:a5:12:55:c5:00,2024-01-13T09:35:00Z,2024-01-13T09:40:00Z,24.32,41.5,1396.79
72:a5:12:55:c5:00,2024-01-13T09:40:00Z,2024-01-13T09:45:00Z,23.73,37.19,1460.49
72:a5:12:55:c5:00,2024-01-13T09:45:00Z,2024-01-13T09:50:00Z,23.65,43.98,1499.02
72:a5:12:55:c5:00,2024-01-13T09:50:00Z,2024-01-13T09:55:00Z,22.77,43.96,1398.96
72:a5:12:55:c5:00,2024-01-13T09:55:00Z,2024-01-13T10:00:00Z,23.71,40.65,1375.22
72:a5:12:55:c5:00,2024-01-13T10:00:00Z,2024-01-13T10:05:00Z,22.0,43.26,1019.23
72:a5:12:55:c5:00,2024-01-13T10:05:00Z,2024-01-13T10:10:00Z,22.12,43.86,935.59
72:a5:12:55:c5:00,2024-01-13T10:10:00Z,2024-01-13T10:15:00Z,22.01,44.1,989.6
72:a5:12:55:c5:00,2024-01-13T10:15:00Z,2024-01-13T10:20:00Z,21.86,44.25,999.52
72:a5:12:55:c5:00,2024-01-13T10:20:00Z,2024-01-13T10:25:00Z,23.77,45.12,998.32
72:a5:12:55:c5:00,2024-01-13T10:25:00Z,2024-01-13T10:30:00Z,23.3,43.65,1005.31
72:a5:12:55:c5:00,2024-01-13T10:30:00Z,2024-01-13T10:35:00Z,23.65,45.89,949.93
72:a5:12:55:c5:00,2024-01-13T10:35:00Z,2024-01-13T10:40:00Z,21.77,44.89,956.38
72:a5:12:55:c5:00,2024-01-13T10:40:00Z,2024-01-13T10:45:00Z,22.54,42.79,955.17
72:a5:12:55:c5:00,2024-01-13T10:45:00Z,2024-01-13T10:50:00Z,21.72,46.67,902.79
72:a5:12:55:c5:00,2024-01-13T10:50:00Z,2024-01-13T10:55:00Z,22.08,41.28,1020.51
72:a5:12:55:c5:00,2024-01-13T10:55:00Z,2024-01-13T11:00:00Z,21.95,43.82,1053.68
72:a5:12:55:c5:00,2024-01-13T11:00:00Z,2024-01-13T11:05:00Z,22.04,48.83,565.42
72:a5:12:55:c5:00,2024-01-13T11:05:00Z,2024-01-13T11:10:00Z,21.06,45.45,501.89
72:a5:12:55:c5:00,2024-01-13T11:10:00Z,2024-01-13T11:15:00Z,21.94,47.51,468.98
72:a5:12:55:c5:00,2024-01-13T11:15:00Z,2024-01-13T11:20:00Z,21.66,47.98,562.3
72:a5:12:55:c5:00,2024-01-13T11:20:00Z,2024-01-13T11:25:00Z,22.68,45.17,555.97
72:a5:12:55:c5:00,2024-01-13T11:25:00Z,2024-01-13T11:30:00Z,20.41,46.75,530.68
72:a5:12:55:c5:00,2024-01-13T11:30:00Z,2024-01-13T11:35:00Z,22.05,46.58,622.3
72:a5:12:55:c5:00,2024-01-13T11:35:00Z,2024-01-13T11:40:00Z,21.98,45.79,516.05
72:a5:12:55:c5:00,2024-01-13T11:40:00Z,2024-01-13T11:45:00Z,20.71,51.5,502.22
72:a5:12:55:c5:00,2024-01-13T11:45:00Z,2024-01-13T11:50:00Z,21.9,45.37,493.65
72:a5:12:55:c5:00,2024-01-13T11:50:00Z,2024-01-13T11:55:00Z,21.5,48.9,423.99
72:a5:12:55:c5:00,2024-01-13T11:55:00Z,2024-01-13T12:00:00Z,21.16,46.11,557.32
72:a5:12:55:c5:00,2024-01-13T12:00:00Z,2024-01-13T12:05:00Z,19.51,47.83,-6.33
72:a5:12:55:c5:00,2024-01-13T12:05:00Z,2024-01-13T12:10:00Z,19.57,50.21,30.6
72:a5:12:55:c5:00,2024-01-13T12:10:00Z,2024-01-13T12:15:00Z,21.23,51.3,110.51
72:a5:12:55:c5:00,2024-01-13T12:15:00Z,2024-01-13T12:20:00Z,20.0,51.84,-23.45
72:a5:12:55:c5:00,2024-01-13T12:20:00Z,2024-01-13T12:25:00Z,20.47,53.12,-140.28
72:a5:12:55:c5:00,2024-01-13T12:25:00Z,2024-01-13T12:30:00Z,19.53,55.89,28.86
72:a5:12:55:c5:00,2024-01-13T12:30:00Z,2024-01-13T12:35:00Z,19.53,50.5,10.01
72:a5:12:55:c5:00,2024-01-13T12:35:00Z,2024-01-13T12:40:00Z,20.65,48.67,-43.95
72:a5:12:55:c5:00,2024-01-13T12:40:00Z,2024-01-13T12:45:00Z,19.19,50.91,23.84
72:a5:12:55:c5:00,2024-01-13T12:45:00Z,2024-01-13T12:50:00Z,19.75,49.47,47.17
72:a5:12:55:c5:00,2024-01-13T12:50:00Z,2024-01-13T12:55:00Z,20.02,51.85,-56.8
72:a5:12:55:c5:00,2024-01-13T12:55:00Z,2024-01-13T13:00:00Z,20.07,47.41,-18.08
72:a5:12:55:c5:00,2024-01-13T13:00:00Z,2024-01-13T13:05:00Z,18.6,57.84,88.61
72:a5:12:55:c5:00,2024-01-13T13:05:00Z,2024-01-13T13:10:00Z,18.94,54.82,-43.3
72:a5:12:55:c5:00,2024-01-13T13:10:00Z,2024-01-13T13:15:00Z,19.12,49.74,4.0
72:a5:12:55:c5:00,2024-01-13T13:15:00Z,2024-01-13T13:20:00Z,19.15,51.69,-157.46
72:a5:12:55:c5:00,2024-01-13T13:20:00Z,2024-01-13T13:25:00Z,18.11,54.74,-88.91
72:a5:12:55:c5:00,2024-01-13T13:25:00Z,2024-01-13T13:30:00Z,18.54,55.46,9.45
72:a5:12:55:c5:00,2024-01-13T13:30:00Z,2024-01-13T13:35:00Z,19.42,50.56,73.68
72:a5:12:55:c5:00,2024-01-13T13:35:00Z,2024-01-13T13:40:00Z,19.24,54.53,-81.72
72:a5:12:55:c5:00,2024-01-13T13:40:00Z,2024-01-13T13:45:00Z,17.88,49.21,4.47
72:a5:12:55:c5:00,2024-01-13T13:45:00Z,2024-01-13T13:50:00Z,18.92,52.93,-22.54
72:a5:12:55:c5:00,2024-01-13T13:50:00Z,2024-01-13T13:55:00Z,17.52,55.33,57.19
72:a5:12:55:c5:00,2024-01-13T13:55:00Z,2024-01-13T14:00:00Z,18.73,52.0,-73.07
72:a5:12:55:c5:00,2024-01-13T14:00:00Z,2024-01-13T14:05:00Z,18.64,52.99,25.8
72:a5:12:55:c5:00,2024-01-13T14:05:00Z,2024-01-13T14:10:00Z,16.93,56.29,-39.22
72:a5:12:55:c5:00,2024-01-13T14:10:00Z,2024-01-13T14:15:00Z,17.0,54.79,13.38
72:a5:12:55:c5:00,2024-01-13T14:15:00Z,2024-01-13T14:20:00Z,17.96,57.26,4.14
72:a5:12:55:c5:00,2024-01-13T14:20:00Z,2024-01-13T14:25:00Z,16.57,54.23,-15.11
72:a5:12:55:c5:00,2024-01-13T14:25:00Z,2024-01-13T14:30:00Z,17.12,54.45,28.67
72:a5:12:55:c5:00,2024-01-13T14:30:00Z,2024-01-13T14:35:00Z,17.86,51.96,2.62
72:a5:12:55:c5:00,2024-01-13T14:35:00Z,2024-01-13T14:40:00Z,17.12,56.34,-7.97
72:a5:12:55:c5:00,2024-01-13T14:40:00Z,2024-01-13T14:45:00Z,17.36,55.68,-21.38
72:a5:12:55:c5:00,2024-01-13T14:45:00Z,2024-01-13T14:50:00Z,17.95,53.62,4.66
72:a5:12:55:c5:00,2024-01-13T14:50:00Z,2024-01-13T14:55:00Z,17.75,56.39,13.32
72:a5:12:55:c5:00,2024-01-13T14:55:00Z,2024-01-13T15:00:00Z,17.66,58.05,-59.35
72:a5:12:55:c5:00,2024-01-13T15:00:00Z,2024-01-13T15:05:00Z,16.26,58.05,-20.97
72:a5:12:55:c5:00,2024-01-13T15:05:00Z,2024-01-13T15:10:00Z,16.69,59.02,-63.31
72:a5:12:55:c5:00,2024-01-13T15:10:00Z,2024-01-13T15:15:00Z,16.39,59.03,-2.39
72:a5:12:55:c5:00,2024-01-13T15:15:00Z,2024-01-13T15:20:00Z,16.74,56.08,-35.54
72:a5:12:55:c5:00,2024-01-13T15:20:00Z,2024-01-13T15:25:00Z,16.17,62.6,46.25
72:a5:12:55:c5:00,2024-01-13T15:25:00Z,2024-01-13T15:30:00Z,16.35,57.54,40.36
72:a5:12:55:c5:00,2024-01-13T15:30:00Z,2024-01-13T15:35:00Z,15.87,59.8,-55.36
72:a5:12:55:c5:00,2024-01-13T15:35:00Z,2024-01-13T15:40:00Z,16.44,60.02,-0.14
72:a5:12:55:c5:00,2024-01-13T15:40:00Z,2024-01-13T15:45:00Z,15.98,58.21,38.31
72:a5:12:55:c5:00,2024-01-13T15:45:00Z,2024-01-13T15:50:00Z,15.8,59.7,-10.52
72:a5:12:55:c5:00,2024-01-13T15:50:00Z,2024-01-13T15:55:00Z,16.62,58.98,-43.69
72:a5:12:55:c5:00,2024-01-13T15:55:00Z,2024-01-13T16:00:00Z,16.59,55.65,-65.54
72:a5:12:55:c5:00,2024-01-13T16:00:00Z,2024-01-13T16:05:00Z,16.14,59.73,51.26
72:a5:12:55:c5:00,2024-01-13T16:05:00Z,2024-01-13T16:10:00Z,15.41,59.17,54.16
72:a5:12:55:c5:00,2024-01-13T16:10:00Z,2024-01-13T16:15:00Z,15.91,59.47,-12.48
72:a5:12:55:c5:00,2024-01-13T16:15:00Z,2024-01-13T16:20:00Z,16.0,57.78,45.97
72:a5:12:55:c5:00,2024-01-13T16:20:00Z,2024-01-13T16:25:00Z,15.94,62.65,-177.91
72:a5:12:55:c5:00,2024-01-13T16:25:00Z,2024-01-13T16:30:00Z,15.17,63.6,79.65
72:a5:12:55:c5:00,2024-01-13T16:30:00Z,2024-01-13T16:35:00Z,15.76,62.35,-9.42
72:a5:12:55:c5:00,2024-01-13T16:35:00Z,2024-01-13T16:40:00Z,15.89,62.93,8.51
72:a5:12:55:c5:00,2024-01-13T16:40:00Z,2024-01-13T16:45:00Z,15.67,59.7,-19.23
72:a5:12:55:c5:00,2024-01-13T16:45:00Z,2024-01-13T16:50:00Z,14.42,59.12,83.74
72:a5:12:55:c5:00,2024-01-13T16:50:00Z,2024-01-13T16:55:00Z,15.77,58.84,-63.64
72:a5:12:55:c5:00,2024-01-13T16:55:00Z,2024-01-13T17:00:00Z,17.0,61.68,88.47
72:a5:12:55:c5:00,2024-01-13T17:00:00Z,2024-01-13T17:05:00Z,14.95,62.05,23.78
72:a5:12:55:c5:00,2024-01-13T17:05:00Z,2024-01-13T17:10:00Z,14.73,61.44,37.36
72:a5:12:55:c5:00,2024-01-13T17:10:00Z,2024-01-13T17:15:00Z,15.39,64.18,-19.75
72:a5:12:55:c5:00,2024-01-13T17:15:00Z,2024-01-13T17:20:00Z,15.36,62.4,-78.49
72:a5:12:55:c5:00,2024-01-13T17:20:00Z,2024-01-13T17:25:00Z,15.89,59.91,55.83
72:a5:12:55:c5:00,2024-01-13T17:25:00Z,2024-01-13T17:30:00Z,14.42,60.23,18.68
72:a5:12:55:c5:00,2024-01-13T17:30:00Z,2024-01-13T17:35:00Z,15.61,62.96,81.7
72:a5:12:55:c5:00,2024-01-13T17:35:00Z,2024-01-13T17:40:00Z,15.52,63.67,-11.63
72:a5:12:55:c5:00,2024-01-13T17:40:00Z,2024-01-13T17:45:00Z,15.09,62.69,-25.15
72:a5:12:55:c5:00,2024-01-13T17:45:00Z,2024-01-13T17:50:00Z,15.37,65.38,83.29
72:a5:12:55:c5:00,2024-01-13T17:50:00Z,2024-01-13T17:55:00Z,15.79,64.86,114.71
72:a5:12:55:c5:00,2024-01-13T17:55:00Z,2024-01-13T18:00:00Z,15.69,62.47,0.56
72:a5:12:55:c5:00,2024-01-13T18:00:00Z,2024-01-13T18:05:00Z,14.31,60.32,-45.17
72:a5:12:55:c5:00,2024-01-13T18:05:00Z,2024-01-13T18:10:00Z,15.49,59.38,48.63
72:a5:12:55:c5:00,2024-01-13T18:10:00Z,2024-01-13T18:15:00Z,14.96,61.23,-15.24
72:a5:12:55:c5:00,2024-01-13T18:15:00Z,2024-01-13T18:20:00Z,15.04,63.51,35.96
72:a5:12:55:c5:00,2024-01-13T18:20:00Z,2024-01-13T18:25:00Z,15.04,65.65,-15.56
72:a5:12:55:c5:00,2024-01-13T18:25:00Z,2024-01-13T18:30:00Z,14.91,62.83,93.84
72:a5:12:55:c5:00,2024-01-13T18:30:00Z,2024-01-13T18:35:00Z,15.72,64.34,-41.97
72:a5:12:55:c5:00,2024-01-13T18:35:00Z,2024-01-13T18:40:00Z,14.95,61.51,28.83
72:a5:12:55:c5:00,2024-01-13T18:40:00Z,2024-01-13T18:45:00Z,14.33,63.25,-29.32
72:a5:12:55:c5:00,2024-01-13T18:45:00Z,2024-01-13T18:50:00Z,14.76,63.65,-16.89
72:a5:12:55:c5:00,2024-01-13T18:50:00Z,2024-01-13T18:55:00Z,15.11,58.04,-24.72
72:a5:12:55:c5:00,2024-01-13T18:55:00Z,2024-01-13T19:00:00Z,15.74,61.17,44.32
72:a5:12:55:c5:00,2024-01-13T19:00:00Z,2024-01-13T19:05:00Z,15.53,63.49,55.1
72:a5:12:55:c5:00,2024-01-13T19:05:00Z,2024-01-13T19:10:00Z,14.66,62.14,33.46
72:a5:12:55:c5:00,2024-01-13T19:10:00Z,2024-01-13T19:15:00Z,16.66,59.2,-6.48
72:a5:12:55:c5:00,2024-01-13T19:15:00Z,2024-01-13T19:20:00Z,15.33,56.73,8.41
72:a5:12:55:c5:00,2024-01-13T19:20:00Z,2024-01-13T19:25:00Z,15.94,60.86,53.86
72:a5:12:55:c5:00,2024-01-13T19:25:00Z,2024-01-13T19:30:00Z,15.08,61.45,55.76
72:a5:12:55:c5:00,2024-01-13T19:30:00Z,2024-01-13T19:35:00Z,15.49,59.82,-161.42
72:a5:12:55:c5:00,2024-01-13T19:35:00Z,2024-01-13T19:40:00Z,15.67,61.88,-16.33
72:a5:12:55:c5:00,2024-01-13T19:40:00Z,2024-01-13T19:45:00Z,15.9,62.6,-13.46
72:a5:12:55:c5:00,2024-01-13T19:45:00Z,2024-01-13T19:50:00Z,15.8,62.93,40.16
72:a5:12:55:c5:00,2024-01-13T19:50:00Z,2024-01-13T19:55:00Z,15.69,56.88,-4.01
72:a5:12:55:c5:00,2024-01-13T19:55:00Z,2024-01-13T20:00:00Z,14.98,58.96,43.15
72:a5:12:55:c5:00,2024-01-13T20:00:00Z,2024-01-13T20:05:00Z,15.33,59.78,-64.72
72:a5:12:55:c5:00,2024-01-13T20:05:00Z,2024-01-13T20:10:00Z,15.87,61.54,15.6
72:a5:12:55:c5:00,2024-01-13T20:10:00Z,2024-01-13T20:15:00Z,16.23,61.37,54.01
72:a5:12:55:c5:00,2024-01-13T20:15:00Z,2024-01-13T20:20:00Z,15.54,61.34,-88.46
72:a5:12:55:c5:00,2024-01-13T20:20:00Z,2024-01-13T20:25:00Z,16.31,59.63,150.82
72:a5:12:55:c5:00,2024-01-13T20:25:00Z,2024-01-13T20:30:00Z,16.54,59.74,71.45
72:a5:12:55:c5:00,2024-01-13T20:30:00Z,2024-01-13T20:35:00Z,15.12,58.94,0.08
72:a5:12:55:c5:00,2024-01-13T20:35:00Z,2024-01-13T20:40:00Z,15.17,61.93,-49.7
72:a5:12:55:c5:00,2024-01-13T20:40:00Z,2024-01-13T20:45:00Z,15.59,58.55,-10.51
72:a5:12:55:c5:00,2024-01-13T20:45:00Z,2024-01-13T20:50:00Z,15.85,62.09,5.03
72:a5:12:55:c5:00,2024-01-13T20:50:00Z,2024-01-13T20:55:00Z,15.36,60.81,26.44
72:a5:12:55:c5:00,2024-01-13T20:55:00Z,2024-01-13T21:00:00Z,16.48,60.3,90.04
72:a5:12:55:c5:00,2024-01-13T21:00:00Z,2024-01-13T21:05:00Z,16.72,57.17,-28.57
72:a5:12:55:c5:00,2024-01-13T21:05:00Z,2024-01-13T21:10:00Z,16.49,55.77,33.76
72:a5:12:55:c5:00,2024-01-13T21:10:00Z,2024-01-13T21:15:00Z,15.6,57.19,-77.55
72:a5:12:55:c5:00,2024-01-13T21:15:00Z,2024-01-13T21:20:00Z,15.67,57.83,-24.82
72:a5:12:55:c5:00,2024-01-13T21:20:00Z,2024-01-13T21:25:00Z,16.63,53.75,22.6
72:a5:12:55:c5:00,2024-01-13T21:25:00Z,2024-01-13T21:30:00Z,15.18,58.09,41.48
72:a5:12:55:c5:00,2024-01-13T21:30:00Z,2024-01-13T21:35:00Z,17.07,60.33,-45.19
72:a5:12:55:c5:00,2024-01-13T21:35:00Z,2024-01-13T21:40:00Z,16.37,59.62,-26.45
72:a5:12:55:c5:00,2024-01-13T21:40:00Z,2024-01-13T21:45:00Z,18.41,57.49,87.63
72:a5:12:55:c5:00,2024-01-13T21:45:00Z,2024-01-13T21:50:00Z,17.85,58.58,69.71
72:a5:12:55:c5:00,2024-01-13T21:50:00Z,2024-01-13T21:55:00Z,16.36,57.37,12.51
72:a5:12:55:c5:00,2024-01-13T21:55:00Z,2024-01-13T22:00:00Z,16.4,58.78,-134.2
72:a5:12:55:c5:00,2024-01-13T22:00:00Z,2024-01-13T22:05:00Z,18.1,59.08,150.67
72:a5:12:55:c5:00,2024-01-13T22:05:00Z,2024-01-13T22:10:00Z,18.52,57.94,-1.2
72:a5:12:55:c5:00,2024-01-13T22:10:00Z,2024-01-13T22:15:00Z,16.52,57.04,-18.75
72:a5:12:55:c5:00,2024-01-13T22:15:00Z,2024-01-13T22:20:00Z,16.43,55.01,-31.34
72:a5:12:55:c5:00,2024-01-13T22:20:00Z,2024-01-13T22:25:00Z,17.13,57.5,22.58
72:a5:12:55:c5:00,2024-01-13T22:25:00Z,2024-01-13T22:30:00Z,17.85,52.63,23.19
72:a5:12:55:c5:00,2024-01-13T22:30:00Z,2024-01-13T22:35:00Z,17.8,55.5,57.04
72:a5:12:55:c5:00,2024-01-13T22:35:00Z,2024-01-13T22:40:00Z,18.14,57.17,-55.56
72:a5:12:55:c5:00,2024-01-13T22:40:00Z,2024-01-13T22:45:00Z,16.78,57.48,-18.75
72:a5:12:55:c5:00,2024-01-13T22:45:00Z,2024-01-13T22:50:00Z,16.11,57.34,121.83
72:a5:12:55:c5:00,2024-01-13T22:50:00Z,2024-01-13T22:55:00Z,18.01,56.59,13.48
72:a5:12:55:c5:00,2024-01-13T22:55:00Z,2024-01-13T23:00:00Z,17.0,55.61,-10.35
72:a5:12:55:c5:00,2024-01-13T23:00:00Z,2024-01-13T23:05:00Z,17.49,54.18,-56.5
72:a5:12:55:c5:00,2024-01-13T23:05:00Z,2024-01-13T23:10:00Z,18.79,51.2,30.36
72:a5:12:55:c5:00,2024-01-13T23:10:00Z,2024-01-13T23:15:00Z,19.18,51.42,61.86
72:a5:12:55:c5:00,2024-01-13T23:15:00Z,2024-01-13T23:20:00Z,18.63,53.23,52.48
72:a5:12:55:c5:00,2024-01-13T23:20:00Z,2024-01-13T23:25:00Z,18.43,53.45,-15.53
72:a5:12:55:c5:00,2024-01-13T23:25:00Z,2024-01-13T23:30:00Z,18.61,49.45,21.68
72:a5:12:55:c5:00,2024-01-13T23:30:00Z,2024-01-13T23:35:00Z,18.48,54.02,100.3
72:a5:12:55:c5:00,2024-01-13T23:35:00Z,2024-01-13T23:40:00Z,17.9,54.65,64.25
72:a5:12:55:c5:00,2024-01-13T23:40:00Z,2024-01-13T23:45:00Z,18.28,52.95,-47.05
72:a5:12:55:c5:00,2024-01-13T23:45:00Z,2024-01-13T23:50:00Z,19.02,57.85,-152.76
72:a5:12:55:c5:00,2024-01-13T23:50:00Z,2024-01-13T23:55:00Z,18.9,51.74,17.81
72:a5:12:55:c5:00,2024-01-13T23:55:00Z,2024-01-14T00:00:00Z,18.81,52.38,47.91
72:a5:12:55:c5:00,2024-01-14T00:00:00Z,2024-01-14T00:05:00Z,19.4,49.21,-65.35
72:a5:12:55:c5:00,2024-01-14T00:05:00Z,2024-01-14T00:10:00Z,19.89,49.85,-0.53
72:a5:12:55:c5:00,2024-01-14T00:10:00Z,2024-01-14T00:15:00Z,18.69,49.34,-15.82
72:a5:12:55:c5:00,2024-01-14T00:15:00Z,2024-01-14T00:20:00Z,20.11,47.19,6.26
72:a5:12:55:c5:00,2024-01-14T00:20:00Z,2024-01-14T00:25:00Z,20.86,48.91,-32.68
72:a5:12:55:c5:00,2024-01-14T00:25:00Z,2024-01-14T00:30:00Z,19.12,49.8,77.43
72:a5:12:55:c5:00,2024-01-14T00:30:00Z,2024-01-14T00:35:00Z,19.65,52.46,8.88
72:a5:12:55:c5:00,2024-01-14T00:35:00Z,2024-01-14T00:40:00Z,20.2,54.4,-52.74
72:a5:12:55:c5:00,2024-01-14T00:40:00Z,2024-01-14T00:45:00Z,20.75,52.67,55.05
72:a5:12:55:c5:00,2024-01-14T00:45:00Z,2024-01-14T00:50:00Z,19.73,48.45,-75.85
72:a5:12:55:c5:00,2024-01-14T00:50:00Z,2024-01-14T00:55:00Z,19.58,48.61,77.07
72:a5:12:55:c5:00,2024-01-14T00:55:00Z,2024-01-14T01:00:00Z,18.82,49.68,59.46
72:a5:12:55:c5:00,2024-01-14T01:00:00Z,2024-01-14T01:05:00Z,21.36,50.46,601.02
72:a5:12:55:c5:00,2024-01-14T01:05:00Z,2024-01-14T01:10:00Z,22.52,46.56,508.14
72:a5:12:55:c5:00,2024-01-14T01:10:00Z,2024-01-14T01:15:00Z,21.46,44.24,487.87
72:a5:12:55:c5:00,2024-01-14T01:15:00Z,2024-01-14T01:20:00Z,21.28,45.89,522.68
72:a5:12:55:c5:00,2024-01-14T01:20:00Z,2024-01-14T01:25:00Z,21.49,48.41,512.57
72:a5:12:55:c5:00,2024-01-14T01:25:00Z,2024-01-14T01:30:00Z,21.29,48.27,478.47
72:a5:12:55:c5:00,2024-01-14T01:30:00Z,2024-01-14T01:35:00Z,20.81,46.49,484.42
72:a5:12:55:c5:00,2024-01-14T01:35:00Z,2024-01-14T01:40:00Z,21.79,48.26,495.66
72:a5:12:55:c5:00,2024-01-14T01:40:00Z,2024-01-14T01:45:00Z,21.43,42.35,447.44
72:a5:12:55:c5:00,2024-01-14T01:45:00Z,2024-01-14T01:50:00Z,21.3,47.1,558.32
72:a5:12:55:c5:00,2024-01-14T01:50:00Z,2024-01-14T01:55:00Z,20.71,48.62,514.5
72:a5:12:55:c5:00,2024-01-14T01:55:00Z,2024-01-14T02:00:00Z,22.08,45.23,499.14
72:a5:12:55:c5:00,2024-01-14T02:00:00Z,2024-01-14T02:05:00Z,22.9,42.33,933.38
72:a5:12:55:c5:00,2024-01-14T02:05:00Z,2024-01-14T02:10:00Z,22.17,40.27,930.38
72:a5:12:55:c5:00,2024-01-14T02:10:00Z,2024-01-14T02:15:00Z,23.1,47.18,1116.15
72:a5:12:55:c5:00,2024-01-14T02:15:00Z,2024-01-14T02:20:00Z,22.2,42.56,962.36
72:a5:12:55:c5:00,2024-01-14T02:20:00Z,2024-01-14T02:25:00Z,22.03,44.48,1036.63
72:a5:12:55:c5:00,2024-01-14T02:25:00Z,2024-01-14T02:30:00Z,22.04,45.21,1009.76
72:a5:12:55:c5:00,2024-01-14T02:30:00Z,2024-01-14T02:35:00Z,21.44,47.02,833.49
72:a5:12:55:c5:00,2024-01-14T02:35:00Z,2024-01-14T02:40:00Z,22.78,43.69,1107.55
72:a5:12:55:c5:00,2024-01-14T02:40:00Z,2024-01-14T02:45:00Z,21.4,42.92,1041.05
72:a5:12:55:c5:00,2024-01-14T02:45:00Z,2024-01-14T02:50:00Z,21.76,44.35,953.94
72:a5:12:55:c5:00,2024-01-14T02:50:00Z,2024-01-14T02:55:00Z,21.25,46.57,998.3
72:a5:12:55:c5:00,2024-01-14T02:55:00Z,2024-01-14T03:00:00Z,22.45,43.66,931.05
72:a5:12:55:c5:00,2024-01-14T03:00:00Z,2024-01-14T03:05:00Z,23.45,39.6,1523.79
72:a5:12:55:c5:00,2024-01-14T03:05:00Z,2024-01-14T03:10:00Z,23.34,38.43,1359.75
72:a5:12:55:c5:00,2024-01-14T03:10:00Z,2024-01-14T03:15:00Z,22.91,39.07,1382.83
72:a5:12:55:c5:00,2024-01-14T03:15:00Z,2024-01-14T03:20:00Z,22.83,43.24,1370.44
72:a5:12:55:c5:00,2024-01-14T03:20:00Z,2024-01-14T03:25:00Z,23.81,40.87,1419.04
72:a5:12:55:c5:00,2024-01-14T03:25:00Z,2024-01-14T03:30:00Z,23.21,40.3,1496.43
72:a5:12:55:c5:00,2024-01-14T03:30:00Z,2024-01-14T03:35:00Z,23.73,40.08,1521.58
72:a5:12:55:c5:00,2024-01-14T03:35:00Z,2024-01-14T03:40:00Z,23.0,41.68,1390.27
72:a5:12:55:c5:00,2024-01-14T03:40:00Z,2024-01-14T03:45:00Z,23.64,41.04,1436.91
72:a5:12:55:c5:00,2024-01-14T03:45:00Z,2024-01-14T03:50:00Z,24.32,40.97,1419.13
72:a5:12:55:c5:00,2024-01-14T03:50:00Z,2024-01-14T03:55:00Z,23.89,44.21,1355.32
72:a5:12:55:c5:00,2024-01-14T03:55:00Z,2024-01-14T04:00:00Z,23.29,44.59,1559.57
72:a5:12:55:c5:00,2024-01-14T04:00:00Z,2024-01-14T04:05:00Z,24.48,36.39,1813.82
72:a5:12:55:c5:00,2024-01-14T04:05:00Z,2024-01-14T04:10:00Z,24.19,40.26,1743.4
72:a5:12:55:c5:00,2024-01-14T04:10:00Z,2024-01-14T04:15:00Z,24.33,38.05,1826.96
72:a5:12:55:c5:00,2024-01-14T04:15:00Z,2024-01-14T04:20:00Z,24.13,39.11,1804.78
72:a5:12:55:c5:00,2024-01-14T04:20:00Z,2024-01-14T04:25:00Z,24.23,40.23,1736.96
72:a5:12:55:c5:00,2024-01-14T04:25:00Z,2024-01-14T04:30:00Z,24.46,39.18,1751.61
72:a5:12:55:c5:00,2024-01-14T04:30:00Z,2024-01-14T04:35:00Z,23.73,40.07,1822.78
72:a5:12:55:c5:00,2024-01-14T04:35:00Z,2024-01-14T04:40:00Z,23.72,40.95,1675.28
72:a5:12:55:c5:00,2024-01-14T04:40:00Z,2024-01-14T04:45:00Z,23.5,40.2,1832.47
72:a5:12:55:c5:00,2024-01-14T04:45:00Z,2024-01-14T04:50:00Z,23.37,38.31,1718.54
72:a5:12:55:c5:00,2024-01-14T04:50:00Z,2024-01-14T04:55:00Z,23.6,38.35,1823.53
72:a5:12:55:c5:00,2024-01-14T04:55:00Z,2024-01-14T05:00:00Z,24.43,36.73,1731.74
72:a5:12:55:c5:00,2024-01-14T05:00:00Z,2024-01-14T05:05:00Z,24.29,36.7,1952.11
72:a5:12:55:c5:00,2024-01-14T05:05:00Z,2024-01-14T05:10:00Z,25.14,42.33,1929.79
72:a5:12:55:c5:00,2024-01-14T05:10:00Z,2024-01-14T05:15:00Z,24.85,36.82,1899.94
72:a5:12:55:c5:00,2024-01-14T05:15:00Z,2024-01-14T05:20:00Z,23.65,36.02,1915.65
72:a5:12:55:c5:00,2024-01-14T05:20:00Z,2024-01-14T05:25:00Z,25.22,39.05,2014.6
72:a5:12:55:c5:00,2024-01-14T05:25:00Z,2024-01-14T05:30:00Z,25.32,38.19,1793.0
72:a5:12:55:c5:00,2024-01-14T05:30:00Z,2024-01-14T05:35:00Z,24.23,38.02,1857.51
72:a5:12:55:c5:00,2024-01-14T05:35:00Z,2024-01-14T05:40:00Z,25.08,41.23,1888.32
72:a5:12:55:c5:00,2024-01-14T05:40:00Z,2024-01-14T05:45:00Z,24.32,39.51,1867.15
72:a5:12:55:c5:00,2024-01-14T05:45:00Z,2024-01-14T05:50:00Z,24.89,37.35,2022.45
72:a5:12:55:c5:00,2024-01-14T05:50:00Z,2024-01-14T05:55:00Z,24.07,37.56,2007.31
72:a5:12:55:c5:00,2024-01-14T05:55:00Z,2024-01-14T06:00:00Z,23.75,37.4,1967.37
72:a5:12:55:c5:00,2024-01-14T06:00:00Z,2024-01-14T06:05:00Z,24.77,39.75,1961.73
72:a5:12:55:c5:00,2024-01-14T06:05:00Z,2024-01-14T06:10:00Z,24.93,37.38,2080.1
72:a5:12:55:c5:00,2024-01-14T06:10:00Z,2024-01-14T06:15:00Z,24.76,34.41,1904.71
72:a5:12:55:c5:00,2024-01-14T06:15:00Z,2024-01-14T06:20:00Z,24.29,37.9,2128.52
72:a5:12:55:c5:00,2024-01-14T06:20:00Z,2024-01-14T06:25:00Z,24.76,34.93,1958.92
72:a5:12:55:c5:00,2024-01-14T06:25:00Z,2024-01-14T06:30:00Z,25.16,42.37,1984.28
72:a5:12:55:c5:00,2024-01-14T06:30:00Z,2024-01-14T06:35:00Z,24.97,36.07,1974.24
72:a5:12:55:c5:00,2024-01-14T06:35:00Z,2024-01-14T06:40:00Z,25.11,37.68,1935.61
72:a5:12:55:c5:00,2024-01-14T06:40:00Z,2024-01-14T06:45:00Z,24.6,38.52,2115.51
72:a5:12:55:c5:00,2024-01-14T06:45:00Z,2024-01-14T06:50:00Z,25.7,37.42,2047.33
72:a5:12:55:c5:00,2024-01-14T06:50:00Z,2024-01-14T06:55:00Z,24.29,37.42,2072.93
72:a5:12:55:c5:00,2024-01-14T06:55:00Z,2024-01-14T07:00:00Z,25.29,38.84,1926.58
72:a5:12:55:c5:00,2024-01-14T07:00:00Z,2024-01-14T07:05:00Z,25.54,41.46,1942.71
72:a5:12:55:c5:00,2024-01-14T07:05:00Z,2024-01-14T07:10:00Z,25.12,39.94,1963.11
72:a5:12:55:c5:00,2024-01-14T07:10:00Z,2024-01-14T07:15:00Z,24.71,41.37,1948.1
72:a5:12:55:c5:00,2024-01-14T07:15:00Z,2024-01-14T07:20:00Z,24.51,36.32,1862.23
72:a5:12:55:c5:00,2024-01-14T07:20:00Z,2024-01-14T07:25:00Z,25.45,39.04,1996.38
72:a5:12:55:c5:00,2024-01-14T07:25:00Z,2024-01-14T07:30:00Z,23.98,38.72,1939.14
72:a5:12:55:c5:00,2024-01-14T07:30:00Z,2024-01-14T07:35:00Z,24.25,39.11,1874.55
72:a5:12:55:c5:00,2024-01-14T07:35:00Z,2024-01-14T07:40:00Z,24.59,41.16,1820.54
72:a5:12:55:c5:00,2024-01-14T07:40:00Z,2024-01-14T07:45:00Z,25.57,37.97,1968.25
72:a5:12:55:c5:00,2024-01-14T07:45:00Z,2024-01-14T07:50:00Z,25.06,37.6,2078.88
72:a5:12:55:c5:00,2024-01-14T07:50:00Z,2024-01-14T07:55:00Z,24.25,39.48,1870.94
72:a5:12:55:c5:00,2024-01-14T07:55:00Z,2024-01-14T08:00:00Z,24.64,34.85,1942.08
72:a5:12:55:c5:00,2024-01-14T08:00:00Z,2024-01-14T08:05:00Z,23.96,39.13,1798.68
72:a5:12:55:c5:00,2024-01-14T08:05:00Z,2024-01-14T08:10:00Z,23.9,39.34,1655.87
72:a5:12:55:c5:00,2024-01-14T08:10:00Z,2024-01-14T08:15:00Z,24.92,37.77,1703.25
72:a5:12:55:c5:00,2024-01-14T08:15:00Z,2024-01-14T08:20:00Z,23.51,41.72,1680.44
72:a5:12:55:c5:00,2024-01-14T08:20:00Z,2024-01-14T08:25:00Z,25.3,37.48,1791.13
72:a5:12:55:c5:00,2024-01-14T08:25:00Z,2024-01-14T08:30:00Z,24.83,39.34,1811.58
72:a5:12:55:c5:00,2024-01-14T08:30:00Z,2024-01-14T08:35:00Z,24.98,40.19,1741.59
72:a5:12:55:c5:00,2024-01-14T08:35:00Z,2024-01-14T08:40:00Z,24.05,42.31,1681.55
72:a5:12:55:c5:00,2024-01-14T08:40:00Z,2024-01-14T08:45:00Z,24.24,39.59,1705.48
72:a5:12:55:c5:00,2024-01-14T08:45:00Z,2024-01-14T08:50:00Z,23.47,41.48,1694.22
72:a5:12:55:c5:00,2024-01-14T08:50:00Z,2024-01-14T08:55:00Z,24.02,41.01,1673.41
72:a5:12:55:c5:00,2024-01-14T08:55:00Z,2024-01-14T09:00:00Z,24.63,39.85,1725.93
72:a5:12:55:c5:00,2024-01-14T09:00:00Z,2024-01-14T09:05:00Z,24.31,39.34,1448.7
72:a5:12:55:c5:00,2024-01-14T09:05:00Z,2024-01-14T09:10:00Z,22.87,38.65,1443.63
72:a5:12:55:c5:00,2024-01-14T09:10:00Z,2024-01-14T09:15:00Z,23.32,41.73,1413.72
72:a5:12:55:c5:00,2024-01-14T09:15:00Z,2024-01-14T09:20:00Z,23.44,40.43,1417.64
72:a5:12:55:c5:00,2024-01-14T09:20:00Z,2024-01-14T09:25:00Z,22.7,43.35,1409.32
72:a5:12:55:c5:00,2024-01-14T09:25:00Z,2024-01-14T09:30:00Z,23.89,43.01,1336.38
72:a5:12:55:c5:00,2024-01-14T09:30:00Z,2024-01-14T09:35:00Z,23.1,41.15,1423.82
72:a5:12:55:c5:00,2024-01-14T09:35:00Z,2024-01-14T09:40:00Z,23.42,39.2,1379.2
72:a5:12:55:c5:00,2024-01-14T09:40:00Z,2024-01-14T09:45:00Z,23.26,42.54,1333.37
72:a5:12:55:c5:00,2024-01-14T09:45:00Z,2024-01-14T09:50:00Z,23.06,39.48,1436.46
72:a5:12:55:c5:00,2024-01-14T09:50:00Z,2024-01-14T09:55:00Z,23.53,40.0,1377.51
72:a5:12:55:c5:00,2024-01-14T09:55:00Z,2024-01-14T10:00:00Z,23.41,39.56,1427.88
72:a5:12:55:c5:00,2024-01-14T10:00:00Z,2024-01-14T10:05:00Z,22.28,43.72,1050.86
72:a5:12:55:c5:00,2024-01-14T10:05:00Z,2024-01-14T10:10:00Z,22.06,46.34,942.99
72:a5:12:55:c5:00,2024-01-14T10:10:00Z,2024-01-14T10:15:00Z,22.69,43.99,1005.53
72:a5:12:55:c5:00,2024-01-14T10:15:00Z,2024-01-14T10:20:00Z,23.49,43.11,891.37
72:a5:12:55:c5:00,2024-01-14T10:20:00Z,2024-01-14T10:25:00Z,22.58,40.95,1091.95
72:a5:12:55:c5:00,2024-01-14T10:25:00Z,2024-01-14T10:30:00Z,23.1,45.1,918.46
72:a5:12:55:c5:00,2024-01-14T10:30:00Z,2024-01-14T10:35:00Z,21.67,42.44,969.11
72:a5:12:55:c5:00,2024-01-14T10:35:00Z,2024-01-14T10:40:00Z,22.59,44.24,1080.3
72:a5:12:55:c5:00,2024-01-14T10:40:00Z,2024-01-14T10:45:00Z,21.84,43.29,985.93
72:a5:12:55:c5:00,2024-01-14T10:45:00Z,2024-01-14T10:50:00Z,21.61,45.68,928.16
72:a5:12:55:c5:00,2024-01-14T10:50:00Z,2024-01-14T10:55:00Z,22.06,43.69,1042.78
72:a5:12:55:c5:00,2024-01-14T10:55:00Z,2024-01-14T11:00:00Z,23.22,43.88,1041.43
72:a5:12:55:c5:00,2024-01-14T11:00:00Z,2024-01-14T11:05:00Z,21.86,47.87,479.65
72:a5:12:55:c5:00,2024-01-14T11:05:00Z,2024-01-14T11:10:00Z,21.44,51.11,486.14
72:a5:12:55:c5:00,2024-01-14T11:10:00Z,2024-01-14T11:15:00Z,20.37,48.67,491.51
72:a5:12:55:c5:00,2024-01-14T11:15:00Z,2024-01-14T11:20:00Z,21.18,46.72,505.22
72:a5:12:55:c5:00,2024-01-14T11:20:00Z,2024-01-14T11:25:00Z,21.48,46.9,404.06
72:a5:12:55:c5:00,2024-01-14T11:25:00Z,2024-01-14T11:30:00Z,21.4,45.84,506.75
72:a5:12:55:c5:00,2024-01-14T11:30:00Z,2024-01-14T11:35:00Z,20.19,44.99,624.67
72:a5:12:55:c5:00,2024-01-14T11:35:00Z,2024-01-14T11:40:00Z,20.76,45.79,463.88
72:a5:12:55:c5:00,2024-01-14T11:40:00Z,2024-01-14T11:45:00Z,21.26,45.35,482.63
72:a5:12:55:c5:00,2024-01-14T11:45:00Z,2024-01-14T11:50:00Z,21.62,48.2,446.62
72:a5:12:55:c5:00,2024-01-14T11:50:00Z,2024-01-14T11:55:00Z,19.98,44.75,554.37
72:a5:12:55:c5:00,2024-01-14T11:55:00Z,2024-01-14T12:00:00Z,21.2,49.56,589.83
72:a5:12:55:c5:00,2024-01-14T12:00:00Z,2024-01-14T12:05:00Z,20.09,51.5,70.82
72:a5:12:55:c5:00,2024-01-14T12:05:00Z,2024-01-14T12:10:00Z,20.51,50.04,-74.88
72:a5:12:55:c5:00,2024-01-14T12:10:00Z,2024-01-14T12:15:00Z,20.42,50.0,29.99
72:a5:12:55:c5:00,2024-01-14T12:15:00Z,2024-01-14T12:20:00Z,20.35,48.89,86.03
72:a5:12:55:c5:00,2024-01-14T12:20:00Z,2024-01-14T12:25:00Z,19.52,50.54,30.58
72:a5:12:55:c5:00,2024-01-14T12:25:00Z,2024-01-14T12:30:00Z,18.86,52.18,28.7
72:a5:12:55:c5:00,2024-01-14T12:30:00Z,2024-01-14T12:35:00Z,19.76,48.59,-28.3
72:a5:12:55:c5:00,2024-01-14T12:35:00Z,2024-01-14T12:40:00Z,20.6,46.93,13.21
72:a5:12:55:c5:00,2024-01-14T12:40:00Z,2024-01-14T12:45:00Z,20.84,51.41,74.18
72:a5:12:55:c5:00,2024-01-14T12:45:00Z,2024-01-14T12:50:00Z,20.43,50.65,19.69
72:a5:12:55:c5:00,2024-01-14T12:50:00Z,2024-01-14T12:55:00Z,20.26,47.76,-74.9
72:a5:12:55:c5:00,2024-01-14T12:55:00Z,2024-01-14T13:00:00Z,20.23,48.53,-27.36
72:a5:12:55:c5:00,2024-01-14T13:00:00Z,2024-01-14T13:05:00Z,18.37,51.39,72.56
72:a5:12:55:c5:00,2024-01-14T13:05:00Z,2024-01-14T13:10:00Z,18.63,51.66,19.48
72:a5:12:55:c5:00,2024-01-14T13:10:00Z,2024-01-14T13:15:00Z,19.71,52.46,7.14
72:a5:12:55:c5:00,2024-01-14T13:15:00Z,2024-01-14T13:20:00Z,18.14,52.57,-33.24
72:a5:12:55:c5:00,2024-01-14T13:20:00Z,2024-01-14T13:25:00Z,19.67,51.8,71.32
72:a5:12:55:c5:00,2024-01-14T13:25:00Z,2024-01-14T13:30:00Z,18.51,51.59,99.74
72:a5:12:55:c5:00,2024-01-14T13:30:00Z,2024-01-14T13:35:00Z,19.5,52.65,75.79
72:a5:12:55:c5:00,2024-01-14T13:35:00Z,2024-01-14T13:40:00Z,17.86,53.44,86.56
72:a5:12:55:c5:00,2024-01-14T13:40:00Z,2024-01-14T13:45:00Z,19.06,52.47,-21.52
72:a5:12:55:c5:00,2024-01-14T13:45:00Z,2024-01-14T13:50:00Z,18.26,55.42,-30.01
72:a5:12:55:c5:00,2024-01-14T13:50:00Z,2024-01-14T13:55:00Z,17.86,54.12,-9.38
72:a5:12:55:c5:00,2024-01-14T13:55:00Z,2024-01-14T14:00:00Z,18.84,49.92,2.31
72:a5:12:55:c5:00,2024-01-14T14:00:00Z,2024-01-14T14:05:00Z,18.11,57.05,85.86
72:a5:12:55:c5:00,2024-01-14T14:05:00Z,2024-01-14T14:10:00Z,16.99,57.21,69.95
72:a5:12:55:c5:00,2024-01-14T14:10:00Z,2024-01-14T14:15:00Z,16.6,55.13,32.31
72:a5:12:55:c5:00,2024-01-14T14:15:00Z,2024-01-14T14:20:00Z,17.44,53.01,-85.87
72:a5:12:55:c5:00,2024-01-14T14:20:00Z,2024-01-14T14:25:00Z,17.45,56.02,-101.28
72:a5:12:55:c5:00,2024-01-14T14:25:00Z,2024-01-14T14:30:00Z,17.83,55.98,14.43
72:a5:12:55:c5:00,2024-01-14T14:30:00Z,2024-01-14T14:35:00Z,18.07,53.76,52.82
72:a5:12:55:c5:00,2024-01-14T14:35:00Z,2024-01-14T14:40:00Z,17.46,53.1,-4.77
72:a5:12:55:c5:00,2024-01-14T14:40:00Z,2024-01-14T14:45:00Z,18.61,55.82,114.89
72:a5:12:55:c5:00,2024-01-14T14:45:00Z,2024-01-14T14:50:00Z,17.63,55.53,-64.95
72:a5:12:55:c5:00,2024-01-14T14:50:00Z,2024-01-14T14:55:00Z,17.29,55.17,-72.5
72:a5:12:55:c5:00,2024-01-14T14:55:00Z,2024-01-14T15:00:00Z,16.53,55.83,-39.86
72:a5:12:55:c5:00,2024-01-14T15:00:00Z,2024-01-14T15:05:00Z,16.31,56.28,-42.14
72:a5:12:55:c5:00,2024-01-14T15:05:00Z,2024-01-14T15:10:00Z,16.26,57.62,31.58
72:a5:12:55:c5:00,2024-01-14T15:10:00Z,2024-01-14T15:15:00Z,17.04,59.55,-25.3
72:a5:12:55:c5:00,2024-01-14T15:15:00Z,2024-01-14T15:20:00Z,16.74,57.79,-92.87
72:a5:12:55:c5:00,2024-01-14T15:20:00Z,2024-01-14T15:25:00Z,15.76,55.14,53.49
72:a5:12:55:c5:00,2024-01-14T15:25:00Z,2024-01-14T15:30:00Z,16.57,57.54,-105.6
72:a5:12:55:c5:00,2024-01-14T15:30:00Z,2024-01-14T15:35:00Z,16.87,56.34,-64.27
72:a5:12:55:c5:00,2024-01-14T15:35:00Z,2024-01-14T15:40:00Z,17.38,59.02,-97.36
72:a5:12:55:c5:00,2024-01-14T15:40:00Z,2024-01-14T15:45:00Z,17.0,59.12,12.43
72:a5:12:55:c5:00,2024-01-14T15:45:00Z,2024-01-14T15:50:00Z,16.92,55.17,11.16
72:a5:12:55:c5:00,2024-01-14T15:50:00Z,2024-01-14T15:55:00Z,16.5,60.0,114.99
72:a5:12:55:c5:00,2024-01-14T15:55:00Z,2024-01-14T16:00:00Z,16.7,56.26,54.83
72:a5:12:55:c5:00,2024-01-14T16:00:00Z,2024-01-14T16:05:00Z,16.42,63.51,86.5
72:a5:12:55:c5:00,2024-01-14T16:05:00Z,2024-01-14T16:10:00Z,14.87,60.29,17.32
72:a5:12:55:c5:00,2024-01-14T16:10:00Z,2024-01-14T16:15:00Z,15.46,57.9,-58.62
72:a5:12:55:c5:00,2024-01-14T16:15:00Z,2024-01-14T16:20:00Z,15.21,58.11,7.69
72:a5:12:55:c5:00,2024-01-14T16:20:00Z,2024-01-14T16:25:00Z,15.9,61.09,35.55
72:a5:12:55:c5:00,2024-01-14T16:25:00Z,2024-01-14T16:30:00Z,16.41,59.61,42.23
72:a5:12:55:c5:00,2024-01-14T16:30:00Z,2024-01-14T16:35:00Z,15.31,60.2,-28.34
72:a5:12:55:c5:00,2024-01-14T16:35:00Z,2024-01-14T16:40:00Z,14.24,63.62,29.33
72:a5:12:55:c5:00,2024-01-14T16:40:00Z,2024-01-14T16:45:00Z,15.42,58.99,-55.98
72:a5:12:55:c5:00,2024-01-14T16:45:00Z,2024-01-14T16:50:00Z,16.22,60.51,-62.6
72:a5:12:55:c5:00,2024-01-14T16:50:00Z,2024-01-14T16:55:00Z,15.99,63.23,-66.95
72:a5:12:55:c5:00,2024-01-14T16:55:00Z,2024-01-14T17:00:00Z,15.93,60.93,1.48
72:a5:12:55:c5:00,2024-01-14T17:00:00Z,2024-01-14T17:05:00Z,15.0,58.38,-70.67
72:a5:12:55:c5:00,2024-01-14T17:05:00Z,2024-01-14T17:10:00Z,14.4,62.6,-25.48
72:a5:12:55:c5:00,2024-01-14T17:10:00Z,2024-01-14T17:15:00Z,15.48,59.27,54.17
72:a5:12:55:c5:00,2024-01-14T17:15:00Z,2024-01-14T17:20:00Z,14.67,64.4,-61.75
72:a5:12:55:c5:00,2024-01-14T17:20:00Z,2024-01-14T17:25:00Z,16.48,59.95,-30.26
72:a5:12:55:c5:00,2024-01-14T17:25:00Z,2024-01-14T17:30:00Z,15.51,67.53,4.3
72:a5:12:55:c5:00,2024-01-14T17:30:00Z,2024-01-14T17:35:00Z,14.82,64.53,14.81
72:a5:12:55:c5:00,2024-01-14T17:35:00Z,2024-01-14T17:40:00Z,14.8,60.0,-29.96
72:a5:12:55:c5:00,2024-01-14T17:40:00Z,2024-01-14T17:45:00Z,15.11,61.63,47.21
72:a5:12:55:c5:00,2024-01-14T17:45:00Z,2024-01-14T17:50:00Z,15.03,63.1,35.43
72:a5:12:55:c5:00,2024-01-14T17:50:00Z,2024-01-14T17:55:00Z,15.84,63.16,68.39
72:a5:12:55:c5:00,2024-01-14T17:55:00Z,2024-01-14T18:00:00Z,15.28,62.48,-4.9
72:a5:12:55:c5:00,2024-01-14T18:00:00Z,2024-01-14T18:05:00Z,14.56,64.5,-30.77
72:a5:12:55:c5:00,2024-01-14T18:05:00Z,2024-01-14T18:10:00Z,16.13,61.75,-40.96
72:a5:12:55:c5:00,2024-01-14T18:10:00Z,2024-01-14T18:15:00Z,15.03,61.27,18.42
72:a5:12:55:c5:00,2024-01-14T18:15:00Z,2024-01-14T18:20:00Z,15.46,61.31,-22.63
72:a5:12:55:c5:00,2024-01-14T18:20:00Z,2024-01-14T18:25:00Z,14.64,63.72,-34.15
72:a5:12:55:c5:00,2024-01-14T18:25:00Z,2024-01-14T18:30:00Z,15.22,62.73,-26.9
72:a5:12:55:c5:00,2024-01-14T18:30:00Z,2024-01-14T18:35:00Z,15.19,62.58,-41.02
72:a5:12:55:c5:00,2024-01-14T18:35:00Z,2024-01-14T18:40:00Z,13.87,63.59,11.94
72:a5:12:55:c5:00,2024-01-14T18:40:00Z,2024-01-14T18:45:00Z,16.21,57.9,-84.75
72:a5:12:55:c5:00,2024-01-14T18:45:00Z,2024-01-14T18:50:00Z,15.77,62.62,18.18
72:a5:12:55:c5:00,2024-01-14T18:50:00Z,2024-01-14T18:55:00Z,14.76,62.44,40.59
72:a5:12:55:c5:00,2024-01-14T18:55:00Z,2024-01-14T19:00:00Z,14.34,65.34,-34.85
72:a5:12:55:c5:00,2024-01-14T19:00:00Z,2024-01-14T19:05:00Z,15.38,58.53,115.32
72:a5:12:55:c5:00,2024-01-14T19:05:00Z,2024-01-14T19:10:00Z,15.22,64.71,1.06
72:a5:12:55:c5:00,2024-01-14T19:10:00Z,2024-01-14T19:15:00Z,15.38,61.74,-93.68
72:a5:12:55:c5:00,2024-01-14T19:15:00Z,2024-01-14T19:20:00Z,15.29,62.57,-16.87
72:a5:12:55:c5:00,2024-01-14T19:20:00Z,2024-01-14T19:25:00Z,15.47,64.94,3.76
72:a5:12:55:c5:00,2024-01-14T19:25:00Z,2024-01-14T19:30:00Z,16.04,62.71,26.94
72:a5:12:55:c5:00,2024-01-14T19:30:00Z,2024-01-14T19:35:00Z,15.51,62.39,-15.45
72:a5:12:55:c5:00,2024-01-14T19:35:00Z,2024-01-14T19:40:00Z,14.54,62.08,-60.69
72:a5:12:55:c5:00,2024-01-14T19:40:00Z,2024-01-14T19:45:00Z,15.99,60.62,-65.7
72:a5:12:55:c5:00,2024-01-14T19:45:00Z,2024-01-14T19:50:00Z,16.15,61.53,-39.22
72:a5:12:55:c5:00,2024-01-14T19:50:00Z,2024-01-14T19:55:00Z,17.06,60.16,-33.47
72:a5:12:55:c5:00,2024-01-14T19:55:00Z,2024-01-14T20:00:00Z,14.5,61.5,-68.1
72:a5:12:55:c5:00,2024-01-14T20:00:00Z,2024-01-14T20:05:00Z,15.82,55.72,-43.97
72:a5:12:55:c5:00,2024-01-14T20:05:00Z,2024-01-14T20:10:00Z,14.42,61.25,39.57
72:a5:12:55:c5:00,2024-01-14T20:10:00Z,2024-01-14T20:15:00Z,16.0,60.15,98.9
72:a5:12:55:c5:00,2024-01-14T20:15:00Z,2024-01-14T20:20:00Z,15.34,59.72,45.33
72:a5:12:55:c5:00,2024-01-14T20:20:00Z,2024-01-14T20:25:00Z,16.82,60.83,78.35
72:a5:12:55:c5:00,2024-01-14T20:25:00Z,2024-01-14T20:30:00Z,15.21,57.53,58.45
72:a5:12:55:c5:00,2024-01-14T20:30:00Z,2024-01-14T20:35:00Z,14.66,64.25,49.99
72:a5:12:55:c5:00,2024-01-14T20:35:00Z,2024-01-14T20:40:00Z,15.39,60.19,-20.27
72:a5:12:55:c5:00,2024-01-14T20:40:00Z,2024-01-14T20:45:00Z,14.48,60.1,8.45
72:a5:12:55:c5:00,2024-01-14T20:45:00Z,2024-01-14T20:50:00Z,16.12,58.46,-25.24
72:a5:12:55:c5:00,2024-01-14T20:50:00Z,2024-01-14T20:55:00Z,14.43,60.44,-13.15
72:a5:12:55:c5:00,2024-01-14T20:55:00Z,2024-01-14T21:00:00Z,15.69,63.17,4.09
72:a5:12:55:c5:00,2024-01-14T21:00:00Z,2024-01-14T21:05:00Z,15.22,60.56,42.81
72:a5:12:55:c5:00,2024-01-14T21:05:00Z,2024-01-14T21:10:00Z,16.27,60.19,25.4
72:a5:12:55:c5:00,2024-01-14T21:10:00Z,2024-01-14T21:15:00Z,17.45,59.58,-9.71
72:a5:12:55:c5:00,2024-01-14T21:15:00Z,2024-01-14T21:20:00Z,16.68,57.77,3.33
72:a5:12:55:c5:00,2024-01-14T21:20:00Z,2024-01-14T21:25:00Z,15.95,55.58,26.01
72:a5:12:55:c5:00,2024-01-14T21:25:00Z,2024-01-14T21:30:00Z,16.45,58.08,40.04
72:a5:12:55:c5:00,2024-01-14T21:30:00Z,2024-01-14T21:35:00Z,16.48,58.01,-91.14
72:a5:12:55:c5:00,2024-01-14T21:35:00Z,2024-01-14T21:40:00Z,16.75,60.58,-64.64
72:a5:12:55:c5:00,2024-01-14T21:40:00Z,2024-01-14T21:45:00Z,15.64,59.1,66.44
72:a5:12:55:c5:00,2024-01-14T21:45:00Z,2024-01-14T21:50:00Z,16.82,61.71,-3.65
72:a5:12:55:c5:00,2024-01-14T21:50:00Z,2024-01-14T21:55:00Z,14.84,60.88,-25.44
72:a5:12:55:c5:00,2024-01-14T21:55:00Z,2024-01-14T22:00:00Z,16.09,57.57,-15.81
72:a5:12:55:c5:00,2024-01-14T22:00:00Z,2024-01-14T22:05:00Z,17.21,52.41,-15.82
72:a5:12:55:c5:00,2024-01-14T22:05:00Z,2024-01-14T22:10:00Z,17.88,58.77,33.48
72:a5:12:55:c5:00,2024-01-14T22:10:00Z,2024-01-14T22:15:00Z,17.51,58.72,-66.48
72:a5:12:55:c5:00,2024-01-14T22:15:00Z,2024-01-14T22:20:00Z,16.66,53.27,1.49
72:a5:12:55:c5:00,2024-01-14T22:20:00Z,2024-01-14T22:25:00Z,16.91,59.02,14.77
72:a5:12:55:c5:00,2024-01-14T22:25:00Z,2024-01-14T22:30:00Z,17.62,56.76,23.78
72:a5:12:55:c5:00,2024-01-14T22:30:00Z,2024-01-14T22:35:00Z,17.45,56.32,13.37
72:a5:12:55:c5:00,2024-01-14T22:35:00Z,2024-01-14T22:40:00Z,17.15,59.23,30.95
72:a5:12:55:c5:00,2024-01-14T22:40:00Z,2024-01-14T22:45:00Z,17.21,58.69,-34.36
72:a5:12:55:c5:00,2024-01-14T22:45:00Z,2024-01-14T22:50:00Z,17.92,57.3,-56.51
72:a5:12:55:c5:00,2024-01-14T22:50:00Z,2024-01-14T22:55:00Z,17.19,56.95,147.42
72:a5:12:55:c5:00,2024-01-14T22:55:00Z,2024-01-14T23:00:00Z,17.45,57.23,-18.08
72:a5:12:55:c5:00,2024-01-14T23:00:00Z,2024-01-14T23:05:00Z,20.01,52.31,-11.07
72:a5:12:55:c5:00,2024-01-14T23:05:00Z,2024-01-14T23:10:00Z,17.85,53.0,40.67
72:a5:12:55:c5:00,2024-01-14T23:10:00Z,2024-01-14T23:15:00Z,17.59,51.3,95.77
72:a5:12:55:c5:00,2024-01-14T23:15:00Z,2024-01-14T23:20:00Z,19.18,52.44,-32.67
72:a5:12:55:c5:00,2024-01-14T23:20:00Z,2024-01-14T23:25:00Z,18.3,52.37,-59.93
72:a5:12:55:c5:00,2024-01-14T23:25:00Z,2024-01-14T23:30:00Z,18.51,51.84,-74.53
72:a5:12:55:c5:00,2024-01-14T23:30:00Z,2024-01-14T23:35:00Z,18.24,53.38,95.59
72:a5:12:55:c5:00,2024-01-14T23:35:00Z,2024-01-14T23:40:00Z,18.55,52.46,-62.29
72:a5:12:55:c5:00,2024-01-14T23:40:00Z,2024-01-14T23:45:00Z,19.67,54.11,-1.65
72:a5:12:55:c5:00,2024-01-14T23:45:00Z,2024-01-14T23:50:00Z,19.19,49.86,-58.64
72:a5:12:55:c5:00,2024-01-14T23:50:00Z,2024-01-14T23:55:00Z,19.22,52.88,-86.9
72:a5:12:55:c5:00,2024-01-14T23:55:00Z,2024-01-15T00:00:00Z,17.86,53.37,-17.54
72:a5:12:55:c5:00,2024-01-15T00:00:00Z,2024-01-15T00:05:00Z,19.31,49.38,-56.27
72:a5:12:55:c5:00,2024-01-15T00:05:00Z,2024-01-15T00:10:00Z,18.3,49.66,-41.5
72:a5:12:55:c5:00,2024-01-15T00:10:00Z,2024-01-15T00:15:00Z,19.51,46.83,120.37
72:a5:12:55:c5:00,2024-01-15T00:15:00Z,2024-01-15T00:20:00Z,20.57,50.71,25.49
72:a5:12:55:c5:00,2024-01-15T00:20:00Z,2024-01-15T00:25:00Z,20.31,51.3,55.89
72:a5:12:55:c5:00,2024-01-15T00:25:00Z,2024-01-15T00:30:00Z,19.87,50.99,49.48
72:a5:12:55:c5:00,2024-01-15T00:30:00Z,2024-01-15T00:35:00Z,19.99,52.08,-6.05
72:a5:12:55:c5:00,2024-01-15T00:35:00Z,2024-01-15T00:40:00Z,19.59,50.4,-26.38
72:a5:12:55:c5:00,2024-01-15T00:40:00Z,2024-01-15T00:45:00Z,20.12,50.96,14.94
72:a5:12:55:c5:00,2024-01-15T00:45:00Z,2024-01-15T00:50:00Z,20.46,50.31,10.11
72:a5:12:55:c5:00,2024-01-15T00:50:00Z,2024-01-15T00:55:00Z,19.03,51.38,-34.13
72:a5:12:55:c5:00,2024-01-15T00:55:00Z,2024-01-15T01:00:00Z,20.18,46.85,7.79
72:a5:12:55:c5:00,2024-01-15T01:00:00Z,2024-01-15T01:05:00Z,21.85,45.11,475.26
72:a5:12:55:c5:00,2024-01-15T01:05:00Z,2024-01-15T01:10:00Z,21.05,50.07,507.35
72:a5:12:55:c5:00,2024-01-15T01:10:00Z,2024-01-15T01:15:00Z,21.71,41.97,497.52
72:a5:12:55:c5:00,2024-01-15T01:15:00Z,2024-01-15T01:20:00Z,22.98,46.61,441.51
72:a5:12:55:c5:00,2024-01-15T01:20:00Z,2024-01-15T01:25:00Z,21.23,49.24,376.57
72:a5:12:55:c5:00,2024-01-15T01:25:00Z,2024-01-15T01:30:00Z,21.53,46.71,461.29
72:a5:12:55:c5:00,2024-01-15T01:30:00Z,2024-01-15T01:35:00Z,20.85,46.08,625.88
72:a5:12:55:c5:00,2024-01-15T01:35:00Z,2024-01-15T01:40:00Z,21.4,47.15,499.06
72:a5:12:55:c5:00,2024-01-15T01:40:00Z,2024-01-15T01:45:00Z,21.57,46.19,564.2
72:a5:12:55:c5:00,2024-01-15T01:45:00Z,2024-01-15T01:50:00Z,21.41,46.96,390.17
72:a5:12:55:c5:00,2024-01-15T01:50:00Z,2024-01-15T01:55:00Z,20.68,45.53,457.14
72:a5:12:55:c5:00,2024-01-15T01:55:00Z,2024-01-15T02:00:00Z,21.42,49.11,436.37
72:a5:12:55:c5:00,2024-01-15T02:00:00Z,2024-01-15T02:05:00Z,23.38,46.85,987.86
72:a5:12:55:c5:00,2024-01-15T02:05:00Z,2024-01-15T02:10:00Z,22.77,43.73,1145.32
72:a5:12:55:c5:00,2024-01-15T02:10:00Z,2024-01-15T02:15:00Z,23.08,41.23,1027.61
72:a5:12:55:c5:00,2024-01-15T02:15:00Z,2024-01-15T02:20:00Z,22.36,42.95,1101.74
72:a5:12:55:c5:00,2024-01-15T02:20:00Z,2024-01-15T02:25:00Z,22.95,43.63,984.73
72:a5:12:55:c5:00,2024-01-15T02:25:00Z,2024-01-15T02:30:00Z,22.67,45.01,1081.89
72:a5:12:55:c5:00,2024-01-15T02:30:00Z,2024-01-15T02:35:00Z,21.93,41.98,1124.4
72:a5:12:55:c5:00,2024-01-15T02:35:00Z,2024-01-15T02:40:00Z,22.69,42.46,993.44
72:a5:12:55:c5:00,2024-01-15T02:40:00Z,2024-01-15T02:45:00Z,21.9,45.02,967.64
72:a5:12:55:c5:00,2024-01-15T02:45:00Z,2024-01-15T02:50:00Z,22.12,45.88,920.93
72:a5:12:55:c5:00,2024-01-15T02:50:00Z,2024-01-15T02:55:00Z,22.61,42.76,981.46
72:a5:12:55:c5:00,2024-01-15T02:55:00Z,2024-01-15T03:00:00Z,22.68,41.33,1004.91
72:a5:12:55:c5:00,2024-01-15T03:00:00Z,2024-01-15T03:05:00Z,22.82,48.08,1536.07
72:a5:12:55:c5:00,2024-01-15T03:05:00Z,2024-01-15T03:10:00Z,24.17,43.08,1336.52
72:a5:12:55:c5:00,2024-01-15T03:10:00Z,2024-01-15T03:15:00Z,23.88,40.98,1417.79
72:a5:12:55:c5:00,2024-01-15T03:15:00Z,2024-01-15T03:20:00Z,23.11,43.25,1305.36
72:a5:12:55:c5:00,2024-01-15T03:20:00Z,2024-01-15T03:25:00Z,22.61,41.27,1388.61
72:a5:12:55:c5:00,2024-01-15T03:25:00Z,2024-01-15T03:30:00Z,23.45,43.25,1432.9
72:a5:12:55:c5:00,2024-01-15T03:30:00Z,2024-01-15T03:35:00Z,23.27,41.83,1444.97
72:a5:12:55:c5:00,2024-01-15T03:35:00Z,2024-01-15T03:40:00Z,23.6,41.7,1449.55
72:a5:12:55:c5:00,2024-01-15T03:40:00Z,2024-01-15T03:45:00Z,23.32,41.29,1438.06
72:a5:12:55:c5:00,2024-01-15T03:45:00Z,2024-01-15T03:50:00Z,22.33,38.62,1449.04
72:a5:12:55:c5:00,2024-01-15T03:50:00Z,2024-01-15T03:55:00Z,23.3,45.39,1416.96
72:a5:12:55:c5:00,2024-01-15T03:55:00Z,2024-01-15T04:00:00Z,23.35,39.63,1351.34
72:a5:12:55:c5:00,2024-01-15T04:00:00Z,2024-01-15T04:05:00Z,24.71,36.89,1620.95
72:a5:12:55:c5:00,2024-01-15T04:05:00Z,2024-01-15T04:10:00Z,23.91,39.18,1699.25
72:a5:12:55:c5:00,2024-01-15T04:10:00Z,2024-01-15T04:15:00Z,25.34,37.68,1723.97
72:a5:12:55:c5:00,2024-01-15T04:15:00Z,2024-01-15T04:20:00Z,23.18,39.5,1807.29
72:a5:12:55:c5:00,2024-01-15T04:20:00Z,2024-01-15T04:25:00Z,25.12,40.98,1726.01
72:a5:12:55:c5:00,2024-01-15T04:25:00Z,2024-01-15T04:30:00Z,24.2,41.6,1720.26
72:a5:12:55:c5:00,2024-01-15T04:30:00Z,2024-01-15T04:35:00Z,24.85,41.24,1755.18
72:a5:12:55:c5:00,2024-01-15T04:35:00Z,2024-01-15T04:40:00Z,24.38,39.0,1715.85
72:a5:12:55:c5:00,2024-01-15T04:40:00Z,2024-01-15T04:45:00Z,25.01,39.71,1780.68
72:a5:12:55:c5:00,2024-01-15T04:45:00Z,2024-01-15T04:50:00Z,24.1,40.42,1850.81
72:a5:12:55:c5:00,2024-01-15T04:50:00Z,2024-01-15T04:55:00Z,23.67,36.09,1863.5
72:a5:12:55:c5:00,2024-01-15T04:55:00Z,2024-01-15T05:00:00Z,25.18,40.75,1737.87
72:a5:12:55:c5:00,2024-01-15T05:00:00Z,2024-01-15T05:05:00Z,24.76,35.49,1952.07
72:a5:12:55:c5:00,2024-01-15T05:05:00Z,2024-01-15T05:10:00Z,24.96,42.49,2026.58
72:a5:12:55:c5:00,2024-01-15T05:10:00Z,2024-01-15T05:15:00Z,25.57,37.6,1922.85
72:a5:12:55:c5:00,2024-01-15T05:15:00Z,2024-01-15T05:20:00Z,24.21,38.04,1972.6
72:a5:12:55:c5:00,2024-01-15T05:20:00Z,2024-01-15T05:25:00Z,25.19,36.87,1863.74
72:a5:12:55:c5:00,2024-01-15T05:25:00Z,2024-01-15T05:30:00Z,24.48,37.15,1913.2
72:a5:12:55:c5:00,2024-01-15T05:30:00Z,2024-01-15T05:35:00Z,24.75,42.96,2001.22
72:a5:12:55:c5:00,2024-01-15T05:35:00Z,2024-01-15T05:40:00Z,24.87,40.29,1888.76
72:a5:12:55:c5:00,2024-01-15T05:40:00Z,2024-01-15T05:45:00Z,23.93,35.31,1924.17
72:a5:12:55:c5:00,2024-01-15T05:45:00Z,2024-01-15T05:50:00Z,24.36,41.42,1837.4
72:a5:12:55:c5:00,2024-01-15T05:50:00Z,2024-01-15T05:55:00Z,25.64,40.8,2052.2
72:a5:12:55:c5:00,2024-01-15T05:55:00Z,2024-01-15T06:00:00Z,25.36,37.85,2007.63
72:a5:12:55:c5:00,2024-01-15T06:00:00Z,2024-01-15T06:05:00Z,24.96,38.61,2011.29
72:a5:12:55:c5:00,2024-01-15T06:05:00Z,2024-01-15T06:10:00Z,25.15,37.97,2030.45
72:a5:12:55:c5:00,2024-01-15T06:10:00Z,2024-01-15T06:15:00Z,24.82,41.95,2023.75
72:a5:12:55:c5:00,2024-01-15T06:15:00Z,2024-01-15T06:20:00Z,25.81,36.41,2083.06
72:a5:12:55:c5:00,2024-01-15T06:20:00Z,2024-01-15T06:25:00Z,24.88,38.29,1968.87
72:a5:12:55:c5:00,2024-01-15T06:25:00Z,2024-01-15T06:30:00Z,25.14,37.14,2043.94
72:a5:12:55:c5:00,2024-01-15T06:30:00Z,2024-01-15T06:35:00Z,25.69,35.13,2064.64
72:a5:12:55:c5:00,2024-01-15T06:35:00Z,2024-01-15T06:40:00Z,24.53,42.38,2072.92
72:a5:12:55:c5:00,2024-01-15T06:40:00Z,2024-01-15T06:45:00Z,25.94,35.64,1864.44
72:a5:12:55:c5:00,2024-01-15T06:45:00Z,2024-01-15T06:50:00Z,24.08,38.44,1964.04
72:a5:12:55:c5:00,2024-01-15T06:50:00Z,2024-01-15T06:55:00Z,25.98,34.52,1938.85
72:a5:12:55:c5:00,2024-01-15T06:55:00Z,2024-01-15T07:00:00Z,24.78,37.2,2008.98
72:a5:12:55:c5:00,2024-01-15T07:00:00Z,2024-01-15T07:05:00Z,24.68,39.25,1810.89
72:a5:12:55:c5:00,2024-01-15T07:05:00Z,2024-01-15T07:10:00Z,23.7,36.76,1809.11
72:a5:12:55:c5:00,2024-01-15T07:10:00Z,2024-01-15T07:15:00Z,24.56,39.58,2062.06
72:a5:12:55:c5:00,2024-01-15T07:15:00Z,2024-01-15T07:20:00Z,24.21,37.87,1968.91
72:a5:12:55:c5:00,2024-01-15T07:20:00Z,2024-01-15T07:25:00Z,24.47,40.73,1939.11
72:a5:12:55:c5:00,2024-01-15T07:25:00Z,2024-01-15T07:30:00Z,24.75,41.13,1953.67
72:a5:12:55:c5:00,2024-01-15T07:30:00Z,2024-01-15T07:35:00Z,25.4,37.24,1940.63
72:a5:12:55:c5:00,2024-01-15T07:35:00Z,2024-01-15T07:40:00Z,24.95,38.56,1991.69
72:a5:12:55:c5:00,2024-01-15T07:40:00Z,2024-01-15T07:45:00Z,25.01,38.78,1893.91
72:a5:12:55:c5:00,2024-01-15T07:45:00Z,2024-01-15T07:50:00Z,24.17,39.65,1943.05
72:a5:12:55:c5:00,2024-01-15T07:50:00Z,2024-01-15T07:55:00Z,24.3,38.44,1945.5
72:a5:12:55:c5:00,2024-01-15T07:55:00Z,2024-01-15T08:00:00Z,25.91,38.79,1869.04
72:a5:12:55:c5:00,2024-01-15T08:00:00Z,2024-01-15T08:05:00Z,23.89,39.12,1808.67
72:a5:12:55:c5:00,2024-01-15T08:05:00Z,2024-01-15T08:10:00Z,25.32,39.84,1705.31
72:a5:12:55:c5:00,2024-01-15T08:10:00Z,2024-01-15T08:15:00Z,24.18,42.2,1793.1
72:a5:12:55:c5:00,2024-01-15T08:15:00Z,2024-01-15T08:20:00Z,24.33,40.9,1738.95
72:a5:12:55:c5:00,2024-01-15T08:20:00Z,2024-01-15T08:25:00Z,24.97,41.01,1830.07
72:a5:12:55:c5:00,2024-01-15T08:25:00Z,2024-01-15T08:30:00Z,25.09,41.05,1669.57
72:a5:12:55:c5:00,2024-01-15T08:30:00Z,2024-01-15T08:35:00Z,24.26,39.3,1666.97
72:a5:12:55:c5:00,2024-01-15T08:35:00Z,2024-01-15T08:40:00Z,24.1,40.25,1677.71
72:a5:12:55:c5:00,2024-01-15T08:40:00Z,2024-01-15T08:45:00Z,24.3,37.44,1740.05
72:a5:12:55:c5:00,2024-01-15T08:45:00Z,2024-01-15T08:50:00Z,24.53,42.15,1824.54
72:a5:12:55:c5:00,2024-01-15T08:50:00Z,2024-01-15T08:55:00Z,24.86,34.04,1827.64
72:a5:12:55:c5:00,2024-01-15T08:55:00Z,2024-01-15T09:00:00Z,24.33,39.43,1593.45
72:a5:12:55:c5:00,2024-01-15T09:00:00Z,2024-01-15T09:05:00Z,23.91,43.8,1429.2
72:a5:12:55:c5:00,2024-01-15T09:05:00Z,2024-01-15T09:10:00Z,24.52,38.79,1221.44
72:a5:12:55:c5:00,2024-01-15T09:10:00Z,2024-01-15T09:15:00Z,23.76,42.31,1461.92
72:a5:12:55:c5:00,2024-01-15T09:15:00Z,2024-01-15T09:20:00Z,23.72,40.15,1481.3
72:a5:12:55:c5:00,2024-01-15T09:20:00Z,2024-01-15T09:25:00Z,22.62,40.78,1411.8
72:a5:12:55:c5:00,2024-01-15T09:25:00Z,2024-01-15T09:30:00Z,21.96,43.41,1419.25
72:a5:12:55:c5:00,2024-01-15T09:30:00Z,2024-01-15T09:35:00Z,23.77,41.91,1418.63
72:a5:12:55:c5:00,2024-01-15T09:35:00Z,2024-01-15T09:40:00Z,23.48,37.45,1367.15
72:a5:12:55:c5:00,2024-01-15T09:40:00Z,2024-01-15T09:45:00Z,23.23,39.56,1440.12
72:a5:12:55:c5:00,2024-01-15T09:45:00Z,2024-01-15T09:50:00Z,23.68,43.47,1400.33
72:a5:12:55:c5:00,2024-01-15T09:50:00Z,2024-01-15T09:55:00Z,23.5,42.41,1470.03
72:a5:12:55:c5:00,2024-01-15T09:55:00Z,2024-01-15T10:00:00Z,24.21,45.01,1407.4
72:a5:12:55:c5:00,2024-01-15T10:00:00Z,2024-01-15T10:05:00Z,22.55,47.37,948.34
72:a5:12:55:c5:00,2024-01-15T10:05:00Z,2024-01-15T10:10:00Z,22.05,43.32,907.85
72:a5:12:55:c5:00,2024-01-15T10:10:00Z,2024-01-15T10:15:00Z,23.09,49.01,888.16
72:a5:12:55:c5:00,2024-01-15T10:15:00Z,2024-01-15T10:20:00Z,22.37,44.05,1078.75
72:a5:12:55:c5:00,2024-01-15T10:20:00Z,2024-01-15T10:25:00Z,22.82,42.07,972.53
72:a5:12:55:c5:00,2024-01-15T10:25:00Z,2024-01-15T10:30:00Z,22.21,42.73,1020.31
72:a5:12:55:c5:00,2024-01-15T10:30:00Z,2024-01-15T10:35:00Z,22.11,39.49,1106.99
72:a5:12:55:c5:00,2024-01-15T10:35:00Z,2024-01-15T10:40:00Z,22.55,47.21,966.23
72:a5:12:55:c5:00,2024-01-15T10:40:00Z,2024-01-15T10:45:00Z,22.51,47.19,962.35
72:a5:12:55:c5:00,2024-01-15T10:45:00Z,2024-01-15T10:50:00Z,22.79,41.97,992.07
72:a5:12:55:c5:00,2024-01-15T10:50:00Z,2024-01-15T10:55:00Z,22.34,43.54,1001.77
72:a5:12:55:c5:00,2024-01-15T10:55:00Z,2024-01-15T11:00:00Z,21.4,44.19,1113.25
72:a5:12:55:c5:00,2024-01-15T11:00:00Z,2024-01-15T11:05:00Z,21.03,44.97,611.59
72:a5:12:55:c5:00,2024-01-15T11:05:00Z,2024-01-15T11:10:00Z,21.77,43.38,554.89
72:a5:12:55:c5:00,2024-01-15T11:10:00Z,2024-01-15T11:15:00Z,21.12,46.47,604.6
72:a5:12:55:c5:00,2024-01-15T11:15:00Z,2024-01-15T11:20:00Z,21.15,46.25,506.94
72:a5:12:55:c5:00,2024-01-15T11:20:00Z,2024-01-15T11:25:00Z,21.89,46.12,535.59
72:a5:12:55:c5:00,2024-01-15T11:25:00Z,2024-01-15T11:30:00Z,20.87,47.34,499.55
72:a5:12:55:c5:00,2024-01-15T11:30:00Z,2024-01-15T11:35:00Z,20.37,49.75,440.22
72:a5:12:55:c5:00,2024-01-15T11:35:00Z,2024-01-15T11:40:00Z,21.2,46.29,589.87
72:a5:12:55:c5:00,2024-01-15T11:40:00Z,2024-01-15T11:45:00Z,21.0,47.24,549.54
72:a5:12:55:c5:00,2024-01-15T11:45:00Z,2024-01-15T11:50:00Z,20.71,48.35,518.72
72:a5:12:55:c5:00,2024-01-15T11:50:00Z,2024-01-15T11:55:00Z,21.19,48.0,517.49
72:a5:12:55:c5:00,2024-01-15T11:55:00Z,2024-01-15T12:00:00Z,21.59,45.67,427.27
72:a5:12:55:c5:00,2024-01-15T12:00:00Z,2024-01-15T12:05:00Z,19.99,50.19,-58.65
72:a5:12:55:c5:00,2024-01-15T12:05:00Z,2024-01-15T12:10:00Z,20.18,51.1,20.17
72:a5:12:55:c5:00,2024-01-15T12:10:00Z,2024-01-15T12:15:00Z,21.09,47.74,-31.75
72:a5:12:55:c5:00,2024-01-15T12:15:00Z,2024-01-15T12:20:00Z,19.79,52.53,-13.06
72:a5:12:55:c5:00,2024-01-15T12:20:00Z,2024-01-15T12:25:00Z,20.17,52.86,-6.28
72:a5:12:55:c5:00,2024-01-15T12:25:00Z,2024-01-15T12:30:00Z,19.69,48.55,-40.95
72:a5:12:55:c5:00,2024-01-15T12:30:00Z,2024-01-15T12:35:00Z,19.49,50.39,-58.08
72:a5:12:55:c5:00,2024-01-15T12:35:00Z,2024-01-15T12:40:00Z,19.65,51.28,-96.74
72:a5:12:55:c5:00,2024-01-15T12:40:00Z,2024-01-15T12:45:00Z,19.71,48.91,-8.79
72:a5:12:55:c5:00,2024-01-15T12:45:00Z,2024-01-15T12:50:00Z,20.22,50.96,37.12
72:a5:12:55:c5:00,2024-01-15T12:50:00Z,2024-01-15T12:55:00Z,21.41,50.33,-98.62
72:a5:12:55:c5:00,2024-01-15T12:55:00Z,2024-01-15T13:00:00Z,19.57,47.06,-1.44
72:a5:12:55:c5:00,2024-01-15T13:00:00Z,2024-01-15T13:05:00Z,18.46,54.02,16.87
72:a5:12:55:c5:00,2024-01-15T13:05:00Z,2024-01-15T13:10:00Z,18.67,50.91,-59.37
72:a5:12:55:c5:00,2024-01-15T13:10:00Z,2024-01-15T13:15:00Z,18.94,54.98,85.33
72:a5:12:55:c5:00,2024-01-15T13:15:00Z,2024-01-15T13:20:00Z,18.86,51.76,-23.14
72:a5:12:55:c5:00,2024-01-15T13:20:00Z,2024-01-15T13:25:00Z,19.48,52.78,-6.08
72:a5:12:55:c5:00,2024-01-15T13:25:00Z,2024-01-15T13:30:00Z,17.25,55.85,-9.68
72:a5:12:55:c5:00,2024-01-15T13:30:00Z,2024-01-15T13:35:00Z,17.27,54.1,-106.25
72:a5:12:55:c5:00,2024-01-15T13:35:00Z,2024-01-15T13:40:00Z,18.41,50.95,60.53
72:a5:12:55:c5:00,2024-01-15T13:40:00Z,2024-01-15T13:45:00Z,19.36,51.08,-57.33
72:a5:12:55:c5:00,2024-01-15T13:45:00Z,2024-01-15T13:50:00Z,17.77,51.91,-14.19
72:a5:12:55:c5:00,2024-01-15T13:50:00Z,2024-01-15T13:55:00Z,16.9,53.9,35.86
72:a5:12:55:c5:00,2024-01-15T13:55:00Z,2024-01-15T14:00:00Z,19.05,53.82,87.65
72:a5:12:55:c5:00,2024-01-15T14:00:00Z,2024-01-15T14:05:00Z,17.65,54.31,-64.8
72:a5:12:55:c5:00,2024-01-15T14:05:00Z,2024-01-15T14:10:00Z,16.85,53.67,-26.79
72:a5:12:55:c5:00,2024-01-15T14:10:00Z,2024-01-15T14:15:00Z,16.91,56.56,82.95
72:a5:12:55:c5:00,2024-01-15T14:15:00Z,2024-01-15T14:20:00Z,16.92,55.64,27.82
72:a5:12:55:c5:00,2024-01-15T14:20:00Z,2024-01-15T14:25:00Z,17.57,60.31,40.27
72:a5:12:55:c5:00,2024-01-15T14:25:00Z,2024-01-15T14:30:00Z,17.12,56.07,-63.07
72:a5:12:55:c5:00,2024-01-15T14:30:00Z,2024-01-15T14:35:00Z,17.8,59.63,-22.75
72:a5:12:55:c5:00,2024-01-15T14:35:00Z,2024-01-15T14:40:00Z,15.79,53.66,-10.07
72:a5:12:55:c5:00,2024-01-15T14:40:00Z,2024-01-15T14:45:00Z,16.99,52.85,-51.47
72:a5:12:55:c5:00,2024-01-15T14:45:00Z,2024-01-15T14:50:00Z,16.82,53.76,-100.47
72:a5:12:55:c5:00,2024-01-15T14:50:00Z,2024-01-15T14:55:00Z,17.35,58.38,-30.63
72:a5:12:55:c5:00,2024-01-15T14:55:00Z,2024-01-15T15:00:00Z,17.18,59.51,81.26
72:a5:12:55:c5:00,2024-01-15T15:00:00Z,2024-01-15T15:05:00Z,16.94,56.92,3.55
72:a5:12:55:c5:00,2024-01-15T15:05:00Z,2024-01-15T15:10:00Z,15.35,57.56,82.46
72:a5:12:55:c5:00,2024-01-15T15:10:00Z,2024-01-15T15:15:00Z,16.49,56.15,10.74
72:a5:12:55:c5:00,2024-01-15T15:15:00Z,2024-01-15T15:20:00Z,16.8,54.86,-45.88
72:a5:12:55:c5:00,2024-01-15T15:20:00Z,2024-01-15T15:25:00Z,17.58,59.92,76.66
72:a5:12:55:c5:00,2024-01-15T15:25:00Z,2024-01-15T15:30:00Z,16.18,58.93,12.74
72:a5:12:55:c5:00,2024-01-15T15:30:00Z,2024-01-15T15:35:00Z,16.66,58.51,57.71
72:a5:12:55:c5:00,2024-01-15T15:35:00Z,2024-01-15T15:40:00Z,15.38,55.69,-64.1
72:a5:12:55:c5:00,2024-01-15T15:40:00Z,2024-01-15T15:45:00Z,15.03,61.77,62.33
72:a5:12:55:c5:00,2024-01-15T15:45:00Z,2024-01-15T15:50:00Z,16.97,57.48,64.13
72:a5:12:55:c5:00,2024-01-15T15:50:00Z,2024-01-15T15:55:00Z,16.46,59.55,17.39
72:a5:12:55:c5:00,2024-01-15T15:55:00Z,2024-01-15T16:00:00Z,17.17,55.58,-48.42
72:a5:12:55:c5:00,2024-01-15T16:00:00Z,2024-01-15T16:05:00Z,14.85,60.01,-2.76
72:a5:12:55:c5:00,2024-01-15T16:05:00Z,2024-01-15T16:10:00Z,15.98,60.98,36.68
72:a5:12:55:c5:00,2024-01-15T16:10:00Z,2024-01-15T16:15:00Z,16.79,61.05,14.07
72:a5:12:55:c5:00,2024-01-15T16:15:00Z,2024-01-15T16:20:00Z,15.92,60.7,36.06
72:a5:12:55:c5:00,2024-01-15T16:20:00Z,2024-01-15T16:25:00Z,15.84,61.38,60.73
72:a5:12:55:c5:00,2024-01-15T16:25:00Z,2024-01-15T16:30:00Z,15.68,58.13,-38.91
72:a5:12:55:c5:00,2024-01-15T16:30:00Z,2024-01-15T16:35:00Z,14.73,60.79,-69.3
72:a5:12:55:c5:00,2024-01-15T16:35:00Z,2024-01-15T16:40:00Z,16.48,60.62,-2.25
72:a5:12:55:c5:00,2024-01-15T16:40:00Z,2024-01-15T16:45:00Z,15.3,60.86,-19.78
72:a5:12:55:c5:00,2024-01-15T16:45:00Z,2024-01-15T16:50:00Z,15.97,60.54,47.15
72:a5:12:55:c5:00,2024-01-15T16:50:00Z,2024-01-15T16:55:00Z,14.73,57.85,-64.47
72:a5:12:55:c5:00,2024-01-15T16:55:00Z,2024-01-15T17:00:00Z,14.96,57.76,61.22
72:a5:12:55:c5:00,2024-01-15T17:00:00Z,2024-01-15T17:05:00Z,16.03,57.16,81.22
72:a5:12:55:c5:00,2024-01-15T17:05:00Z,2024-01-15T17:10:00Z,14.96,63.23,0.02
72:a5:12:55:c5:00,2024-01-15T17:10:00Z,2024-01-15T17:15:00Z,16.04,63.25,3.64
72:a5:12:55:c5:00,2024-01-15T17:15:00Z,2024-01-15T17:20:00Z,15.12,63.28,-46.05
72:a5:12:55:c5:00,2024-01-15T17:20:00Z,2024-01-15T17:25:00Z,14.07,62.2,-32.56
72:a5:12:55:c5:00,2024-01-15T17:25:00Z,2024-01-15T17:30:00Z,15.71,57.32,-24.5
72:a5:12:55:c5:00,2024-01-15T17:30:00Z,2024-01-15T17:35:00Z,14.82,59.54,86.58
72:a5:12:55:c5:00,2024-01-15T17:35:00Z,2024-01-15T17:40:00Z,15.59,61.93,-4.31
72:a5:12:55:c5:00,2024-01-15T17:40:00Z,2024-01-15T17:45:00Z,15.19,61.86,-79.33
72:a5:12:55:c5:00,2024-01-15T17:45:00Z,2024-01-15T17:50:00Z,14.24,61.15,15.32
72:a5:12:55:c5:00,2024-01-15T17:50:00Z,2024-01-15T17:55:00Z,15.27,62.33,49.58
72:a5:12:55:c5:00,2024-01-15T17:55:00Z,2024-01-15T18:00:00Z,16.49,61.61,-1.52
72:a5:12:55:c5:00,2024-01-15T18:00:00Z,2024-01-15T18:05:00Z,15.3,62.24,88.15
72:a5:12:55:c5:00,2024-01-15T18:05:00Z,2024-01-15T18:10:00Z,14.97,60.72,46.65
72:a5:12:55:c5:00,2024-01-15T18:10:00Z,2024-01-15T18:15:00Z,15.65,63.96,-62.95
72:a5:12:55:c5:00,2024-01-15T18:15:00Z,2024-01-15T18:20:00Z,15.13,61.14,-33.09
72:a5:12:55:c5:00,2024-01-15T18:20:00Z,2024-01-15T18:25:00Z,15.13,59.34,13.57
72:a5:12:55:c5:00,2024-01-15T18:25:00Z,2024-01-15T18:30:00Z,14.35,60.46,-99.97
72:a5:12:55:c5:00,2024-01-15T18:30:00Z,2024-01-15T18:35:00Z,15.14,61.3,20.18
72:a5:12:55:c5:00,2024-01-15T18:35:00Z,2024-01-15T18:40:00Z,15.62,63.99,-105.69
72:a5:12:55:c5:00,2024-01-15T18:40:00Z,2024-01-15T18:45:00Z,14.5,61.92,61.41
72:a5:12:55:c5:00,2024-01-15T18:45:00Z,2024-01-15T18:50:00Z,15.85,61.63,54.44
72:a5:12:55:c5:00,2024-01-15T18:50:00Z,2024-01-15T18:55:00Z,14.94,59.5,30.29
72:a5:12:55:c5:00,2024-01-15T18:55:00Z,2024-01-15T19:00:00Z,14.47,63.57,-40.55
72:a5:12:55:c5:00,2024-01-15T19:00:00Z,2024-01-15T19:05:00Z,15.77,60.29,10.21
72:a5:12:55:c5:00,2024-01-15T19:05:00Z,2024-01-15T19:10:00Z,15.0,61.39,-30.8
72:a5:12:55:c5:00,2024-01-15T19:10:00Z,2024-01-15T19:15:00Z,15.63,64.55,-61.85
72:a5:12:55:c5:00,2024-01-15T19:15:00Z,2024-01-15T19:20:00Z,15.0,62.61,-20.32
72:a5:12:55:c5:00,2024-01-15T19:20:00Z,2024-01-15T19:25:00Z,15.13,58.33,41.9
72:a5:12:55:c5:00,2024-01-15T19:25:00Z,2024-01-15T19:30:00Z,15.47,58.05,2.63
72:a5:12:55:c5:00,2024-01-15T19:30:00Z,2024-01-15T19:35:00Z,15.34,61.46,87.04
72:a5:12:55:c5:00,2024-01-15T19:35:00Z,2024-01-15T19:40:00Z,13.97,59.17,45.95
72:a5:12:55:c5:00,2024-01-15T19:40:00Z,2024-01-15T19:45:00Z,14.5,62.89,39.52
72:a5:12:55:c5:00,2024-01-15T19:45:00Z,2024-01-15T19:50:00Z,15.73,61.68,-96.54
72:a5:12:55:c5:00,2024-01-15T19:50:00Z,2024-01-15T19:55:00Z,15.09,61.92,-17.11
72:a5:12:55:c5:00,2024-01-15T19:55:00Z,2024-01-15T20:00:00Z,14.86,60.18,-63.86
72:a5:12:55:c5:00,2024-01-15T20:00:00Z,2024-01-15T20:05:00Z,14.85,63.88,-10.98
72:a5:12:55:c5:00,2024-01-15T20:05:00Z,2024-01-15T20:10:00Z,15.02,66.08,-41.6
72:a5:12:55:c5:00,2024-01-15T20:10:00Z,2024-01-15T20:15:00Z,14.46,59.84,-22.66
72:a5:12:55:c5:00,2024-01-15T20:15:00Z,2024-01-15T20:20:00Z,15.61,61.1,63.67
72:a5:12:55:c5:00,2024-01-15T20:20:00Z,2024-01-15T20:25:00Z,15.31,60.59,28.51
72:a5:12:55:c5:00,2024-01-15T20:25:00Z,2024-01-15T20:30:00Z,15.09,59.87,60.43
72:a5:12:55:c5:00,2024-01-15T20:30:00Z,2024-01-15T20:35:00Z,15.63,58.73,-96.04
72:a5:12:55:c5:00,2024-01-15T20:35:00Z,2024-01-15T20:40:00Z,15.89,58.22,3.48
72:a5:12:55:c5:00,2024-01-15T20:40:00Z,2024-01-15T20:45:00Z,16.93,58.12,58.0
72:a5:12:55:c5:00,2024-01-15T20:45:00Z,2024-01-15T20:50:00Z,14.76,61.2,90.38
72:a5:12:55:c5:00,2024-01-15T20:50:00Z,2024-01-15T20:55:00Z,16.37,59.35,-92.89
72:a5:12:55:c5:00,2024-01-15T20:55:00Z,2024-01-15T21:00:00Z,16.25,55.24,-21.09
72:a5:12:55:c5:00,2024-01-15T21:00:00Z,2024-01-15T21:05:00Z,16.0,59.37,62.05
72:a5:12:55:c5:00,2024-01-15T21:05:00Z,2024-01-15T21:10:00Z,16.59,58.41,-11.54
72:a5:12:55:c5:00,2024-01-15T21:10:00Z,2024-01-15T21:15:00Z,16.19,61.18,-54.63
72:a5:12:55:c5:00,2024-01-15T21:15:00Z,2024-01-15T21:20:00Z,16.58,59.23,-93.0
72:a5:12:55:c5:00,2024-01-15T21:20:00Z,2024-01-15T21:25:00Z,17.37,55.53,-56.92
72:a5:12:55:c5:00,2024-01-15T21:25:00Z,2024-01-15T21:30:00Z,16.83,54.03,-101.33
72:a5:12:55:c5:00,2024-01-15T21:30:00Z,2024-01-15T21:35:00Z,16.77,57.05,3.51
72:a5:12:55:c5:00,2024-01-15T21:35:00Z,2024-01-15T21:40:00Z,16.21,57.24,53.78
72:a5:12:55:c5:00,2024-01-15T21:40:00Z,2024-01-15T21:45:00Z,15.57,60.37,-75.66
72:a5:12:55:c5:00,2024-01-15T21:45:00Z,2024-01-15T21:50:00Z,16.34,58.47,15.46
72:a5:12:55:c5:00,2024-01-15T21:50:00Z,2024-01-15T21:55:00Z,17.19,60.75,50.72
72:a5:12:55:c5:00,2024-01-15T21:55:00Z,2024-01-15T22:00:00Z,15.55,55.84,-0.16
72:a5:12:55:c5:00,2024-01-15T22:00:00Z,2024-01-15T22:05:00Z,16.87,57.93,-96.64
72:a5:12:55:c5:00,2024-01-15T22:05:00Z,2024-01-15T22:10:00Z,17.58,57.44,23.17
72:a5:12:55:c5:00,2024-01-15T22:10:00Z,2024-01-15T22:15:00Z,16.91,51.96,-3.28
72:a5:12:55:c5:00,2024-01-15T22:15:00Z,2024-01-15T22:20:00Z,17.02,58.65,-9.39
72:a5:12:55:c5:00,2024-01-15T22:20:00Z,2024-01-15T22:25:00Z,17.25,56.19,-32.81
72:a5:12:55:c5:00,2024-01-15T22:25:00Z,2024-01-15T22:30:00Z,16.68,56.78,5.21
72:a5:12:55:c5:00,2024-01-15T22:30:00Z,2024-01-15T22:35:00Z,16.92,54.27,30.59
72:a5:12:55:c5:00,2024-01-15T22:35:00Z,2024-01-15T22:40:00Z,17.92,58.55,143.44
72:a5:12:55:c5:00,2024-01-15T22:40:00Z,2024-01-15T22:45:00Z,16.72,53.63,6.74
72:a5:12:55:c5:00,2024-01-15T22:45:00Z,2024-01-15T22:50:00Z,16.54,57.66,90.67
72:a5:12:55:c5:00,2024-01-15T22:50:00Z,2024-01-15T22:55:00Z,17.12,57.64,21.47
72:a5:12:55:c5:00,2024-01-15T22:55:00Z,2024-01-15T23:00:00Z,17.94,54.05,-5.97
72:a5:12:55:c5:00,2024-01-15T23:00:00Z,2024-01-15T23:05:00Z,18.59,57.07,8.91
72:a5:12:55:c5:00,2024-01-15T23:05:00Z,2024-01-15T23:10:00Z,18.43,53.57,-73.3
72:a5:12:55:c5:00,2024-01-15T23:10:00Z,2024-01-15T23:15:00Z,18.73,54.41,18.35
72:a5:12:55:c5:00,2024-01-15T23:15:00Z,2024-01-15T23:20:00Z,17.66,50.05,-119.52
72:a5:12:55:c5:00,2024-01-15T23:20:00Z,2024-01-15T23:25:00Z,19.0,57.34,-51.76
72:a5:12:55:c5:00,2024-01-15T23:25:00Z,2024-01-15T23:30:00Z,18.94,50.66,6.59
72:a5:12:55:c5:00,2024-01-15T23:30:00Z,2024-01-15T23:35:00Z,18.46,55.16,71.64
72:a5:12:55:c5:00,2024-01-15T23:35:00Z,2024-01-15T23:40:00Z,19.31,51.12,85.84
72:a5:12:55:c5:00,2024-01-15T23:40:00Z,2024-01-15T23:45:00Z,18.03,51.87,-14.19
72:a5:12:55:c5:00,2024-01-15T23:45:00Z,2024-01-15T23:50:00Z,19.38,54.68,9.34
72:a5:12:55:c5:00,2024-01-15T23:50:00Z,2024-01-15T23:55:00Z,18.8,55.16,59.06
72:a5:12:55:c5:00,2024-01-15T23:55:00Z,2024-01-16T00:00:00Z,18.5,50.56,-79.77
72:a5:12:55:c5:00,2024-01-16T00:00:00Z,2024-01-16T00:05:00Z,19.99,52.18,24.28
72:a5:12:55:c5:00,2024-01-16T00:05:00Z,2024-01-16T00:10:00Z,19.94,52.09,-49.67
72:a5:12:55:c5:00,2024-01-16T00:10:00Z,2024-01-16T00:15:00Z,20.73,48.12,-10.31
72:a5:12:55:c5:00,2024-01-16T00:15:00Z,2024-01-16T00:20:00Z,19.35,53.2,-27.54
72:a5:12:55:c5:00,2024-01-16T00:20:00Z,2024-01-16T00:25:00Z,19.54,47.09,26.12
72:a5:12:55:c5:00,2024-01-16T00:25:00Z,2024-01-16T00:30:00Z,20.62,48.75,33.02
72:a5:12:55:c5:00,2024-01-16T00:30:00Z,2024-01-16T00:35:00Z,19.64,50.96,53.46
72:a5:12:55:c5:00,2024-01-16T00:35:00Z,2024-01-16T00:40:00Z,20.54,48.29,20.89
72:a5:12:55:c5:00,2024-01-16T00:40:00Z,2024-01-16T00:45:00Z,21.02,50.53,10.3
72:a5:12:55:c5:00,2024-01-16T00:45:00Z,2024-01-16T00:50:00Z,19.76,50.48,111.24
72:a5:12:55:c5:00,2024-01-16T00:50:00Z,2024-01-16T00:55:00Z,20.41,49.63,-91.46
72:a5:12:55:c5:00,2024-01-16T00:55:00Z,2024-01-16T01:00:00Z,19.31,51.66,101.74
72:a5:12:55:c5:00,2024-01-16T01:00:00Z,2024-01-16T01:05:00Z,21.75,46.44,500.25
72:a5:12:55:c5:00,2024-01-16T01:05:00Z,2024-01-16T01:10:00Z,21.41,47.36,551.89
72:a5:12:55:c5:00,2024-01-16T01:10:00Z,2024-01-16T01:15:00Z,21.58,49.19,498.1
72:a5:12:55:c5:00,2024-01-16T01:15:00Z,2024-01-16T01:20:00Z,20.91,48.48,475.49
72:a5:12:55:c5:00,2024-01-16T01:20:00Z,2024-01-16T01:25:00Z,20.3,48.47,546.71
72:a5:12:55:c5:00,2024-01-16T01:25:00Z,2024-01-16T01:30:00Z,21.6,44.6,580.17
72:a5:12:55:c5:00,2024-01-16T01:30:00Z,2024-01-16T01:35:00Z,20.06,47.94,546.02
72:a5:12:55:c5:00,2024-01-16T01:35:00Z,2024-01-16T01:40:00Z,21.1,45.14,485.11
72:a5:12:55:c5:00,2024-01-16T01:40:00Z,2024-01-16T01:45:00Z,21.86,44.33,734.32
72:a5:12:55:c5:00,2024-01-16T01:45:00Z,2024-01-16T01:50:00Z,21.41,46.75,589.55
72:a5:12:55:c5:00,2024-01-16T01:50:00Z,2024-01-16T01:55:00Z,22.46,45.09,573.64
72:a5:12:55:c5:00,2024-01-16T01:55:00Z,2024-01-16T02:00:00Z,21.91,48.48,496.46
72:a5:12:55:c5:00,2024-01-16T02:00:00Z,2024-01-16T02:05:00Z,22.11,45.63,962.49
72:a5:12:55:c5:00,2024-01-16T02:05:00Z,2024-01-16T02:10:00Z,22.52,40.19,983.21
72:a5:12:55:c5:00,2024-01-16T02:10:00Z,2024-01-16T02:15:00Z,22.47,42.34,1064.88
72:a5:12:55:c5:00,2024-01-16T02:15:00Z,2024-01-16T02:20:00Z,21.55,41.08,940.56
72:a5:12:55:c5:00,2024-01-16T02:20:00Z,2024-01-16T02:25:00Z,21.94,43.07,935.91
72:a5:12:55:c5:00,2024-01-16T02:25:00Z,2024-01-16T02:30:00Z,22.16,44.91,1032.37
72:a5:12:55:c5:00,2024-01-16T02:30:00Z,2024-01-16T02:35:00Z,21.28,43.52,1019.15
72:a5:12:55:c5:00,2024-01-16T02:35:00Z,2024-01-16T02:40:00Z,22.53,42.82,953.78
72:a5:12:55:c5:00,2024-01-16T02:40:00Z,2024-01-16T02:45:00Z,22.35,46.6,934.53
72:a5:12:55:c5:00,2024-01-16T02:45:00Z,2024-01-16T02:50:00Z,21.5,39.39,1086.27
72:a5:12:55:c5:00,2024-01-16T02:50:00Z,2024-01-16T02:55:00Z,22.74,46.47,1021.42
72:a5:12:55:c5:00,2024-01-16T02:55:00Z,2024-01-16T03:00:00Z,22.93,42.91,918.19
72:a5:12:55:c5:00,2024-01-16T03:00:00Z,2024-01-16T03:05:00Z,23.67,41.36,1336.6
72:a5:12:55:c5:00,2024-01-16T03:05:00Z,2024-01-16T03:10:00Z,23.34,40.46,1392.52
72:a5:12:55:c5:00,2024-01-16T03:10:00Z,2024-01-16T03:15:00Z,23.89,44.6,1458.18
72:a5:12:55:c5:00,2024-01-16T03:15:00Z,2024-01-16T03:20:00Z,23.94,39.05,1449.91
72:a5:12:55:c5:00,2024-01-16T03:20:00Z,2024-01-16T03:25:00Z,23.72,41.54,1482.11
72:a5:12:55:c5:00,2024-01-16T03:25:00Z,2024-01-16T03:30:00Z,23.04,42.57,1324.79
72:a5:12:55:c5:00,2024-01-16T03:30:00Z,2024-01-16T03:35:00Z,23.7,38.29,1427.64
72:a5:12:55:c5:00,2024-01-16T03:35:00Z,2024-01-16T03:40:00Z,24.25,39.67,1499.77
72:a5:12:55:c5:00,2024-01-16T03:40:00Z,2024-01-16T03:45:00Z,23.18,41.22,1494.18
72:a5:12:55:c5:00,2024-01-16T03:45:00Z,2024-01-16T03:50:00Z,24.79,39.74,1435.75
72:a5:12:55:c5:00,2024-01-16T03:50:00Z,2024-01-16T03:55:00Z,23.22,39.88,1555.09
72:a5:12:55:c5:00,2024-01-16T03:55:00Z,2024-01-16T04:00:00Z,23.55,40.81,1450.77
72:a5:12:55:c5:00,2024-01-16T04:00:00Z,2024-01-16T04:05:00Z,23.93,40.91,1794.62
72:a5:12:55:c5:00,2024-01-16T04:05:00Z,2024-01-16T04:10:00Z,24.46,38.92,1734.72
72:a5:12:55:c5:00,2024-01-16T04:10:00Z,2024-01-16T04:15:00Z,23.28,41.76,1685.19
72:a5:12:55:c5:00,2024-01-16T04:15:00Z,2024-01-16T04:20:00Z,24.0,37.61,1679.54
72:a5:12:55:c5:00,2024-01-16T04:20:00Z,2024-01-16T04:25:00Z,23.67,37.1,1742.95
72:a5:12:55:c5:00,2024-01-16T04:25:00Z,2024-01-16T04:30:00Z,24.41,43.46,1719.36
72:a5:12:55:c5:00,2024-01-16T04:30:00Z,2024-01-16T04:35:00Z,24.93,38.29,1625.94
72:a5:12:55:c5:00,2024-01-16T04:35:00Z,2024-01-16T04:40:00Z,24.72,36.99,1670.5
72:a5:12:55:c5:00,2024-01-16T04:40:00Z,2024-01-16T04:45:00Z,22.91,36.12,1712.95
72:a5:12:55:c5:00,2024-01-16T04:45:00Z,2024-01-16T04:50:00Z,25.56,41.76,1775.69
72:a5:12:55:c5:00,2024-01-16T04:50:00Z,2024-01-16T04:55:00Z,24.51,38.93,1731.09
72:a5:12:55:c5:00,2024-01-16T04:55:00Z,2024-01-16T05:00:00Z,23.86,39.1,1727.73
72:a5:12:55:c5:00,2024-01-16T05:00:00Z,2024-01-16T05:05:00Z,24.92,38.09,1872.64
72:a5:12:55:c5:00,2024-01-16T05:05:00Z,2024-01-16T05:10:00Z,24.94,40.43,1933.24
72:a5:12:55:c5:00,2024-01-16T05:10:00Z,2024-01-16T05:15:00Z,24.43,38.05,2011.0
72:a5:12:55:c5:00,2024-01-16T05:15:00Z,2024-01-16T05:20:00Z,24.95,43.1,1941.19
72:a5:12:55:c5:00,2024-01-16T05:20:00Z,2024-01-16T05:25:00Z,24.47,38.68,1841.41
72:a5:12:55:c5:00,2024-01-16T05:25:00Z,2024-01-16T05:30:00Z,24.59,40.53,1856.76
72:a5:12:55:c5:00,2024-01-16T05:30:00Z,2024-01-16T05:35:00Z,24.42,40.02,1967.18
72:a5:12:55:c5:00,2024-01-16T05:35:00Z,2024-01-16T05:40:00Z,23.97,38.34,1918.39
72:a5:12:55:c5:00,2024-01-16T05:40:00Z,2024-01-16T05:45:00Z,24.92,37.23,1927.38
72:a5:12:55:c5:00,2024-01-16T05:45:00Z,2024-01-16T05:50:00Z,25.18,39.07,1895.09
72:a5:12:55:c5:00,2024-01-16T05:50:00Z,2024-01-16T05:55:00Z,25.14,39.43,1962.06
72:a5:12:55:c5:00,2024-01-16T05:55:00Z,2024-01-16T06:00:00Z,25.32,37.26,1913.8
72:a5:12:55:c5:00,2024-01-16T06:00:00Z,2024-01-16T06:05:00Z,25.19,38.33,1988.8
72:a5:12:55:c5:00,2024-01-16T06:05:00Z,2024-01-16T06:10:00Z,24.68,40.47,1948.93
72:a5:12:55:c5:00,2024-01-16T06:10:00Z,2024-01-16T06:15:00Z,25.5,42.14,2055.3
72:a5:12:55:c5:00,2024-01-16T06:15:00Z,2024-01-16T06:20:00Z,24.19,39.71,1986.73
72:a5:12:55:c5:00,2024-01-16T06:20:00Z,2024-01-16T06:25:00Z,24.46,41.73,2036.47
72:a5:12:55:c5:00,2024-01-16T06:25:00Z,2024-01-16T06:30:00Z,24.42,36.74,1928.38
72:a5:12:55:c5:00,2024-01-16T06:30:00Z,2024-01-16T06:35:00Z,25.65,39.4,2104.03
72:a5:12:55:c5:00,2024-01-16T06:35:00Z,2024-01-16T06:40:00Z,25.57,40.68,2076.64
72:a5:12:55:c5:00,2024-01-16T06:40:00Z,2024-01-16T06:45:00Z,25.29,36.21,1885.41
72:a5:12:55:c5:00,2024-01-16T06:45:00Z,2024-01-16T06:50:00Z,25.64,37.03,1951.88
72:a5:12:55:c5:00,2024-01-16T06:50:00Z,2024-01-16T06:55:00Z,24.47,41.48,2028.66
72:a5:12:55:c5:00,2024-01-16T06:55:00Z,2024-01-16T07:00:00Z,25.21,36.05,1920.82
72:a5:12:55:c5:00,2024-01-16T07:00:00Z,2024-01-16T07:05:00Z,24.75,35.73,1923.96
72:a5:12:55:c5:00,2024-01-16T07:05:00Z,2024-01-16T07:10:00Z,25.34,41.46,1957.45
72:a5:12:55:c5:00,2024-01-16T07:10:00Z,2024-01-16T07:15:00Z,24.76,40.8,1920.77
72:a5:12:55:c5:00,2024-01-16T07:15:00Z,2024-01-16T07:20:00Z,24.6,39.27,1964.18
72:a5:12:55:c5:00,2024-01-16T07:20:00Z,2024-01-16T07:25:00Z,25.15,38.32,1890.25
72:a5:12:55:c5:00,2024-01-16T07:25:00Z,2024-01-16T07:30:00Z,25.36,37.53,1797.2
72:a5:12:55:c5:00,2024-01-16T07:30:00Z,2024-01-16T07:35:00Z,24.43,38.97,1990.78
72:a5:12:55:c5:00,2024-01-16T07:35:00Z,2024-01-16T07:40:00Z,24.79,41.57,1990.4
72:a5:12:55:c5:00,2024-01-16T07:40:00Z,2024-01-16T07:45:00Z,24.19,38.89,2082.07
72:a5:12:55:c5:00,2024-01-16T07:45:00Z,2024-01-16T07:50:00Z,23.33,42.74,1799.42
72:a5:12:55:c5:00,2024-01-16T07:50:00Z,2024-01-16T07:55:00Z,24.95,36.61,1976.9
72:a5:12:55:c5:00,2024-01-16T07:55:00Z,2024-01-16T08:00:00Z,25.19,38.37,1813.73
72:a5:12:55:c5:00,2024-01-16T08:00:00Z,2024-01-16T08:05:00Z,24.49,38.86,1837.44
72:a5:12:55:c5:00,2024-01-16T08:05:00Z,2024-01-16T08:10:00Z,23.16,37.44,1761.32
72:a5:12:55:c5:00,2024-01-16T08:10:00Z,2024-01-16T08:15:00Z,24.12,39.3,1674.94
72:a5:12:55:c5:00,2024-01-16T08:15:00Z,2024-01-16T08:20:00Z,23.0,40.44,1778.86
72:a5:12:55:c5:00,2024-01-16T08:20:00Z,2024-01-16T08:25:00Z,25.15,40.66,1698.87
72:a5:12:55:c5:00,2024-01-16T08:25:00Z,2024-01-16T08:30:00Z,23.68,43.95,1750.08
72:a5:12:55:c5:00,2024-01-16T08:30:00Z,2024-01-16T08:35:00Z,25.08,40.54,1744.41
72:a5:12:55:c5:00,2024-01-16T08:35:00Z,2024-01-16T08:40:00Z,24.9,41.91,1836.7
72:a5:12:55:c5:00,2024-01-16T08:40:00Z,2024-01-16T08:45:00Z,23.79,39.74,1840.95
72:a5:12:55:c5:00,2024-01-16T08:45:00Z,2024-01-16T08:50:00Z,23.65,42.96,1696.21
72:a5:12:55:c5:00,2024-01-16T08:50:00Z,2024-01-16T08:55:00Z,24.54,44.4,1795.54
72:a5:12:55:c5:00,2024-01-16T08:55:00Z,2024-01-16T09:00:00Z,23.82,40.67,1753.34
72:a5:12:55:c5:00,2024-01-16T09:00:00Z,2024-01-16T09:05:00Z,23.6,39.53,1329.45
72:a5:12:55:c5:00,2024-01-16T09:05:00Z,2024-01-16T09:10:00Z,23.25,40.42,1372.44
72:a5:12:55:c5:00,2024-01-16T09:10:00Z,2024-01-16T09:15:00Z,22.47,42.08,1554.38
72:a5:12:55:c5:00,2024-01-16T09:15:00Z,2024-01-16T09:20:00Z,22.2,42.43,1435.68
72:a5:12:55:c5:00,2024-01-16T09:20:00Z,2024-01-16T09:25:00Z,23.67,42.91,1474.2
72:a5:12:55:c5:00,2024-01-16T09:25:00Z,2024-01-16T09:30:00Z,23.2,42.44,1401.49
72:a5:12:55:c5:00,2024-01-16T09:30:00Z,2024-01-16T09:35:00Z,23.2,41.53,1381.82
72:a5:12:55:c5:00,2024-01-16T09:35:00Z,2024-01-16T09:40:00Z,23.95,40.24,1415.85
72:a5:12:55:c5:00,2024-01-16T09:40:00Z,2024-01-16T09:45:00Z,24.24,42.32,1398.25
72:a5:12:55:c5:00,2024-01-16T09:45:00Z,2024-01-16T09:50:00Z,23.37,45.22,1324.62
72:a5:12:55:c5:00,2024-01-16T09:50:00Z,2024-01-16T09:55:00Z,23.33,43.55,1354.01
72:a5:12:55:c5:00,2024-01-16T09:55:00Z,2024-01-16T10:00:00Z,23.84,42.58,1456.69
72:a5:12:55:c5:00,2024-01-16T10:00:00Z,2024-01-16T10:05:00Z,21.69,46.06,977.16
72:a5:12:55:c5:00,2024-01-16T10:05:00Z,2024-01-16T10:10:00Z,22.63,43.26,1001.54
72:a5:12:55:c5:00,2024-01-16T10:10:00Z,2024-01-16T10:15:00Z,22.83,42.98,1014.1
72:a5:12:55:c5:00,2024-01-16T10:15:00Z,2024-01-16T10:20:00Z,22.91,42.5,1018.78
72:a5:12:55:c5:00,2024-01-16T10:20:00Z,2024-01-16T10:25:00Z,21.34,43.75,1068.79
72:a5:12:55:c5:00,2024-01-16T10:25:00Z,2024-01-16T10:30:00Z,22.04,43.16,934.08
72:a5:12:55:c5:00,2024-01-16T10:30:00Z,2024-01-16T10:35:00Z,21.97,46.42,1034.22
72:a5:12:55:c5:00,2024-01-16T10:35:00Z,2024-01-16T10:40:00Z,22.56,43.05,1045.3
72:a5:12:55:c5:00,2024-01-16T10:40:00Z,2024-01-16T10:45:00Z,22.79,42.39,1059.15
72:a5:12:55:c5:00,2024-01-16T10:45:00Z,2024-01-16T10:50:00Z,23.4,47.89,915.22
72:a5:12:55:c5:00,2024-01-16T10:50:00Z,2024-01-16T10:55:00Z,22.2,43.1,1015.29
72:a5:12:55:c5:00,2024-01-16T10:55:00Z,2024-01-16T11:00:00Z,22.2,44.31,1102.96
72:a5:12:55:c5:00,2024-01-16T11:00:00Z,2024-01-16T11:05:00Z,21.98,47.8,511.69
72:a5:12:55:c5:00,2024-01-16T11:05:00Z,2024-01-16T11:10:00Z,21.47,44.62,546.65
72:a5:12:55:c5:00,2024-01-16T11:10:00Z,2024-01-16T11:15:00Z,22.05,49.37,564.46
72:a5:12:55:c5:00,2024-01-16T11:15:00Z,2024-01-16T11:20:00Z,21.47,48.17,456.11
72:a5:12:55:c5:00,2024-01-16T11:20:00Z,2024-01-16T11:25:00Z,20.6,50.01,627.67
72:a5:12:55:c5:00,2024-01-16T11:25:00Z,2024-01-16T11:30:00Z,20.49,45.54,547.61
72:a5:12:55:c5:00,2024-01-16T11:30:00Z,2024-01-16T11:35:00Z,20.36,47.09,548.81
72:a5:12:55:c5:00,2024-01-16T11:35:00Z,2024-01-16T11:40:00Z,21.69,46.97,417.92
72:a5:12:55:c5:00,2024-01-16T11:40:00Z,2024-01-16T11:45:00Z,22.01,47.42,565.31
72:a5:12:55:c5:00,2024-01-16T11:45:00Z,2024-01-16T11:50:00Z,22.4,43.98,548.02
72:a5:12:55:c5:00,2024-01-16T11:50:00Z,2024-01-16T11:55:00Z,21.8,47.12,615.09
72:a5:12:55:c5:00,2024-01-16T11:55:00Z,2024-01-16T12:00:00Z,21.99,44.04,498.96
72:a5:12:55:c5:00,2024-01-16T12:00:00Z,2024-01-16T12:05:00Z,19.65,50.72,-59.26
72:a5:12:55:c5:00,2024-01-16T12:05:00Z,2024-01-16T12:10:00Z,19.31,45.74,-40.93
72:a5:12:55:c5:00,2024-01-16T12:10:00Z,2024-01-16T12:15:00Z,20.51,46.3,-30.3
72:a5:12:55:c5:00,2024-01-16T12:15:00Z,2024-01-16T12:20:00Z,20.25,51.64,-67.13
72:a5:12:55:c5:00,2024-01-16T12:20:00Z,2024-01-16T12:25:00Z,20.06,48.91,77.41
72:a5:12:55:c5:00,2024-01-16T12:25:00Z,2024-01-16T12:30:00Z,20.23,48.02,79.66
72:a5:12:55:c5:00,2024-01-16T12:30:00Z,2024-01-16T12:35:00Z,20.19,52.54,-11.75
72:a5:12:55:c5:00,2024-01-16T12:35:00Z,2024-01-16T12:40:00Z,20.77,50.66,-23.57
72:a5:12:55:c5:00,2024-01-16T12:40:00Z,2024-01-16T12:45:00Z,20.78,51.74,-108.93
72:a5:12:55:c5:00,2024-01-16T12:45:00Z,2024-01-16T12:50:00Z,20.33,49.67,41.76
72:a5:12:55:c5:00,2024-01-16T12:50:00Z,2024-01-16T12:55:00Z,20.51,55.36,99.21
72:a5:12:55:c5:00,2024-01-16T12:55:00Z,2024-01-16T13:00:00Z,20.31,48.79,-38.23
72:a5:12:55:c5:00,2024-01-16T13:00:00Z,2024-01-16T13:05:00Z,18.43,56.59,-7.01
72:a5:12:55:c5:00,2024-01-16T13:05:00Z,2024-01-16T13:10:00Z,19.16,52.98,26.06
72:a5:12:55:c5:00,2024-01-16T13:10:00Z,2024-01-16T13:15:00Z,17.87,49.8,103.47
72:a5:12:55:c5:00,2024-01-16T13:15:00Z,2024-01-16T13:20:00Z,19.34,54.07,11.99
72:a5:12:55:c5:00,2024-01-16T13:20:00Z,2024-01-16T13:25:00Z,17.99,53.74,11.73
72:a5:12:55:c5:00,2024-01-16T13:25:00Z,2024-01-16T13:30:00Z,18.88,51.0,10.76
72:a5:12:55:c5:00,2024-01-16T13:30:00Z,2024-01-16T13:35:00Z,18.2,51.26,-85.5
72:a5:12:55:c5:00,2024-01-16T13:35:00Z,2024-01-16T13:40:00Z,19.04,53.06,-86.81
72:a5:12:55:c5:00,2024-01-16T13:40:00Z,2024-01-16T13:45:00Z,18.69,53.81,-48.48
72:a5:12:55:c5:00,2024-01-16T13:45:00Z,2024-01-16T13:50:00Z,17.75,48.16,60.77
72:a5:12:55:c5:00,2024-01-16T13:50:00Z,2024-01-16T13:55:00Z,18.96,55.21,-20.12
72:a5:12:55:c5:00,2024-01-16T13:55:00Z,2024-01-16T14:00:00Z,18.36,52.12,-31.78
72:a5:12:55:c5:00,2024-01-16T14:00:00Z,2024-01-16T14:05:00Z,18.03,53.34,-32.83
72:a5:12:55:c5:00,2024-01-16T14:05:00Z,2024-01-16T14:10:00Z,17.5,57.88,-8.26
72:a5:12:55:c5:00,2024-01-16T14:10:00Z,2024-01-16T14:15:00Z,17.74,55.95,102.13
72:a5:12:55:c5:00,2024-01-16T14:15:00Z,2024-01-16T14:20:00Z,16.93,58.43,-9.07
72:a5:12:55:c5:00,2024-01-16T14:20:00Z,2024-01-16T14:25:00Z,17.15,56.88,-47.18
72:a5:12:55:c5:00,2024-01-16T14:25:00Z,2024-01-16T14:30:00Z,17.22,56.0,1.51
72:a5:12:55:c5:00,2024-01-16T14:30:00Z,2024-01-16T14:35:00Z,18.01,55.69,105.31
72:a5:12:55:c5:00,2024-01-16T14:35:00Z,2024-01-16T14:40:00Z,18.51,56.97,-30.17
72:a5:12:55:c5:00,2024-01-16T14:40:00Z,2024-01-16T14:45:00Z,17.02,55.17,-70.86
72:a5:12:55:c5:00,2024-01-16T14:45:00Z,2024-01-16T14:50:00Z,18.15,54.29,-30.06
72:a5:12:55:c5:00,2024-01-16T14:50:00Z,2024-01-16T14:55:00Z,16.2,57.22,7.73
72:a5:12:55:c5:00,2024-01-16T14:55:00Z,2024-01-16T15:00:00Z,16.78,55.71,41.29
72:a5:12:55:c5:00,2024-01-16T15:00:00Z,2024-01-16T15:05:00Z,15.89,58.55,60.41
72:a5:12:55:c5:00,2024-01-16T15:05:00Z,2024-01-16T15:10:00Z,15.65,60.66,-62.74
72:a5:12:55:c5:00,2024-01-16T15:10:00Z,2024-01-16T15:15:00Z,15.51,58.26,-57.05
72:a5:12:55:c5:00,2024-01-16T15:15:00Z,2024-01-16T15:20:00Z,16.71,58.52,-19.4
72:a5:12:55:c5:00,2024-01-16T15:20:00Z,2024-01-16T15:25:00Z,16.34,57.29,41.07
72:a5:12:55:c5:00,2024-01-16T15:25:00Z,2024-01-16T15:30:00Z,16.69,59.35,-75.6
72:a5:12:55:c5:00,2024-01-16T15:30:00Z,2024-01-16T15:35:00Z,16.88,59.18,-36.44
72:a5:12:55:c5:00,2024-01-16T15:35:00Z,2024-01-16T15:40:00Z,16.62,60.29,-35.56
72:a5:12:55:c5:00,2024-01-16T15:40:00Z,2024-01-16T15:45:00Z,16.86,57.33,56.5
72:a5:12:55:c5:00,2024-01-16T15:45:00Z,2024-01-16T15:50:00Z,16.42,57.57,31.7
72:a5:12:55:c5:00,2024-01-16T15:50:00Z,2024-01-16T15:55:00Z,15.75,60.07,54.22
72:a5:12:55:c5:00,2024-01-16T15:55:00Z,2024-01-16T16:00:00Z,17.1,58.99,80.32
72:a5:12:55:c5:00,2024-01-16T16:00:00Z,2024-01-16T16:05:00Z,15.32,58.58,-18.34
72:a5:12:55:c5:00,2024-01-16T16:05:00Z,2024-01-16T16:10:00Z,15.11,63.01,-71.24
72:a5:12:55:c5:00,2024-01-16T16:10:00Z,2024-01-16T16:15:00Z,15.56,57.0,-70.86
72:a5:12:55:c5:00,2024-01-16T16:15:00Z,2024-01-16T16:20:00Z,15.12,61.96,-110.29
72:a5:12:55:c5:00,2024-01-16T16:20:00Z,2024-01-16T16:25:00Z,15.42,57.86,-27.53
72:a5:12:55:c5:00,2024-01-16T16:25:00Z,2024-01-16T16:30:00Z,15.88,64.16,-23.05
72:a5:12:55:c5:00,2024-01-16T16:30:00Z,2024-01-16T16:35:00Z,15.88,57.3,47.25
72:a5:12:55:c5:00,2024-01-16T16:35:00Z,2024-01-16T16:40:00Z,15.13,62.7,1.01
72:a5:12:55:c5:00,2024-01-16T16:40:00Z,2024-01-16T16:45:00Z,15.38,60.23,-29.42
72:a5:12:55:c5:00,2024-01-16T16:45:00Z,2024-01-16T16:50:00Z,16.31,59.66,-6.96
72:a5:12:55:c5:00,2024-01-16T16:50:00Z,2024-01-16T16:55:00Z,15.97,60.76,-62.34
72:a5:12:55:c5:00,2024-01-16T16:55:00Z,2024-01-16T17:00:00Z,16.91,61.66,61.52
72:a5:12:55:c5:00,2024-01-16T17:00:00Z,2024-01-16T17:05:00Z,15.88,59.78,-47.15
72:a5:12:55:c5:00,2024-01-16T17:05:00Z,2024-01-16T17:10:00Z,15.86,59.96,-68.4
72:a5:12:55:c5:00,2024-01-16T17:10:00Z,2024-01-16T17:15:00Z,14.34,62.89,49.07
72:a5:12:55:c5:00,2024-01-16T17:15:00Z,2024-01-16T17:20:00Z,15.63,58.18,34.45
72:a5:12:55:c5:00,2024-01-16T17:20:00Z,2024-01-16T17:25:00Z,15.14,60.42,-103.42
72:a5:12:55:c5:00,2024-01-16T17:25:00Z,2024-01-16T17:30:00Z,14.84,67.67,51.3
72:a5:12:55:c5:00,2024-01-16T17:30:00Z,2024-01-16T17:35:00Z,15.27,59.66,-44.5
72:a5:12:55:c5:00,2024-01-16T17:35:00Z,2024-01-16T17:40:00Z,15.74,63.89,-22.45
72:a5:12:55:c5:00,2024-01-16T17:40:00Z,2024-01-16T17:45:00Z,15.47,60.42,11.22
72:a5:12:55:c5:00,2024-01-16T17:45:00Z,2024-01-16T17:50:00Z,14.64,62.61,35.2
72:a5:12:55:c5:00,2024-01-16T17:50:00Z,2024-01-16T17:55:00Z,15.62,62.9,26.73
72:a5:12:55:c5:00,2024-01-16T17:55:00Z,2024-01-16T18:00:00Z,14.79,63.85,-2.99
72:a5:12:55:c5:00,2024-01-16T18:00:00Z,2024-01-16T18:05:00Z,15.13,61.6,-25.48
72:a5:12:55:c5:00,2024-01-16T18:05:00Z,2024-01-16T18:10:00Z,14.82,65.98,24.73
72:a5:12:55:c5:00,2024-01-16T18:10:00Z,2024-01-16T18:15:00Z,14.87,60.82,-7.1
72:a5:12:55:c5:00,2024-01-16T18:15:00Z,2024-01-16T18:20:00Z,15.46,62.47,108.32
72:a5:12:55:c5:00,2024-01-16T18:20:00Z,2024-01-16T18:25:00Z,14.38,62.49,35.18
72:a5:12:55:c5:00,2024-01-16T18:25:00Z,2024-01-16T18:30:00Z,16.17,59.76,-55.4
72:a5:12:55:c5:00,2024-01-16T18:30:00Z,2024-01-16T18:35:00Z,13.91,61.43,-28.66
72:a5:12:55:c5:00,2024-01-16T18:35:00Z,2024-01-16T18:40:00Z,14.64,62.32,2.89
72:a5:12:55:c5:00,2024-01-16T18:40:00Z,2024-01-16T18:45:00Z,15.22,61.14,77.97
72:a5:12:55:c5:00,2024-01-16T18:45:00Z,2024-01-16T18:50:00Z,15.35,66.88,84.67
72:a5:12:55:c5:00,2024-01-16T18:50:00Z,2024-01-16T18:55:00Z,14.94,60.32,-23.77
72:a5:12:55:c5:00,2024-01-16T18:55:00Z,2024-01-16T19:00:00Z,14.97,64.36,-56.02
72:a5:12:55:c5:00,2024-01-16T19:00:00Z,2024-01-16T19:05:00Z,15.42,63.3,-63.69
72:a5:12:55:c5:00,2024-01-16T19:05:00Z,2024-01-16T19:10:00Z,15.03,61.56,15.15
72:a5:12:55:c5:00,2024-01-16T19:10:00Z,2024-01-16T19:15:00Z,16.01,59.86,138.23
72:a5:12:55:c5:00,2024-01-16T19:15:00Z,2024-01-16T19:20:00Z,15.67,60.05,32.35
72:a5:12:55:c5:00,2024-01-16T19:20:00Z,2024-01-16T19:25:00Z,15.69,60.56,-95.63
72:a5:12:55:c5:00,2024-01-16T19:25:00Z,2024-01-16T19:30:00Z,14.59,58.02,-43.56
72:a5:12:55:c5:00,2024-01-16T19:30:00Z,2024-01-16T19:35:00Z,15.12,59.58,-37.43
72:a5:12:55:c5:00,2024-01-16T19:35:00Z,2024-01-16T19:40:00Z,14.99,58.63,-49.32
72:a5:12:55:c5:00,2024-01-16T19:40:00Z,2024-01-16T19:45:00Z,14.57,64.28,-23.27
72:a5:12:55:c5:00,2024-01-16T19:45:00Z,2024-01-16T19:50:00Z,15.39,62.83,22.16
72:a5:12:55:c5:00,2024-01-16T19:50:00Z,2024-01-16T19:55:00Z,14.85,63.16,40.92
72:a5:12:55:c5:00,2024-01-16T19:55:00Z,2024-01-16T20:00:00Z,15.56,62.77,65.51
72:a5:12:55:c5:00,2024-01-16T20:00:00Z,2024-01-16T20:05:00Z,15.03,60.73,31.45
72:a5:12:55:c5:00,2024-01-16T20:05:00Z,2024-01-16T20:10:00Z,16.7,63.31,-117.25
72:a5:12:55:c5:00,2024-01-16T20:10:00Z,2024-01-16T20:15:00Z,15.13,59.17,-63.44
72:a5:12:55:c5:00,2024-01-16T20:15:00Z,2024-01-16T20:20:00Z,15.8,60.61,-9.49
72:a5:12:55:c5:00,2024-01-16T20:20:00Z,2024-01-16T20:25:00Z,16.14,61.89,8.84
72:a5:12:55:c5:00,2024-01-16T20:25:00Z,2024-01-16T20:30:00Z,15.33,57.75,51.69
72:a5:12:55:c5:00,2024-01-16T20:30:00Z,2024-01-16T20:35:00Z,16.18,66.59,2.59
72:a5:12:55:c5:00,2024-01-16T20:35:00Z,2024-01-16T20:40:00Z,14.93,60.45,3.04
72:a5:12:55:c5:00,2024-01-16T20:40:00Z,2024-01-16T20:45:00Z,16.54,60.68,14.27
72:a5:12:55:c5:00,2024-01-16T20:45:00Z,2024-01-16T20:50:00Z,15.68,62.91,-15.3
72:a5:12:55:c5:00,2024-01-16T20:50:00Z,2024-01-16T20:55:00Z,15.31,62.22,5.21
72:a5:12:55:c5:00,2024-01-16T20:55:00Z,2024-01-16T21:00:00Z,15.49,60.47,67.55
72:a5:12:55:c5:00,2024-01-16T21:00:00Z,2024-01-16T21:05:00Z,16.95,58.75,-5.03
72:a5:12:55:c5:00,2024-01-16T21:05:00Z,2024-01-16T21:10:00Z,16.11,55.48,-1.81
72:a5:12:55:c5:00,2024-01-16T21:10:00Z,2024-01-16T21:15:00Z,16.01,57.37,-2.02
72:a5:12:55:c5:00,2024-01-16T21:15:00Z,2024-01-16T21:20:00Z,16.33,59.52,77.87
72:a5:12:55:c5:00,2024-01-16T21:20:00Z,2024-01-16T21:25:00Z,15.76,59.37,-66.48
72:a5:12:55:c5:00,2024-01-16T21:25:00Z,2024-01-16T21:30:00Z,17.56,60.93,106.55
72:a5:12:55:c5:00,2024-01-16T21:30:00Z,2024-01-16T21:35:00Z,16.12,58.24,-70.58
72:a5:12:55:c5:00,2024-01-16T21:35:00Z,2024-01-16T21:40:00Z,16.96,55.71,-39.25
72:a5:12:55:c5:00,2024-01-16T21:40:00Z,2024-01-16T21:45:00Z,16.59,60.6,44.68
72:a5:12:55:c5:00,2024-01-16T21:45:00Z,2024-01-16T21:50:00Z,15.87,61.36,61.82
72:a5:12:55:c5:00,2024-01-16T21:50:00Z,2024-01-16T21:55:00Z,16.46,60.28,-84.21
72:a5:12:55:c5:00,2024-01-16T21:55:00Z,2024-01-16T22:00:00Z,16.93,58.16,-65.56
72:a5:12:55:c5:00,2024-01-16T22:00:00Z,2024-01-16T22:05:00Z,17.39,58.09,16.67
72:a5:12:55:c5:00,2024-01-16T22:05:00Z,2024-01-16T22:10:00Z,18.22,62.86,140.67
72:a5:12:55:c5:00,2024-01-16T22:10:00Z,2024-01-16T22:15:00Z,18.11,56.23,74.78
72:a5:12:55:c5:00,2024-01-16T22:15:00Z,2024-01-16T22:20:00Z,18.05,53.38,-14.89
72:a5:12:55:c5:00,2024-01-16T22:20:00Z,2024-01-16T22:25:00Z,17.22,54.83,-145.15
72:a5:12:55:c5:00,2024-01-16T22:25:00Z,2024-01-16T22:30:00Z,16.85,57.25,4.9
72:a5:12:55:c5:00,2024-01-16T22:30:00Z,2024-01-16T22:35:00Z,17.13,52.79,21.74
72:a5:12:55:c5:00,2024-01-16T22:35:00Z,2024-01-16T22:40:00Z,17.62,56.34,-22.96
72:a5:12:55:c5:00,2024-01-16T22:40:00Z,2024-01-16T22:45:00Z,17.83,56.76,-51.04
72:a5:12:55:c5:00,2024-01-16T22:45:00Z,2024-01-16T22:50:00Z,16.2,59.07,9.55
72:a5:12:55:c5:00,2024-01-16T22:50:00Z,2024-01-16T22:55:00Z,17.5,58.62,-56.54
72:a5:12:55:c5:00,2024-01-16T22:55:00Z,2024-01-16T23:00:00Z,17.59,57.73,112.35
72:a5:12:55:c5:00,2024-01-16T23:00:00Z,2024-01-16T23:05:00Z,18.54,48.78,91.0
72:a5:12:55:c5:00,2024-01-16T23:05:00Z,2024-01-16T23:10:00Z,19.48,54.95,39.47
72:a5:12:55:c5:00,2024-01-16T23:10:00Z,2024-01-16T23:15:00Z,18.96,54.52,5.38
72:a5:12:55:c5:00,2024-01-16T23:15:00Z,2024-01-16T23:20:00Z,19.49,53.62,-39.61
72:a5:12:55:c5:00,2024-01-16T23:20:00Z,2024-01-16T23:25:00Z,18.58,49.65,-1.25
72:a5:12:55:c5:00,2024-01-16T23:25:00Z,2024-01-16T23:30:00Z,19.27,51.55,98.36
72:a5:12:55:c5:00,2024-01-16T23:30:00Z,2024-01-16T23:35:00Z,19.69,50.77,52.12
72:a5:12:55:c5:00,2024-01-16T23:35:00Z,2024-01-16T23:40:00Z,19.49,49.08,12.22
72:a5:12:55:c5:00,2024-01-16T23:40:00Z,2024-01-16T23:45:00Z,18.05,53.1,55.44
72:a5:12:55:c5:00,2024-01-16T23:45:00Z,2024-01-16T23:50:00Z,18.55,51.51,32.74
72:a5:12:55:c5:00,2024-01-16T23:50:00Z,2024-01-16T23:55:00Z,18.5,58.36,23.78
72:a5:12:55:c5:00,2024-01-16T23:55:00Z,2024-01-17T00:00:00Z,19.0,52.77,58.83
72:a5:12:55:c5:00,2024-01-17T00:00:00Z,2024-01-17T00:05:00Z,20.41,52.59,31.02
72:a5:12:55:c5:00,2024-01-17T00:05:00Z,2024-01-17T00:10:00Z,19.5,46.86,51.51
72:a5:12:55:c5:00,2024-01-17T00:10:00Z,2024-01-17T00:15:00Z,20.04,48.94,9.68
72:a5:12:55:c5:00,2024-01-17T00:15:00Z,2024-01-17T00:20:00Z,18.79,50.19,-15.25
72:a5:12:55:c5:00,2024-01-17T00:20:00Z,2024-01-17T00:25:00Z,20.87,48.18,-32.89
72:a5:12:55:c5:00,2024-01-17T00:25:00Z,2024-01-17T00:30:00Z,19.69,49.16,-40.04
72:a5:12:55:c5:00,2024-01-17T00:30:00Z,2024-01-17T00:35:00Z,20.03,49.56,-96.31
72:a5:12:55:c5:00,2024-01-17T00:35:00Z,2024-01-17T00:40:00Z,19.81,49.53,-54.72
72:a5:12:55:c5:00,2024-01-17T00:40:00Z,2024-01-17T00:45:00Z,20.69,53.71,-56.45
72:a5:12:55:c5:00,2024-01-17T00:45:00Z,2024-01-17T00:50:00Z,18.3,50.76,-30.44
72:a5:12:55:c5:00,2024-01-17T00:50:00Z,2024-01-17T00:55:00Z,19.99,50.96,93.73
72:a5:12:55:c5:00,2024-01-17T00:55:00Z,2024-01-17T01:00:00Z,19.94,51.08,-9.45
72:a5:12:55:c5:00,2024-01-17T01:00:00Z,2024-01-17T01:05:00Z,21.02,48.12,532.14
72:a5:12:55:c5:00,2024-01-17T01:05:00Z,2024-01-17T01:10:00Z,22.33,46.73,534.04
72:a5:12:55:c5:00,2024-01-17T01:10:00Z,2024-01-17T01:15:00Z,20.76,46.25,612.89
72:a5:12:55:c5:00,2024-01-17T01:15:00Z,2024-01-17T01:20:00Z,21.76,47.23,483.1
72:a5:12:55:c5:00,2024-01-17T01:20:00Z,2024-01-17T01:25:00Z,21.51,49.21,504.29
72:a5:12:55:c5:00,2024-01-17T01:25:00Z,2024-01-17T01:30:00Z,22.05,49.15,511.27
72:a5:12:55:c5:00,2024-01-17T01:30:00Z,2024-01-17T01:35:00Z,20.89,46.41,585.83
72:a5:12:55:c5:00,2024-01-17T01:35:00Z,2024-01-17T01:40:00Z,20.85,48.43,598.28
72:a5:12:55:c5:00,2024-01-17T01:40:00Z,2024-01-17T01:45:00Z,21.95,46.51,546.11
72:a5:12:55:c5:00,2024-01-17T01:45:00Z,2024-01-17T01:50:00Z,21.55,46.96,591.61
72:a5:12:55:c5:00,2024-01-17T01:50:00Z,2024-01-17T01:55:00Z,20.37,45.95,528.3
72:a5:12:55:c5:00,2024-01-17T01:55:00Z,2024-01-17T02:00:00Z,20.97,46.53,507.28
72:a5:12:55:c5:00,2024-01-17T02:00:00Z,2024-01-17T02:05:00Z,22.73,46.68,1070.72
72:a5:12:55:c5:00,2024-01-17T02:05:00Z,2024-01-17T02:10:00Z,23.0,44.18,1029.26
72:a5:12:55:c5:00,2024-01-17T02:10:00Z,2024-01-17T02:15:00Z,22.09,44.27,955.87
72:a5:12:55:c5:00,2024-01-17T02:15:00Z,2024-01-17T02:20:00Z,20.75,41.11,1059.85
72:a5:12:55:c5:00,2024-01-17T02:20:00Z,2024-01-17T02:25:00Z,22.81,43.38,987.49
72:a5:12:55:c5:00,2024-01-17T02:25:00Z,2024-01-17T02:30:00Z,21.77,43.52,980.15
72:a5:12:55:c5:00,2024-01-17T02:30:00Z,2024-01-17T02:35:00Z,21.29,42.34,1053.58
72:a5:12:55:c5:00,2024-01-17T02:35:00Z,2024-01-17T02:40:00Z,20.8,44.04,994.67
72:a5:12:55:c5:00,2024-01-17T02:40:00Z,2024-01-17T02:45:00Z,22.99,43.14,1023.34
72:a5:12:55:c5:00,2024-01-17T02:45:00Z,2024-01-17T02:50:00Z,22.58,44.16,1039.72
72:a5:12:55:c5:00,2024-01-17T02:50:00Z,2024-01-17T02:55:00Z,22.36,44.24,953.02
72:a5:12:55:c5:00,2024-01-17T02:55:00Z,2024-01-17T03:00:00Z,23.33,42.09,1023.09
72:a5:12:55:c5:00,2024-01-17T03:00:00Z,2024-01-17T03:05:00Z,23.92,40.72,1495.18
72:a5:12:55:c5:00,2024-01-17T03:05:00Z,2024-01-17T03:10:00Z,24.51,41.67,1356.83
72:a5:12:55:c5:00,2024-01-17T03:10:00Z,2024-01-17T03:15:00Z,22.7,43.88,1441.21
72:a5:12:55:c5:00,2024-01-17T03:15:00Z,2024-01-17T03:20:00Z,23.51,42.03,1364.45
72:a5:12:55:c5:00,2024-01-17T03:20:00Z,2024-01-17T03:25:00Z,22.57,40.19,1475.5
72:a5:12:55:c5:00,2024-01-17T03:25:00Z,2024-01-17T03:30:00Z,23.4,42.31,1474.93
72:a5:12:55:c5:00,2024-01-17T03:30:00Z,2024-01-17T03:35:00Z,23.39,44.93,1392.95
72:a5:12:55:c5:00,2024-01-17T03:35:00Z,2024-01-17T03:40:00Z,23.91,43.35,1546.79
72:a5:12:55:c5:00,2024-01-17T03:40:00Z,2024-01-17T03:45:00Z,23.56,42.61,1480.61
72:a5:12:55:c5:00,2024-01-17T03:45:00Z,2024-01-17T03:50:00Z,23.91,42.97,1456.63
72:a5:12:55:c5:00,2024-01-17T03:50:00Z,2024-01-17T03:55:00Z,23.96,44.39,1453.25
72:a5:12:55:c5:00,2024-01-17T03:55:00Z,2024-01-17T04:00:00Z,24.83,43.67,1473.25
72:a5:12:55:c5:00,2024-01-17T04:00:00Z,2024-01-17T04:05:00Z,24.14,40.74,1672.31
72:a5:12:55:c5:00,2024-01-17T04:05:00Z,2024-01-17T04:10:00Z,23.77,41.74,1743.73
72:a5:12:55:c5:00,2024-01-17T04:10:00Z,2024-01-17T04:15:00Z,24.48,37.44,1755.04
72:a5:12:55:c5:00,2024-01-17T04:15:00Z,2024-01-17T04:20:00Z,23.85,36.6,1708.04
72:a5:12:55:c5:00,2024-01-17T04:20:00Z,2024-01-17T04:25:00Z,25.22,39.92,1759.94
72:a5:12:55:c5:00,2024-01-17T04:25:00Z,2024-01-17T04:30:00Z,24.16,39.75,1805.95
72:a5:12:55:c5:00,2024-01-17T04:30:00Z,2024-01-17T04:35:00Z,23.99,38.52,1706.74
72:a5:12:55:c5:00,2024-01-17T04:35:00Z,2024-01-17T04:40:00Z,24.05,41.26,1728.79
72:a5:12:55:c5:00,2024-01-17T04:40:00Z,2024-01-17T04:45:00Z,24.76,35.88,1682.82
72:a5:12:55:c5:00,2024-01-17T04:45:00Z,2024-01-17T04:50:00Z,24.24,38.54,1624.83
72:a5:12:55:c5:00,2024-01-17T04:50:00Z,2024-01-17T04:55:00Z,23.95,38.64,1778.79
72:a5:12:55:c5:00,2024-01-17T04:55:00Z,2024-01-17T05:00:00Z,25.33,36.34,1730.51
72:a5:12:55:c5:00,2024-01-17T05:00:00Z,2024-01-17T05:05:00Z,24.32,41.4,1934.71
72:a5:12:55:c5:00,2024-01-17T05:05:00Z,2024-01-17T05:10:00Z,24.85,35.69,1872.65
72:a5:12:55:c5:00,2024-01-17T05:10:00Z,2024-01-17T05:15:00Z,25.22,37.23,1920.72
72:a5:12:55:c5:00,2024-01-17T05:15:00Z,2024-01-17T05:20:00Z,23.85,40.22,1997.65
72:a5:12:55:c5:00,2024-01-17T05:20:00Z,2024-01-17T05:25:00Z,25.12,39.7,1931.9
72:a5:12:55:c5:00,2024-01-17T05:25:00Z,2024-01-17T05:30:00Z,24.2,36.19,1933.6
72:a5:12:55:c5:00,2024-01-17T05:30:00Z,2024-01-17T05:35:00Z,25.32,39.77,1944.3
72:a5:12:55:c5:00,2024-01-17T05:35:00Z,2024-01-17T05:40:00Z,24.25,38.99,1857.67
72:a5:12:55:c5:00,2024-01-17T05:40:00Z,2024-01-17T05:45:00Z,25.25,43.07,1969.35
72:a5:12:55:c5:00,2024-01-17T05:45:00Z,2024-01-17T05:50:00Z,25.49,39.22,1856.54
72:a5:12:55:c5:00,2024-01-17T05:50:00Z,2024-01-17T05:55:00Z,25.35,38.13,1875.47
72:a5:12:55:c5:00,2024-01-17T05:55:00Z,2024-01-17T06:00:00Z,24.98,36.7,1868.9
72:a5:12:55:c5:00,2024-01-17T06:00:00Z,2024-01-17T06:05:00Z,24.86,36.51,1989.49
72:a5:12:55:c5:00,2024-01-17T06:05:00Z,2024-01-17T06:10:00Z,24.65,36.35,1978.85
72:a5:12:55:c5:00,2024-01-17T06:10:00Z,2024-01-17T06:15:00Z,25.88,40.74,1999.93
72:a5:12:55:c5:00,2024-01-17T06:15:00Z,2024-01-17T06:20:00Z,24.58,38.04,1945.68
72:a5:12:55:c5:00,2024-01-17T06:20:00Z,2024-01-17T06:25:00Z,24.38,39.13,2060.33
72:a5:12:55:c5:00,2024-01-17T06:25:00Z,2024-01-17T06:30:00Z,25.4,41.03,2050.04
72:a5:12:55:c5:00,2024-01-17T06:30:00Z,2024-01-17T06:35:00Z,24.52,33.28,1989.57
72:a5:12:55:c5:00,2024-01-17T06:35:00Z,2024-01-17T06:40:00Z,24.43,40.56,1971.3
72:a5:12:55:c5:00,2024-01-17T06:40:00Z,2024-01-17T06:45:00Z,24.13,38.11,1965.24
72:a5:12:55:c5:00,2024-01-17T06:45:00Z,2024-01-17T06:50:00Z,24.71,38.87,1981.39
72:a5:12:55:c5:00,2024-01-17T06:50:00Z,2024-01-17T06:55:00Z,24.95,36.34,1915.99
72:a5:12:55:c5:00,2024-01-17T06:55:00Z,2024-01-17T07:00:00Z,25.15,36.49,1942.42
72:a5:12:55:c5:00,2024-01-17T07:00:00Z,2024-01-17T07:05:00Z,25.4,39.39,1983.46
72:a5:12:55:c5:00,2024-01-17T07:05:00Z,2024-01-17T07:10:00Z,25.15,43.18,1949.96
72:a5:12:55:c5:00,2024-01-17T07:10:00Z,2024-01-17T07:15:00Z,24.72,40.42,2029.91
72:a5:12:55:c5:00,2024-01-17T07:15:00Z,2024-01-17T07:20:00Z,24.71,40.94,1913.9
72:a5:12:55:c5:00,2024-01-17T07:20:00Z,2024-01-17T07:25:00Z,25.14,38.02,1910.16
72:a5:12:55:c5:00,2024-01-17T07:25:00Z,2024-01-17T07:30:00Z,25.59,37.21,1907.38
72:a5:12:55:c5:00,2024-01-17T07:30:00Z,2024-01-17T07:35:00Z,24.91,36.85,1912.7
72:a5:12:55:c5:00,2024-01-17T07:35:00Z,2024-01-17T07:40:00Z,24.55,37.43,1892.25
72:a5:12:55:c5:00,2024-01-17T07:40:00Z,2024-01-17T07:45:00Z,24.23,34.3,1948.11
72:a5:12:55:c5:00,2024-01-17T07:45:00Z,2024-01-17T07:50:00Z,23.96,36.96,1933.6
72:a5:12:55:c5:00,2024-01-17T07:50:00Z,2024-01-17T07:55:00Z,25.23,37.29,1901.26
72:a5:12:55:c5:00,2024-01-17T07:55:00Z,2024-01-17T08:00:00Z,25.18,38.06,2006.92
72:a5:12:55:c5:00,2024-01-17T08:00:00Z,2024-01-17T08:05:00Z,24.68,39.87,1845.85
72:a5:12:55:c5:00,2024-01-17T08:05:00Z,2024-01-17T08:10:00Z,24.25,40.33,1802.05
72:a5:12:55:c5:00,2024-01-17T08:10:00Z,2024-01-17T08:15:00Z,25.17,39.58,1765.54
72:a5:12:55:c5:00,2024-01-17T08:15:00Z,2024-01-17T08:20:00Z,24.04,38.44,1777.76
72:a5:12:55:c5:00,2024-01-17T08:20:00Z,2024-01-17T08:25:00Z,24.9,35.68,1843.44
72:a5:12:55:c5:00,2024-01-17T08:25:00Z,2024-01-17T08:30:00Z,24.31,38.46,1777.67
72:a5:12:55:c5:00,2024-01-17T08:30:00Z,2024-01-17T08:35:00Z,23.97,37.66,1696.94
72:a5:12:55:c5:00,2024-01-17T08:35:00Z,2024-01-17T08:40:00Z,24.69,40.54,1755.59
72:a5:12:55:c5:00,2024-01-17T08:40:00Z,2024-01-17T08:45:00Z,24.58,41.43,1769.63
72:a5:12:55:c5:00,2024-01-17T08:45:00Z,2024-01-17T08:50:00Z,24.54,41.48,1672.37
72:a5:12:55:c5:00,2024-01-17T08:50:00Z,2024-01-17T08:55:00Z,24.38,41.12,1714.95
72:a5:12:55:c5:00,2024-01-17T08:55:00Z,2024-01-17T09:00:00Z,24.31,39.34,1798.07
72:a5:12:55:c5:00,2024-01-17T09:00:00Z,2024-01-17T09:05:00Z,24.97,40.47,1304.8
72:a5:12:55:c5:00,2024-01-17T09:05:00Z,2024-01-17T09:10:00Z,24.25,40.02,1339.19
72:a5:12:55:c5:00,2024-01-17T09:10:00Z,2024-01-17T09:15:00Z,23.97,38.5,1403.63
72:a5:12:55:c5:00,2024-01-17T09:15:00Z,2024-01-17T09:20:00Z,23.6,43.5,1435.43
72:a5:12:55:c5:00,2024-01-17T09:20:00Z,2024-01-17T09:25:00Z,24.14,41.17,1332.76
72:a5:12:55:c5:00,2024-01-17T09:25:00Z,2024-01-17T09:30:00Z,23.85,39.02,1406.61
72:a5:12:55:c5:00,2024-01-17T09:30:00Z,2024-01-17T09:35:00Z,23.55,39.86,1483.44
72:a5:12:55:c5:00,2024-01-17T09:35:00Z,2024-01-17T09:40:00Z,23.35,39.78,1418.33
72:a5:12:55:c5:00,2024-01-17T09:40:00Z,2024-01-17T09:45:00Z,23.49,41.6,1470.56
72:a5:12:55:c5:00,2024-01-17T09:45:00Z,2024-01-17T09:50:00Z,21.63,43.65,1378.69
72:a5:12:55:c5:00,2024-01-17T09:50:00Z,2024-01-17T09:55:00Z,23.66,40.82,1365.62
72:a5:12:55:c5:00,2024-01-17T09:55:00Z,2024-01-17T10:00:00Z,23.24,37.01,1465.15
72:a5:12:55:c5:00,2024-01-17T10:00:00Z,2024-01-17T10:05:00Z,23.46,43.62,1022.16
72:a5:12:55:c5:00,2024-01-17T10:05:00Z,2024-01-17T10:10:00Z,22.51,43.69,928.86
72:a5:12:55:c5:00,2024-01-17T10:10:00Z,2024-01-17T10:15:00Z,21.79,43.55,951.95
72:a5:12:55:c5:00,2024-01-17T10:15:00Z,2024-01-17T10:20:00Z,22.47,42.75,1093.87
72:a5:12:55:c5:00,2024-01-17T10:20:00Z,2024-01-17T10:25:00Z,21.87,44.43,944.53
72:a5:12:55:c5:00,2024-01-17T10:25:00Z,2024-01-17T10:30:00Z,22.78,44.13,1056.06
72:a5:12:55:c5:00,2024-01-17T10:30:00Z,2024-01-17T10:35:00Z,22.67,43.95,971.31
72:a5:12:55:c5:00,2024-01-17T10:35:00Z,2024-01-17T10:40:00Z,23.07,44.83,999.81
72:a5:12:55:c5:00,2024-01-17T10:40:00Z,2024-01-17T10:45:00Z,22.03,43.14,1017.68
72:a5:12:55:c5:00,2024-01-17T10:45:00Z,2024-01-17T10:50:00Z,22.52,43.03,873.94
72:a5:12:55:c5:00,2024-01-17T10:50:00Z,2024-01-17T10:55:00Z,21.68,46.76,912.24
72:a5:12:55:c5:00,2024-01-17T10:55:00Z,2024-01-17T11:00:00Z,22.92,45.12,1005.18
72:a5:12:55:c5:00,2024-01-17T11:00:00Z,2024-01-17T11:05:00Z,21.61,48.55,474.18
72:a5:12:55:c5:00,2024-01-17T11:05:00Z,2024-01-17T11:10:00Z,21.59,49.35,577.43
72:a5:12:55:c5:00,2024-01-17T11:10:00Z,2024-01-17T11:15:00Z,21.3,47.95,421.27
72:a5:12:55:c5:00,2024-01-17T11:15:00Z,2024-01-17T11:20:00Z,21.54,48.75,551.55
72:a5:12:55:c5:00,2024-01-17T11:20:00Z,2024-01-17T11:25:00Z,22.26,43.74,435.06
72:a5:12:55:c5:00,2024-01-17T11:25:00Z,2024-01-17T11:30:00Z,21.12,47.3,496.51
72:a5:12:55:c5:00,2024-01-17T11:30:00Z,2024-01-17T11:35:00Z,21.38,46.53,453.78
72:a5:12:55:c5:00,2024-01-17T11:35:00Z,2024-01-17T11:40:00Z,20.64,50.25,631.78
72:a5:12:55:c5:00,2024-01-17T11:40:00Z,2024-01-17T11:45:00Z,20.77,48.75,437.27
72:a5:12:55:c5:00,2024-01-17T11:45:00Z,2024-01-17T11:50:00Z,21.35,45.63,510.31
72:a5:12:55:c5:00,2024-01-17T11:50:00Z,2024-01-17T11:55:00Z,21.96,47.64,414.03
72:a5:12:55:c5:00,2024-01-17T11:55:00Z,2024-01-17T12:00:00Z,21.14,47.23,613.61
72:a5:12:55:c5:00,2024-01-17T12:00:00Z,2024-01-17T12:05:00Z,19.86,50.91,24.08
72:a5:12:55:c5:00,2024-01-17T12:05:00Z,2024-01-17T12:10:00Z,19.76,47.96,8.22
72:a5:12:55:c5:00,2024-01-17T12:10:00Z,2024-01-17T12:15:00Z,19.68,50.72,88.46
72:a5:12:55:c5:00,2024-01-17T12:15:00Z,2024-01-17T12:20:00Z,20.18,49.54,8.85
72:a5:12:55:c5:00,2024-01-17T12:20:00Z,2024-01-17T12:25:00Z,19.1,50.56,13.17
72:a5:12:55:c5:00,2024-01-17T12:25:00Z,2024-01-17T12:30:00Z,20.77,48.55,7.9
72:a5:12:55:c5:00,2024-01-17T12:30:00Z,2024-01-17T12:35:00Z,19.6,48.83,33.82
72:a5:12:55:c5:00,2024-01-17T12:35:00Z,2024-01-17T12:40:00Z,20.43,52.35,-29.55
72:a5:12:55:c5:00,2024-01-17T12:40:00Z,2024-01-17T12:45:00Z,19.24,47.9,-12.86
72:a5:12:55:c5:00,2024-01-17T12:45:00Z,2024-01-17T12:50:00Z,20.4,48.04,48.62
72:a5:12:55:c5:00,2024-01-17T12:50:00Z,2024-01-17T12:55:00Z,20.4,49.9,16.64
72:a5:12:55:c5:00,2024-01-17T12:55:00Z,2024-01-17T13:00:00Z,20.23,48.46,-6.85
72:a5:12:55:c5:00,2024-01-17T13:00:00Z,2024-01-17T13:05:00Z,18.11,51.34,-84.03
72:a5:12:55:c5:00,2024-01-17T13:05:00Z,2024-01-17T13:10:00Z,18.86,53.32,89.88
72:a5:12:55:c5:00,2024-01-17T13:10:00Z,2024-01-17T13:15:00Z,18.0,50.1,-39.69
72:a5:12:55:c5:00,2024-01-17T13:15:00Z,2024-01-17T13:20:00Z,18.55,51.09,59.23
72:a5:12:55:c5:00,2024-01-17T13:20:00Z,2024-01-17T13:25:00Z,19.32,57.21,10.55
72:a5:12:55:c5:00,2024-01-17T13:25:00Z,2024-01-17T13:30:00Z,19.18,54.02,-77.61
72:a5:12:55:c5:00,2024-01-17T13:30:00Z,2024-01-17T13:35:00Z,18.72,51.61,75.14
72:a5:12:55:c5:00,2024-01-17T13:35:00Z,2024-01-17T13:40:00Z,18.12,53.94,15.27
72:a5:12:55:c5:00,2024-01-17T13:40:00Z,2024-01-17T13:45:00Z,19.09,54.24,80.12
72:a5:12:55:c5:00,2024-01-17T13:45:00Z,2024-01-17T13:50:00Z,18.72,55.09,-10.94
72:a5:12:55:c5:00,2024-01-17T13:50:00Z,2024-01-17T13:55:00Z,17.31,52.85,42.24
72:a5:12:55:c5:00,2024-01-17T13:55:00Z,2024-01-17T14:00:00Z,19.18,55.06,-105.75
72:a5:12:55:c5:00,2024-01-17T14:00:00Z,2024-01-17T14:05:00Z,17.49,51.92,-30.01
72:a5:12:55:c5:00,2024-01-17T14:05:00Z,2024-01-17T14:10:00Z,18.22,53.89,-76.38
72:a5:12:55:c5:00,2024-01-17T14:10:00Z,2024-01-17T14:15:00Z,16.84,56.33,-22.49
72:a5:12:55:c5:00,2024-01-17T14:15:00Z,2024-01-17T14:20:00Z,15.59,56.66,28.31
72:a5:12:55:c5:00,2024-01-17T14:20:00Z,2024-01-17T14:25:00Z,17.67,54.18,-36.27
72:a5:12:55:c5:00,2024-01-17T14:25:00Z,2024-01-17T14:30:00Z,17.67,56.52,51.83
72:a5:12:55:c5:00,2024-01-17T14:30:00Z,2024-01-17T14:35:00Z,16.49,54.75,-51.4
72:a5:12:55:c5:00,2024-01-17T14:35:00Z,2024-01-17T14:40:00Z,16.91,55.45,53.11
72:a5:12:55:c5:00,2024-01-17T14:40:00Z,2024-01-17T14:45:00Z,19.15,58.05,78.59
72:a5:12:55:c5:00,2024-01-17T14:45:00Z,2024-01-17T14:50:00Z,17.32,57.82,60.81
72:a5:12:55:c5:00,2024-01-17T14:50:00Z,2024-01-17T14:55:00Z,17.94,54.01,-20.65
72:a5:12:55:c5:00,2024-01-17T14:55:00Z,2024-01-17T15:00:00Z,17.11,53.89,-127.53
72:a5:12:55:c5:00,2024-01-17T15:00:00Z,2024-01-17T15:05:00Z,15.21,57.66,34.93
72:a5:12:55:c5:00,2024-01-17T15:05:00Z,2024-01-17T15:10:00Z,16.36,58.43,-7.51
72:a5:12:55:c5:00,2024-01-17T15:10:00Z,2024-01-17T15:15:00Z,16.31,57.17,-58.7
72:a5:12:55:c5:00,2024-01-17T15:15:00Z,2024-01-17T15:20:00Z,16.22,60.57,-33.38
72:a5:12:55:c5:00,2024-01-17T15:20:00Z,2024-01-17T15:25:00Z,16.4,59.18,86.07
72:a5:12:55:c5:00,2024-01-17T15:25:00Z,2024-01-17T15:30:00Z,16.62,59.3,-68.24
72:a5:12:55:c5:00,2024-01-17T15:30:00Z,2024-01-17T15:35:00Z,16.37,55.95,28.1
72:a5:12:55:c5:00,2024-01-17T15:35:00Z,2024-01-17T15:40:00Z,15.71,60.82,13.08
72:a5:12:55:c5:00,2024-01-17T15:40:00Z,2024-01-17T15:45:00Z,16.76,52.84,-21.44
72:a5:12:55:c5:00,2024-01-17T15:45:00Z,2024-01-17T15:50:00Z,15.29,60.15,38.67
72:a5:12:55:c5:00,2024-01-17T15:50:00Z,2024-01-17T15:55:00Z,15.23,60.35,97.93
72:a5:12:55:c5:00,2024-01-17T15:55:00Z,2024-01-17T16:00:00Z,16.91,57.62,-17.76
72:a5:12:55:c5:00,2024-01-17T16:00:00Z,2024-01-17T16:05:00Z,15.97,62.94,-14.59
72:a5:12:55:c5:00,2024-01-17T16:05:00Z,2024-01-17T16:10:00Z,15.64,60.27,37.32
72:a5:12:55:c5:00,2024-01-17T16:10:00Z,2024-01-17T16:15:00Z,14.83,60.52,55.09
72:a5:12:55:c5:00,2024-01-17T16:15:00Z,2024-01-17T16:20:00Z,15.25,61.07,-7.66
72:a5:12:55:c5:00,2024-01-17T16:20:00Z,2024-01-17T16:25:00Z,15.51,66.77,-18.32
72:a5:12:55:c5:00,2024-01-17T16:25:00Z,2024-01-17T16:30:00Z,14.71,63.08,-133.06
72:a5:12:55:c5:00,2024-01-17T16:30:00Z,2024-01-17T16:35:00Z,15.23,61.79,-46.68
72:a5:12:55:c5:00,2024-01-17T16:35:00Z,2024-01-17T16:40:00Z,16.06,58.57,-68.36
72:a5:12:55:c5:00,2024-01-17T16:40:00Z,2024-01-17T16:45:00Z,16.53,60.68,41.08
72:a5:12:55:c5:00,2024-01-17T16:45:00Z,2024-01-17T16:50:00Z,15.42,58.77,-14.63
72:a5:12:55:c5:00,2024-01-17T16:50:00Z,2024-01-17T16:55:00Z,16.12,62.04,-16.98
72:a5:12:55:c5:00,2024-01-17T16:55:00Z,2024-01-17T17:00:00Z,14.52,60.67,-0.54
72:a5:12:55:c5:00,2024-01-17T17:00:00Z,2024-01-17T17:05:00Z,15.57,59.34,-52.21
72:a5:12:55:c5:00,2024-01-17T17:05:00Z,2024-01-17T17:10:00Z,14.69,61.75,93.19
72:a5:12:55:c5:00,2024-01-17T17:10:00Z,2024-01-17T17:15:00Z,15.35,59.89,77.89
72:a5:12:55:c5:00,2024-01-17T17:15:00Z,2024-01-17T17:20:00Z,15.02,61.89,97.09
72:a5:12:55:c5:00,2024-01-17T17:20:00Z,2024-01-17T17:25:00Z,15.96,59.87,41.01
72:a5:12:55:c5:00,2024-01-17T17:25:00Z,2024-01-17T17:30:00Z,14.65,61.65,-1.77
72:a5:12:55:c5:00,2024-01-17T17:30:00Z,2024-01-17T17:35:00Z,15.55,63.09,96.88
72:a5:12:55:c5:00,2024-01-17T17:35:00Z,2024-01-17T17:40:00Z,15.0,61.49,-40.86
72:a5:12:55:c5:00,2024-01-17T17:40:00Z,2024-01-17T17:45:00Z,15.08,60.81,-52.27
72:a5:12:55:c5:00,2024-01-17T17:45:00Z,2024-01-17T17:50:00Z,15.06,62.0,-36.09
72:a5:12:55:c5:00,2024-01-17T17:50:00Z,2024-01-17T17:55:00Z,14.66,62.99,31.37
72:a5:12:55:c5:00,2024-01-17T17:55:00Z,2024-01-17T18:00:00Z,15.16,59.38,-45.73
72:a5:12:55:c5:00,2024-01-17T18:00:00Z,2024-01-17T18:05:00Z,14.96,62.52,-9.32
72:a5:12:55:c5:00,2024-01-17T18:05:00Z,2024-01-17T18:10:00Z,15.14,64.64,-96.11
72:a5:12:55:c5:00,2024-01-17T18:10:00Z,2024-01-17T18:15:00Z,15.05,63.15,28.87
72:a5:12:55:c5:00,2024-01-17T18:15:00Z,2024-01-17T18:20:00Z,15.48,62.12,-91.03
72:a5:12:55:c5:00,2024-01-17T18:20:00Z,2024-01-17T18:25:00Z,15.55,63.28,-55.93
72:a5:12:55:c5:00,2024-01-17T18:25:00Z,2024-01-17T18:30:00Z,14.37,62.9,73.03
72:a5:12:55:c5:00,2024-01-17T18:30:00Z,2024-01-17T18:35:00Z,15.52,63.51,70.82
72:a5:12:55:c5:00,2024-01-17T18:35:00Z,2024-01-17T18:40:00Z,14.29,57.95,22.46
72:a5:12:55:c5:00,2024-01-17T18:40:00Z,2024-01-17T18:45:00Z,15.35,58.89,16.54
72:a5:12:55:c5:00,2024-01-17T18:45:00Z,2024-01-17T18:50:00Z,15.37,64.01,-31.86
72:a5:12:55:c5:00,2024-01-17T18:50:00Z,2024-01-17T18:55:00Z,13.85,58.99,-46.37
72:a5:12:55:c5:00,2024-01-17T18:55:00Z,2024-01-17T19:00:00Z,15.06,62.8,-21.73
72:a5:12:55:c5:00,2024-01-17T19:00:00Z,2024-01-17T19:05:00Z,14.89,60.89,-90.82
72:a5:12:55:c5:00,2024-01-17T19:05:00Z,2024-01-17T19:10:00Z,14.72,59.6,15.15
72:a5:12:55:c5:00,2024-01-17T19:10:00Z,2024-01-17T19:15:00Z,15.98,62.29,2.93
72:a5:12:55:c5:00,2024-01-17T19:15:00Z,2024-01-17T19:20:00Z,14.78,61.99,-56.01
72:a5:12:55:c5:00,2024-01-17T19:20:00Z,2024-01-17T19:25:00Z,14.69,65.81,94.12
72:a5:12:55:c5:00,2024-01-17T19:25:00Z,2024-01-17T19:30:00Z,15.22,60.34,36.41
72:a5:12:55:c5:00,2024-01-17T19:30:00Z,2024-01-17T19:35:00Z,15.58,64.47,41.51
72:a5:12:55:c5:00,2024-01-17T19:35:00Z,2024-01-17T19:40:00Z,15.09,62.3,-29.24
72:a5:12:55:c5:00,2024-01-17T19:40:00Z,2024-01-17T19:45:00Z,15.87,60.27,-0.08
72:a5:12:55:c5:00,2024-01-17T19:45:00Z,2024-01-17T19:50:00Z,15.49,63.19,37.64
72:a5:12:55:c5:00,2024-01-17T19:50:00Z,2024-01-17T19:55:00Z,13.86,62.72,9.17
72:a5:12:55:c5:00,2024-01-17T19:55:00Z,2024-01-17T20:00:00Z,14.85,61.66,96.11
72:a5:12:55:c5:00,2024-01-17T20:00:00Z,2024-01-17T20:05:00Z,15.33,60.92,-12.23
72:a5:12:55:c5:00,2024-01-17T20:05:00Z,2024-01-17T20:10:00Z,15.96,59.2,-30.27
72:a5:12:55:c5:00,2024-01-17T20:10:00Z,2024-01-17T20:15:00Z,14.09,58.74,38.06
72:a5:12:55:c5:00,2024-01-17T20:15:00Z,2024-01-17T20:20:00Z,17.2,61.91,-75.88
72:a5:12:55:c5:00,2024-01-17T20:20:00Z,2024-01-17T20:25:00Z,15.99,59.94,55.46
72:a5:12:55:c5:00,2024-01-17T20:25:00Z,2024-01-17T20:30:00Z,15.76,60.23,-78.04
72:a5:12:55:c5:00,2024-01-17T20:30:00Z,2024-01-17T20:35:00Z,16.38,60.95,38.32
72:a5:12:55:c5:00,2024-01-17T20:35:00Z,2024-01-17T20:40:00Z,17.08,60.92,-38.9
72:a5:12:55:c5:00,2024-01-17T20:40:00Z,2024-01-17T20:45:00Z,16.19,57.53,28.6
72:a5:12:55:c5:00,2024-01-17T20:45:00Z,2024-01-17T20:50:00Z,16.24,62.96,54.44
72:a5:12:55:c5:00,2024-01-17T20:50:00Z,2024-01-17T20:55:00Z,15.75,60.63,9.21
72:a5:12:55:c5:00,2024-01-17T20:55:00Z,2024-01-17T21:00:00Z,15.58,59.99,-71.98
72:a5:12:55:c5:00,2024-01-17T21:00:00Z,2024-01-17T21:05:00Z,16.18,59.35,-53.81
72:a5:12:55:c5:00,2024-01-17T21:05:00Z,2024-01-17T21:10:00Z,15.97,58.96,-43.72
72:a5:12:55:c5:00,2024-01-17T21:10:00Z,2024-01-17T21:15:00Z,16.05,60.02,-113.7
72:a5:12:55:c5:00,2024-01-17T21:15:00Z,2024-01-17T21:20:00Z,15.65,59.56,67.65
72:a5:12:55:c5:00,2024-01-17T21:20:00Z,2024-01-17T21:25:00Z,16.42,59.92,6.61
72:a5:12:55:c5:00,2024-01-17T21:25:00Z,2024-01-17T21:30:00Z,15.45,61.19,-68.13
72:a5:12:55:c5:00,2024-01-17T21:30:00Z,2024-01-17T21:35:00Z,16.58,60.25,87.34
72:a5:12:55:c5:00,2024-01-17T21:35:00Z,2024-01-17T21:40:00Z,16.44,58.16,-42.08
72:a5:12:55:c5:00,2024-01-17T21:40:00Z,2024-01-17T21:45:00Z,16.55,56.24,15.03
72:a5:12:55:c5:00,2024-01-17T21:45:00Z,2024-01-17T21:50:00Z,16.15,61.82,-49.52
72:a5:12:55:c5:00,2024-01-17T21:50:00Z,2024-01-17T21:55:00Z,18.31,58.01,-121.1
72:a5:12:55:c5:00,2024-01-17T21:55:00Z,2024-01-17T22:00:00Z,17.28,57.54,-81.87
72:a5:12:55:c5:00,2024-01-17T22:00:00Z,2024-01-17T22:05:00Z,16.75,52.53,-26.91
72:a5:12:55:c5:00,2024-01-17T22:05:00Z,2024-01-17T22:10:00Z,17.64,56.68,53.9
72:a5:12:55:c5:00,2024-01-17T22:10:00Z,2024-01-17T22:15:00Z,17.14,56.3,20.79
72:a5:12:55:c5:00,2024-01-17T22:15:00Z,2024-01-17T22:20:00Z,16.89,52.97,8.41
72:a5:12:55:c5:00,2024-01-17T22:20:00Z,2024-01-17T22:25:00Z,16.7,56.91,-120.6
72:a5:12:55:c5:00,2024-01-17T22:25:00Z,2024-01-17T22:30:00Z,17.76,55.0,76.21
72:a5:12:55:c5:00,2024-01-17T22:30:00Z,2024-01-17T22:35:00Z,17.09,61.38,13.42
72:a5:12:55:c5:00,2024-01-17T22:35:00Z,2024-01-17T22:40:00Z,18.08,54.86,-7.17
72:a5:12:55:c5:00,2024-01-17T22:40:00Z,2024-01-17T22:45:00Z,18.1,55.13,67.95
72:a5:12:55:c5:00,2024-01-17T22:45:00Z,2024-01-17T22:50:00Z,18.32,54.25,74.85
72:a5:12:55:c5:00,2024-01-17T22:50:00Z,2024-01-17T22:55:00Z,16.99,58.56,69.28
72:a5:12:55:c5:00,2024-01-17T22:55:00Z,2024-01-17T23:00:00Z,17.79,55.25,-14.83
72:a5:12:55:c5:00,2024-01-17T23:00:00Z,2024-01-17T23:05:00Z,19.09,51.66,-60.21
72:a5:12:55:c5:00,2024-01-17T23:05:00Z,2024-01-17T23:10:00Z,18.42,54.52,59.34
72:a5:12:55:c5:00,2024-01-17T23:10:00Z,2024-01-17T23:15:00Z,18.24,50.35,-81.9
72:a5:12:55:c5:00,2024-01-17T23:15:00Z,2024-01-17T23:20:00Z,19.67,54.36,116.84
72:a5:12:55:c5:00,2024-01-17T23:20:00Z,2024-01-17T23:25:00Z,18.84,56.67,1.68
72:a5:12:55:c5:00,2024-01-17T23:25:00Z,2024-01-17T23:30:00Z,19.09,54.24,-63.65
72:a5:12:55:c5:00,2024-01-17T23:30:00Z,2024-01-17T23:35:00Z,18.21,54.38,-73.91
72:a5:12:55:c5:00,2024-01-17T23:35:00Z,2024-01-17T23:40:00Z,17.97,54.85,-76.66
72:a5:12:55:c5:00,2024-01-17T23:40:00Z,2024-01-17T23:45:00Z,18.36,56.53,8.42
72:a5:12:55:c5:00,2024-01-17T23:45:00Z,2024-01-17T23:50:00Z,18.63,55.53,-0.38
72:a5:12:55:c5:00,2024-01-17T23:50:00Z,2024-01-17T23:55:00Z,18.07,53.99,-74.16
72:a5:12:55:c5:00,2024-01-17T23:55:00Z,2024-01-18T00:00:00Z,18.7,54.91,-21.39
72:a5:12:55:c5:00,2024-01-18T00:00:00Z,2024-01-18T00:05:00Z,18.99,48.23,-82.08
72:a5:12:55:c5:00,2024-01-18T00:05:00Z,2024-01-18T00:10:00Z,19.33,51.55,35.36
72:a5:12:55:c5:00,2024-01-18T00:10:00Z,2024-01-18T00:15:00Z,20.4,47.99,-3.28
72:a5:12:55:c5:00,2024-01-18T00:15:00Z,2024-01-18T00:20:00Z,20.36,49.27,-22.7
72:a5:12:55:c5:00,2024-01-18T00:20:00Z,2024-01-18T00:25:00Z,19.76,43.83,-77.29
72:a5:12:55:c5:00,2024-01-18T00:25:00Z,2024-01-18T00:30:00Z,19.39,50.8,-18.01
72:a5:12:55:c5:00,2024-01-18T00:30:00Z,2024-01-18T00:35:00Z,19.38,48.71,-24.88
72:a5:12:55:c5:00,2024-01-18T00:35:00Z,2024-01-18T00:40:00Z,19.78,52.22,19.06
72:a5:12:55:c5:00,2024-01-18T00:40:00Z,2024-01-18T00:45:00Z,20.39,50.78,10.02
72:a5:12:55:c5:00,2024-01-18T00:45:00Z,2024-01-18T00:50:00Z,20.56,52.25,47.52
72:a5:12:55:c5:00,2024-01-18T00:50:00Z,2024-01-18T00:55:00Z,19.7,47.83,-29.07
72:a5:12:55:c5:00,2024-01-18T00:55:00Z,2024-01-18T01:00:00Z,19.31,52.08,-111.62
72:a5:12:55:c5:00,2024-01-18T01:00:00Z,2024-01-18T01:05:00Z,21.45,51.11,577.1
72:a5:12:55:c5:00,2024-01-18T01:05:00Z,2024-01-18T01:10:00Z,20.8,48.42,461.48
72:a5:12:55:c5:00,2024-01-18T01:10:00Z,2024-01-18T01:15:00Z,20.98,48.47,451.22
72:a5:12:55:c5:00,2024-01-18T01:15:00Z,2024-01-18T01:20:00Z,22.09,47.23,515.05
72:a5:12:55:c5:00,2024-01-18T01:20:00Z,2024-01-18T01:25:00Z,21.79,45.84,535.77
72:a5:12:55:c5:00,2024-01-18T01:25:00Z,2024-01-18T01:30:00Z,21.39,48.42,485.79
72:a5:12:55:c5:00,2024-01-18T01:30:00Z,2024-01-18T01:35:00Z,20.53,43.88,485.32
72:a5:12:55:c5:00,2024-01-18T01:35:00Z,2024-01-18T01:40:00Z,21.42,46.06,494.18
72:a5:12:55:c5:00,2024-01-18T01:40:00Z,2024-01-18T01:45:00Z,21.93,43.35,602.63
72:a5:12:55:c5:00,2024-01-18T01:45:00Z,2024-01-18T01:50:00Z,21.07,45.49,517.48
72:a5:12:55:c5:00,2024-01-18T01:50:00Z,2024-01-18T01:55:00Z,22.1,48.18,459.56
72:a5:12:55:c5:00,2024-01-18T01:55:00Z,2024-01-18T02:00:00Z,22.07,47.9,460.17
72:a5:12:55:c5:00,2024-01-18T02:00:00Z,2024-01-18T02:05:00Z,23.5,44.1,984.95
72:a5:12:55:c5:00,2024-01-18T02:05:00Z,2024-01-18T02:10:00Z,22.68,44.34,1014.27
72:a5:12:55:c5:00,2024-01-18T02:10:00Z,2024-01-18T02:15:00Z,22.85,40.23,1029.04
72:a5:12:55:c5:00,2024-01-18T02:15:00Z,2024-01-18T02:20:00Z,23.35,43.25,1007.45
72:a5:12:55:c5:00,2024-01-18T02:20:00Z,2024-01-18T02:25:00Z,22.77,42.64,949.49
72:a5:12:55:c5:00,2024-01-18T02:25:00Z,2024-01-18T02:30:00Z,22.2,42.68,974.56
72:a5:12:55:c5:00,2024-01-18T02:30:00Z,2024-01-18T02:35:00Z,22.23,45.2,1044.03
72:a5:12:55:c5:00,2024-01-18T02:35:00Z,2024-01-18T02:40:00Z,22.64,42.28,931.23
72:a5:12:55:c5:00,2024-01-18T02:40:00Z,2024-01-18T02:45:00Z,21.73,42.79,972.05
72:a5:12:55:c5:00,2024-01-18T02:45:00Z,2024-01-18T02:50:00Z,22.41,39.83,1035.85
72:a5:12:55:c5:00,2024-01-18T02:50:00Z,2024-01-18T02:55:00Z,23.16,43.41,1052.52
72:a5:12:55:c5:00,2024-01-18T02:55:00Z,2024-01-18T03:00:00Z,21.19,41.82,988.43
72:a5:12:55:c5:00,2024-01-18T03:00:00Z,2024-01-18T03:05:00Z,24.46,41.67,1389.54
72:a5:12:55:c5:00,2024-01-18T03:05:00Z,2024-01-18T03:10:00Z,24.21,39.61,1334.89
72:a5:12:55:c5:00,2024-01-18T03:10:00Z,2024-01-18T03:15:00Z,23.26,41.72,1445.75
72:a5:12:55:c5:00,2024-01-18T03:15:00Z,2024-01-18T03:20:00Z,23.86,41.23,1493.34
72:a5:12:55:c5:00,2024-01-18T03:20:00Z,2024-01-18T03:25:00Z,23.54,44.86,1568.12
72:a5:12:55:c5:00,2024-01-18T03:25:00Z,2024-01-18T03:30:00Z,24.27,42.51,1437.4
72:a5:12:55:c5:00,2024-01-18T03:30:00Z,2024-01-18T03:35:00Z,24.13,37.84,1411.16
72:a5:12:55:c5:00,2024-01-18T03:35:00Z,2024-01-18T03:40:00Z,22.7,38.98,1359.02
72:a5:12:55:c5:00,2024-01-18T03:40:00Z,2024-01-18T03:45:00Z,23.89,41.63,1301.48
72:a5:12:55:c5:00,2024-01-18T03:45:00Z,2024-01-18T03:50:00Z,23.41,39.66,1424.83
72:a5:12:55:c5:00,2024-01-18T03:50:00Z,2024-01-18T03:55:00Z,23.59,35.58,1555.23
72:a5:12:55:c5:00,2024-01-18T03:55:00Z,2024-01-18T04:00:00Z,23.1,44.21,1490.46
72:a5:12:55:c5:00,2024-01-18T04:00:00Z,2024-01-18T04:05:00Z,25.38,41.05,1799.04
72:a5:12:55:c5:00,2024-01-18T04:05:00Z,2024-01-18T04:10:00Z,24.95,40.65,1746.79
72:a5:12:55:c5:00,2024-01-18T04:10:00Z,2024-01-18T04:15:00Z,23.89,38.39,1753.62
72:a5:12:55:c5:00,2024-01-18T04:15:00Z,2024-01-18T04:20:00Z,23.53,40.46,1586.63
72:a5:12:55:c5:00,2024-01-18T04:20:00Z,2024-01-18T04:25:00Z,24.1,38.2,1777.8
72:a5:12:55:c5:00,2024-01-18T04:25:00Z,2024-01-18T04:30:00Z,24.59,40.02,1697.29
72:a5:12:55:c5:00,2024-01-18T04:30:00Z,2024-01-18T04:35:00Z,24.47,37.77,1689.95
72:a5:12:55:c5:00,2024-01-18T04:35:00Z,2024-01-18T04:40:00Z,25.08,42.64,1712.66
72:a5:12:55:c5:00,2024-01-18T04:40:00Z,2024-01-18T04:45:00Z,24.8,36.47,1710.63
72:a5:12:55:c5:00,2024-01-18T04:45:00Z,2024-01-18T04:50:00Z,24.91,42.07,1688.99
72:a5:12:55:c5:00,2024-01-18T04:50:00Z,2024-01-18T04:55:00Z,24.53,39.69,1732.88
72:a5:12:55:c5:00,2024-01-18T04:55:00Z,2024-01-18T05:00:00Z,23.5,38.63,1698.55
72:a5:12:55:c5:00,2024-01-18T05:00:00Z,2024-01-18T05:05:00Z,24.71,38.74,1937.87
72:a5:12:55:c5:00,2024-01-18T05:05:00Z,2024-01-18T05:10:00Z,25.47,39.88,1842.62
72:a5:12:55:c5:00,2024-01-18T05:10:00Z,2024-01-18T05:15:00Z,24.8,41.14,1919.01
72:a5:12:55:c5:00,2024-01-18T05:15:00Z,2024-01-18T05:20:00Z,25.13,39.04,1866.07
72:a5:12:55:c5:00,2024-01-18T05:20:00Z,2024-01-18T05:25:00Z,24.64,36.63,1893.36
72:a5:12:55:c5:00,2024-01-18T05:25:00Z,2024-01-18T05:30:00Z,24.21,38.52,1940.46
72:a5:12:55:c5:00,2024-01-18T05:30:00Z,2024-01-18T05:35:00Z,24.76,42.04,1835.61
72:a5:12:55:c5:00,2024-01-18T05:35:00Z,2024-01-18T05:40:00Z,25.02,41.1,1882.51
72:a5:12:55:c5:00,2024-01-18T05:40:00Z,2024-01-18T05:45:00Z,24.44,40.23,1965.99
72:a5:12:55:c5:00,2024-01-18T05:45:00Z,2024-01-18T05:50:00Z,24.69,40.0,1847.06
72:a5:12:55:c5:00,2024-01-18T05:50:00Z,2024-01-18T05:55:00Z,24.27,39.81,2038.52
72:a5:12:55:c5:00,2024-01-18T05:55:00Z,2024-01-18T06:00:00Z,25.5,40.73,2004.12
72:a5:12:55:c5:00,2024-01-18T06:00:00Z,2024-01-18T06:05:00Z,24.82,37.09,1970.33
72:a5:12:55:c5:00,2024-01-18T06:05:00Z,2024-01-18T06:10:00Z,25.87,35.29,1952.77
72:a5:12:55:c5:00,2024-01-18T06:10:00Z,2024-01-18T06:15:00Z,25.92,38.14,2012.12
72:a5:12:55:c5:00,2024-01-18T06:15:00Z,2024-01-18T06:20:00Z,24.95,36.36,1913.15
72:a5:12:55:c5:00,2024-01-18T06:20:00Z,2024-01-18T06:25:00Z,24.39,35.89,1879.87
72:a5:12:55:c5:00,2024-01-18T06:25:00Z,2024-01-18T06:30:00Z,23.75,36.56,1972.44
72:a5:12:55:c5:00,2024-01-18T06:30:00Z,2024-01-18T06:35:00Z,24.12,42.97,1991.96
72:a5:12:55:c5:00,2024-01-18T06:35:00Z,2024-01-18T06:40:00Z,24.18,38.27,2005.67
72:a5:12:55:c5:00,2024-01-18T06:40:00Z,2024-01-18T06:45:00Z,25.83,38.72,1963.12
72:a5:12:55:c5:00,2024-01-18T06:45:00Z,2024-01-18T06:50:00Z,25.07,35.56,2076.44
72:a5:12:55:c5:00,2024-01-18T06:50:00Z,2024-01-18T06:55:00Z,25.23,34.31,1910.29
72:a5:12:55:c5:00,2024-01-18T06:55:00Z,2024-01-18T07:00:00Z,23.67,36.36,1931.7
72:a5:12:55:c5:00,2024-01-18T07:00:00Z,2024-01-18T07:05:00Z,24.11,41.29,1961.05
72:a5:12:55:c5:00,2024-01-18T07:05:00Z,2024-01-18T07:10:00Z,25.36,39.08,1862.15
72:a5:12:55:c5:00,2024-01-18T07:10:00Z,2024-01-18T07:15:00Z,25.0,39.61,1859.83
72:a5:12:55:c5:00,2024-01-18T07:15:00Z,2024-01-18T07:20:00Z,24.74,39.89,1939.25
72:a5:12:55:c5:00,2024-01-18T07:20:00Z,2024-01-18T07:25:00Z,25.17,37.23,1868.64
72:a5:12:55:c5:00,2024-01-18T07:25:00Z,2024-01-18T07:30:00Z,25.81,41.18,1923.87
72:a5:12:55:c5:00,2024-01-18T07:30:00Z,2024-01-18T07:35:00Z,24.7,37.14,1889.86
72:a5:12:55:c5:00,2024-01-18T07:35:00Z,2024-01-18T07:40:00Z,24.87,41.22,1880.15
72:a5:12:55:c5:00,2024-01-18T07:40:00Z,2024-01-18T07:45:00Z,24.95,39.29,1805.71
72:a5:12:55:c5:00,2024-01-18T07:45:00Z,2024-01-18T07:50:00Z,26.26,34.83,1940.23
72:a5:12:55:c5:00,2024-01-18T07:50:00Z,2024-01-18T07:55:00Z,23.57,36.91,1857.02
72:a5:12:55:c5:00,2024-01-18T07:55:00Z,2024-01-18T08:00:00Z,25.24,34.84,1921.76
72:a5:12:55:c5:00,2024-01-18T08:00:00Z,2024-01-18T08:05:00Z,24.26,41.93,1701.32
72:a5:12:55:c5:00,2024-01-18T08:05:00Z,2024-01-18T08:10:00Z,24.67,39.56,1719.66
72:a5:12:55:c5:00,2024-01-18T08:10:00Z,2024-01-18T08:15:00Z,23.94,35.15,1723.07
72:a5:12:55:c5:00,2024-01-18T08:15:00Z,2024-01-18T08:20:00Z,24.3,40.36,1743.67
72:a5:12:55:c5:00,2024-01-18T08:20:00Z,2024-01-18T08:25:00Z,24.76,38.53,1688.39
72:a5:12:55:c5:00,2024-01-18T08:25:00Z,2024-01-18T08:30:00Z,26.2,36.64,1806.61
72:a5:12:55:c5:00,2024-01-18T08:30:00Z,2024-01-18T08:35:00Z,24.81,42.96,1621.21
72:a5:12:55:c5:00,2024-01-18T08:35:00Z,2024-01-18T08:40:00Z,23.82,39.82,1718.46
72:a5:12:55:c5:00,2024-01-18T08:40:00Z,2024-01-18T08:45:00Z,24.08,39.02,1782.22
72:a5:12:55:c5:00,2024-01-18T08:45:00Z,2024-01-18T08:50:00Z,24.06,38.81,1760.66
72:a5:12:55:c5:00,2024-01-18T08:50:00Z,2024-01-18T08:55:00Z,23.25,36.58,1673.56
72:a5:12:55:c5:00,2024-01-18T08:55:00Z,2024-01-18T09:00:00Z,24.13,37.0,1683.56
72:a5:12:55:c5:00,2024-01-18T09:00:00Z,2024-01-18T09:05:00Z,23.98,44.08,1353.81
72:a5:12:55:c5:00,2024-01-18T09:05:00Z,2024-01-18T09:10:00Z,22.77,40.57,1450.17
72:a5:12:55:c5:00,2024-01-18T09:10:00Z,2024-01-18T09:15:00Z,24.16,41.56,1369.82
72:a5:12:55:c5:00,2024-01-18T09:15:00Z,2024-01-18T09:20:00Z,23.83,37.43,1429.52
72:a5:12:55:c5:00,2024-01-18T09:20:00Z,2024-01-18T09:25:00Z,23.09,38.88,1430.07
72:a5:12:55:c5:00,2024-01-18T09:25:00Z,2024-01-18T09:30:00Z,23.45,42.73,1556.32
72:a5:12:55:c5:00,2024-01-18T09:30:00Z,2024-01-18T09:35:00Z,24.49,42.27,1433.01
72:a5:12:55:c5:00,2024-01-18T09:35:00Z,2024-01-18T09:40:00Z,23.98,45.02,1365.54
72:a5:12:55:c5:00,2024-01-18T09:40:00Z,2024-01-18T09:45:00Z,23.54,44.2,1326.6
72:a5:12:55:c5:00,2024-01-18T09:45:00Z,2024-01-18T09:50:00Z,23.39,41.05,1397.66
72:a5:12:55:c5:00,2024-01-18T09:50:00Z,2024-01-18T09:55:00Z,23.58,42.46,1407.07
72:a5:12:55:c5:00,2024-01-18T09:55:00Z,2024-01-18T10:00:00Z,23.23,40.88,1281.57
72:a5:12:55:c5:00,2024-01-18T10:00:00Z,2024-01-18T10:05:00Z,21.24,48.11,957.17
72:a5:12:55:c5:00,2024-01-18T10:05:00Z,2024-01-18T10:10:00Z,23.73,46.3,1017.84
72:a5:12:55:c5:00,2024-01-18T10:10:00Z,2024-01-18T10:15:00Z,22.59,44.34,968.06
72:a5:12:55:c5:00,2024-01-18T10:15:00Z,2024-01-18T10:20:00Z,22.74,44.4,1058.12
72:a5:12:55:c5:00,2024-01-18T10:20:00Z,2024-01-18T10:25:00Z,22.47,46.89,906.5
72:a5:12:55:c5:00,2024-01-18T10:25:00Z,2024-01-18T10:30:00Z,22.06,45.16,1040.61
72:a5:12:55:c5:00,2024-01-18T10:30:00Z,2024-01-18T10:35:00Z,22.39,47.12,1054.83
72:a5:12:55:c5:00,2024-01-18T10:35:00Z,2024-01-18T10:40:00Z,21.54,39.61,1057.39
72:a5:12:55:c5:00,2024-01-18T10:40:00Z,2024-01-18T10:45:00Z,23.87,44.92,906.05
72:a5:12:55:c5:00,2024-01-18T10:45:00Z,2024-01-18T10:50:00Z,21.76,42.97,1018.87
72:a5:12:55:c5:00,2024-01-18T10:50:00Z,2024-01-18T10:55:00Z,21.88,47.51,959.87
72:a5:12:55:c5:00,2024-01-18T10:55:00Z,2024-01-18T11:00:00Z,22.24,47.09,915.63
72:a5:12:55:c5:00,2024-01-18T11:00:00Z,2024-01-18T11:05:00Z,22.07,46.96,492.81
72:a5:12:55:c5:00,2024-01-18T11:05:00Z,2024-01-18T11:10:00Z,21.3,49.97,463.34
72:a5:12:55:c5:00,2024-01-18T11:10:00Z,2024-01-18T11:15:00Z,20.55,50.46,572.88
72:a5:12:55:c5:00,2024-01-18T11:15:00Z,2024-01-18T11:20:00Z,22.05,47.04,548.42
72:a5:12:55:c5:00,2024-01-18T11:20:00Z,2024-01-18T11:25:00Z,21.73,51.84,448.49
72:a5:12:55:c5:00,2024-01-18T11:25:00Z,2024-01-18T11:30:00Z,21.62,46.83,474.18
72:a5:12:55:c5:00,2024-01-18T11:30:00Z,2024-01-18T11:35:00Z,21.72,46.47,494.8
72:a5:12:55:c5:00,2024-01-18T11:35:00Z,2024-01-18T11:40:00Z,22.73,48.63,513.29
72:a5:12:55:c5:00,2024-01-18T11:40:00Z,2024-01-18T11:45:00Z,22.61,46.19,578.02
72:a5:12:55:c5:00,2024-01-18T11:45:00Z,2024-01-18T11:50:00Z,20.88,47.06,559.09
72:a5:12:55:c5:00,2024-01-18T11:50:00Z,2024-01-18T11:55:00Z,22.27,49.71,520.72
72:a5:12:55:c5:00,2024-01-18T11:55:00Z,2024-01-18T12:00:00Z,21.52,46.93,502.0
72:a5:12:55:c5:00,2024-01-18T12:00:00Z,2024-01-18T12:05:00Z,20.3,46.61,-106.4
72:a5:12:55:c5:00,2024-01-18T12:05:00Z,2024-01-18T12:10:00Z,18.98,50.73,77.52
72:a5:12:55:c5:00,2024-01-18T12:10:00Z,2024-01-18T12:15:00Z,19.9,48.61,-26.83
72:a5:12:55:c5:00,2024-01-18T12:15:00Z,2024-01-18T12:20:00Z,19.51,51.73,93.29
72:a5:12:55:c5:00,2024-01-18T12:20:00Z,2024-01-18T12:25:00Z,20.5,51.39,11.77
72:a5:12:55:c5:00,2024-01-18T12:25:00Z,2024-01-18T12:30:00Z,20.64,52.94,121.52
72:a5:12:55:c5:00,2024-01-18T12:30:00Z,2024-01-18T12:35:00Z,18.76,51.82,36.38
72:a5:12:55:c5:00,2024-01-18T12:35:00Z,2024-01-18T12:40:00Z,19.99,52.18,-85.92
72:a5:12:55:c5:00,2024-01-18T12:40:00Z,2024-01-18T12:45:00Z,20.67,48.66,-36.86
72:a5:12:55:c5:00,2024-01-18T12:45:00Z,2024-01-18T12:50:00Z,19.89,51.61,-10.15
72:a5:12:55:c5:00,2024-01-18T12:50:00Z,2024-01-18T12:55:00Z,20.44,53.94,-52.43
72:a5:12:55:c5:00,2024-01-18T12:55:00Z,2024-01-18T13:00:00Z,20.21,48.62,-22.62
72:a5:12:55:c5:00,2024-01-18T13:00:00Z,2024-01-18T13:05:00Z,18.91,56.71,-82.02
72:a5:12:55:c5:00,2024-01-18T13:05:00Z,2024-01-18T13:10:00Z,18.54,52.01,0.34
72:a5:12:55:c5:00,2024-01-18T13:10:00Z,2024-01-18T13:15:00Z,17.98,51.4,14.24
72:a5:12:55:c5:00,2024-01-18T13:15:00Z,2024-01-18T13:20:00Z,18.03,53.7,-60.25
72:a5:12:55:c5:00,2024-01-18T13:20:00Z,2024-01-18T13:25:00Z,19.13,54.54,116.42
72:a5:12:55:c5:00,2024-01-18T13:25:00Z,2024-01-18T13:30:00Z,18.72,54.93,3.81
72:a5:12:55:c5:00,2024-01-18T13:30:00Z,2024-01-18T13:35:00Z,18.62,51.18,-49.0
72:a5:12:55:c5:00,2024-01-18T13:35:00Z,2024-01-18T13:40:00Z,18.45,53.97,-97.77
72:a5:12:55:c5:00,2024-01-18T13:40:00Z,2024-01-18T13:45:00Z,18.52,51.73,3.6
72:a5:12:55:c5:00,2024-01-18T13:45:00Z,2024-01-18T13:50:00Z,19.33,50.13,-15.63
72:a5:12:55:c5:00,2024-01-18T13:50:00Z,2024-01-18T13:55:00Z,18.5,51.25,46.98
72:a5:12:55:c5:00,2024-01-18T13:55:00Z,2024-01-18T14:00:00Z,17.9,51.6,-8.6
72:a5:12:55:c5:00,2024-01-18T14:00:00Z,2024-01-18T14:05:00Z,17.95,57.04,-71.62
72:a5:12:55:c5:00,2024-01-18T14:05:00Z,2024-01-18T14:10:00Z,17.38,58.3,100.24
72:a5:12:55:c5:00,2024-01-18T14:10:00Z,2024-01-18T14:15:00Z,17.52,53.05,26.14
72:a5:12:55:c5:00,2024-01-18T14:15:00Z,2024-01-18T14:20:00Z,18.46,56.7,-15.25
72:a5:12:55:c5:00,2024-01-18T14:20:00Z,2024-01-18T14:25:00Z,17.49,53.65,9.88
72:a5:12:55:c5:00,2024-01-18T14:25:00Z,2024-01-18T14:30:00Z,17.67,57.26,28.44
72:a5:12:55:c5:00,2024-01-18T14:30:00Z,2024-01-18T14:35:00Z,16.79,54.75,-85.73
72:a5:12:55:c5:00,2024-01-18T14:35:00Z,2024-01-18T14:40:00Z,17.37,53.9,9.46
72:a5:12:55:c5:00,2024-01-18T14:40:00Z,2024-01-18T14:45:00Z,17.87,57.6,-27.01
72:a5:12:55:c5:00,2024-01-18T14:45:00Z,2024-01-18T14:50:00Z,16.57,54.83,30.44
72:a5:12:55:c5:00,2024-01-18T14:50:00Z,2024-01-18T14:55:00Z,17.62,55.37,-44.41
72:a5:12:55:c5:00,2024-01-18T14:55:00Z,2024-01-18T15:00:00Z,17.56,51.56,-36.28
72:a5:12:55:c5:00,2024-01-18T15:00:00Z,2024-01-18T15:05:00Z,16.49,60.38,99.77
72:a5:12:55:c5:00,2024-01-18T15:05:00Z,2024-01-18T15:10:00Z,17.09,60.13,73.85
72:a5:12:55:c5:00,2024-01-18T15:10:00Z,2024-01-18T15:15:00Z,16.67,58.5,-197.73
72:a5:12:55:c5:00,2024-01-18T15:15:00Z,2024-01-18T15:20:00Z,17.35,55.43,69.41
72:a5:12:55:c5:00,2024-01-18T15:20:00Z,2024-01-18T15:25:00Z,15.87,60.9,-4.42
72:a5:12:55:c5:00,2024-01-18T15:25:00Z,2024-01-18T15:30:00Z,16.55,57.15,-42.49
72:a5:12:55:c5:00,2024-01-18T15:30:00Z,2024-01-18T15:35:00Z,16.52,57.58,-60.43
72:a5:12:55:c5:00,2024-01-18T15:35:00Z,2024-01-18T15:40:00Z,15.82,63.11,-56.95
72:a5:12:55:c5:00,2024-01-18T15:40:00Z,2024-01-18T15:45:00Z,17.04,57.08,-40.8
72:a5:12:55:c5:00,2024-01-18T15:45:00Z,2024-01-18T15:50:00Z,17.86,59.97,-67.63
72:a5:12:55:c5:00,2024-01-18T15:50:00Z,2024-01-18T15:55:00Z,16.45,59.61,-81.28
72:a5:12:55:c5:00,2024-01-18T15:55:00Z,2024-01-18T16:00:00Z,16.77,59.27,-62.42
72:a5:12:55:c5:00,2024-01-18T16:00:00Z,2024-01-18T16:05:00Z,15.72,60.96,19.4
72:a5:12:55:c5:00,2024-01-18T16:05:00Z,2024-01-18T16:10:00Z,15.24,61.15,3.01
72:a5:12:55:c5:00,2024-01-18T16:10:00Z,2024-01-18T16:15:00Z,14.58,60.94,33.35
72:a5:12:55:c5:00,2024-01-18T16:15:00Z,2024-01-18T16:20:00Z,15.25,60.29,-3.98
72:a5:12:55:c5:00,2024-01-18T16:20:00Z,2024-01-18T16:25:00Z,14.83,63.41,-78.4
72:a5:12:55:c5:00,2024-01-18T16:25:00Z,2024-01-18T16:30:00Z,16.69,57.77,29.67
72:a5:12:55:c5:00,2024-01-18T16:30:00Z,2024-01-18T16:35:00Z,15.6,62.44,-60.28
72:a5:12:55:c5:00,2024-01-18T16:35:00Z,2024-01-18T16:40:00Z,15.46,62.04,38.8
72:a5:12:55:c5:00,2024-01-18T16:40:00Z,2024-01-18T16:45:00Z,16.2,61.79,-69.96
72:a5:12:55:c5:00,2024-01-18T16:45:00Z,2024-01-18T16:50:00Z,15.0,62.63,-41.25
72:a5:12:55:c5:00,2024-01-18T16:50:00Z,2024-01-18T16:55:00Z,15.21,60.21,-21.68
72:a5:12:55:c5:00,2024-01-18T16:55:00Z,2024-01-18T17:00:00Z,15.71,56.65,40.46
72:a5:12:55:c5:00,2024-01-18T17:00:00Z,2024-01-18T17:05:00Z,15.79,61.45,10.56
72:a5:12:55:c5:00,2024-01-18T17:05:00Z,2024-01-18T17:10:00Z,15.47,59.61,1.2
72:a5:12:55:c5:00,2024-01-18T17:10:00Z,2024-01-18T17:15:00Z,15.32,60.13,113.14
72:a5:12:55:c5:00,2024-01-18T17:15:00Z,2024-01-18T17:20:00Z,15.22,59.11,-110.22
72:a5:12:55:c5:00,2024-01-18T17:20:00Z,2024-01-18T17:25:00Z,15.41,60.64,-62.3
72:a5:12:55:c5:00,2024-01-18T17:25:00Z,2024-01-18T17:30:00Z,15.29,60.4,-64.87
72:a5:12:55:c5:00,2024-01-18T17:30:00Z,2024-01-18T17:35:00Z,14.55,56.84,-106.24
72:a5:12:55:c5:00,2024-01-18T17:35:00Z,2024-01-18T17:40:00Z,15.2,62.99,-43.17
72:a5:12:55:c5:00,2024-01-18T17:40:00Z,2024-01-18T17:45:00Z,14.53,66.03,41.27
72:a5:12:55:c5:00,2024-01-18T17:45:00Z,2024-01-18T17:50:00Z,15.22,62.8,-35.5
72:a5:12:55:c5:00,2024-01-18T17:50:00Z,2024-01-18T17:55:00Z,14.88,61.19,-19.98
72:a5:12:55:c5:00,2024-01-18T17:55:00Z,2024-01-18T18:00:00Z,16.69,61.48,-103.35
72:a5:12:55:c5:00,2024-01-18T18:00:00Z,2024-01-18T18:05:00Z,14.98,61.16,-47.79
72:a5:12:55:c5:00,2024-01-18T18:05:00Z,2024-01-18T18:10:00Z,14.16,62.18,-27.7
72:a5:12:55:c5:00,2024-01-18T18:10:00Z,2024-01-18T18:15:00Z,14.92,61.93,38.54
72:a5:12:55:c5:00,2024-01-18T18:15:00Z,2024-01-18T18:20:00Z,15.31,60.32,-100.49
72:a5:12:55:c5:00,2024-01-18T18:20:00Z,2024-01-18T18:25:00Z,16.0,65.37,-27.3
72:a5:12:55:c5:00,2024-01-18T18:25:00Z,2024-01-18T18:30:00Z,14.65,59.03,65.21
72:a5:12:55:c5:00,2024-01-18T18:30:00Z,2024-01-18T18:35:00Z,14.05,63.44,-26.7
72:a5:12:55:c5:00,2024-01-18T18:35:00Z,2024-01-18T18:40:00Z,15.49,61.8,-126.93
72:a5:12:55:c5:00,2024-01-18T18:40:00Z,2024-01-18T18:45:00Z,14.17,65.8,76.75
72:a5:12:55:c5:00,2024-01-18T18:45:00Z,2024-01-18T18:50:00Z,14.74,62.68,44.09
72:a5:12:55:c5:00,2024-01-18T18:50:00Z,2024-01-18T18:55:00Z,14.85,61.28,52.16
72:a5:12:55:c5:00,2024-01-18T18:55:00Z,2024-01-18T19:00:00Z,14.96,61.5,-104.63
72:a5:12:55:c5:00,2024-01-18T19:00:00Z,2024-01-18T19:05:00Z,15.58,61.67,90.75
72:a5:12:55:c5:00,2024-01-18T19:05:00Z,2024-01-18T19:10:00Z,14.76,59.31,-46.4
72:a5:12:55:c5:00,2024-01-18T19:10:00Z,2024-01-18T19:15:00Z,15.01,60.06,-30.57
72:a5:12:55:c5:00,2024-01-18T19:15:00Z,2024-01-18T19:20:00Z,15.16,58.02,-42.17
72:a5:12:55:c5:00,2024-01-18T19:20:00Z,2024-01-18T19:25:00Z,15.26,59.75,56.82
72:a5:12:55:c5:00,2024-01-18T19:25:00Z,2024-01-18T19:30:00Z,15.23,61.78,-10.79
72:a5:12:55:c5:00,2024-01-18T19:30:00Z,2024-01-18T19:35:00Z,15.43,62.19,28.9
72:a5:12:55:c5:00,2024-01-18T19:35:00Z,2024-01-18T19:40:00Z,15.68,57.63,4.55
72:a5:12:55:c5:00,2024-01-18T19:40:00Z,2024-01-18T19:45:00Z,15.41,61.32,-5.7
72:a5:12:55:c5:00,2024-01-18T19:45:00Z,2024-01-18T19:50:00Z,15.44,62.72,-56.81
72:a5:12:55:c5:00,2024-01-18T19:50:00Z,2024-01-18T19:55:00Z,14.22,61.27,108.73
72:a5:12:55:c5:00,2024-01-18T19:55:00Z,2024-01-18T20:00:00Z,15.2,60.32,-87.8
72:a5:12:55:c5:00,2024-01-18T20:00:00Z,2024-01-18T20:05:00Z,15.96,59.57,24.74
72:a5:12:55:c5:00,2024-01-18T20:05:00Z,2024-01-18T20:10:00Z,16.11,59.31,22.6
72:a5:12:55:c5:00,2024-01-18T20:10:00Z,2024-01-18T20:15:00Z,15.25,59.12,69.26
72:a5:12:55:c5:00,2024-01-18T20:15:00Z,2024-01-18T20:20:00Z,15.27,60.74,83.29
72:a5:12:55:c5:00,2024-01-18T20:20:00Z,2024-01-18T20:25:00Z,15.33,65.01,-8.24
72:a5:12:55:c5:00,2024-01-18T20:25:00Z,2024-01-18T20:30:00Z,15.99,58.9,31.82
72:a5:12:55:c5:00,2024-01-18T20:30:00Z,2024-01-18T20:35:00Z,16.29,59.76,105.89
72:a5:12:55:c5:00,2024-01-18T20:35:00Z,2024-01-18T20:40:00Z,15.43,60.29,-3.91
72:a5:12:55:c5:00,2024-01-18T20:40:00Z,2024-01-18T20:45:00Z,16.21,59.02,-63.99
72:a5:12:55:c5:00,2024-01-18T20:45:00Z,2024-01-18T20:50:00Z,15.74,62.59,-23.07
72:a5:12:55:c5:00,2024-01-18T20:50:00Z,2024-01-18T20:55:00Z,15.6,55.65,-78.28
72:a5:12:55:c5:00,2024-01-18T20:55:00Z,2024-01-18T21:00:00Z,15.54,59.33,22.31
72:a5:12:55:c5:00,2024-01-18T21:00:00Z,2024-01-18T21:05:00Z,16.91,60.12,63.87
72:a5:12:55:c5:00,2024-01-18T21:05:00Z,2024-01-18T21:10:00Z,16.66,57.9,-7.26
72:a5:12:55:c5:00,2024-01-18T21:10:00Z,2024-01-18T21:15:00Z,17.83,56.84,-97.26
72:a5:12:55:c5:00,2024-01-18T21:15:00Z,2024-01-18T21:20:00Z,15.95,59.37,61.3
72:a5:12:55:c5:00,2024-01-18T21:20:00Z,2024-01-18T21:25:00Z,16.78,60.3,-106.58
72:a5:12:55:c5:00,2024-01-18T21:25:00Z,2024-01-18T21:30:00Z,16.15,58.91,-92.76
72:a5:12:55:c5:00,2024-01-18T21:30:00Z,2024-01-18T21:35:00Z,15.94,56.88,-10.7
72:a5:12:55:c5:00,2024-01-18T21:35:00Z,2024-01-18T21:40:00Z,16.46,59.4,15.11
72:a5:12:55:c5:00,2024-01-18T21:40:00Z,2024-01-18T21:45:00Z,16.55,57.68,25.33
72:a5:12:55:c5:00,2024-01-18T21:45:00Z,2024-01-18T21:50:00Z,18.22,59.98,-3.97
72:a5:12:55:c5:00,2024-01-18T21:50:00Z,2024-01-18T21:55:00Z,16.35,61.45,105.6
72:a5:12:55:c5:00,2024-01-18T21:55:00Z,2024-01-18T22:00:00Z,15.79,53.27,3.91
72:a5:12:55:c5:00,2024-01-18T22:00:00Z,2024-01-18T22:05:00Z,17.66,56.22,62.08
72:a5:12:55:c5:00,2024-01-18T22:05:00Z,2024-01-18T22:10:00Z,16.26,52.53,47.22
72:a5:12:55:c5:00,2024-01-18T22:10:00Z,2024-01-18T22:15:00Z,17.44,60.88,-77.57
72:a5:12:55:c5:00,2024-01-18T22:15:00Z,2024-01-18T22:20:00Z,17.51,55.06,-10.18
72:a5:12:55:c5:00,2024-01-18T22:20:00Z,2024-01-18T22:25:00Z,17.98,57.49,127.4
72:a5:12:55:c5:00,2024-01-18T22:25:00Z,2024-01-18T22:30:00Z,18.08,55.93,-30.26
72:a5:12:55:c5:00,2024-01-18T22:30:00Z,2024-01-18T22:35:00Z,17.2,54.39,-40.48
72:a5:12:55:c5:00,2024-01-18T22:35:00Z,2024-01-18T22:40:00Z,17.41,54.16,10.23
72:a5:12:55:c5:00,2024-01-18T22:40:00Z,2024-01-18T22:45:00Z,17.04,59.17,-28.11
72:a5:12:55:c5:00,2024-01-18T22:45:00Z,2024-01-18T22:50:00Z,16.82,57.91,-47.62
72:a5:12:55:c5:00,2024-01-18T22:50:00Z,2024-01-18T22:55:00Z,17.69,59.89,-29.0
72:a5:12:55:c5:00,2024-01-18T22:55:00Z,2024-01-18T23:00:00Z,16.74,56.11,85.92
72:a5:12:55:c5:00,2024-01-18T23:00:00Z,2024-01-18T23:05:00Z,18.46,53.68,-8.2
72:a5:12:55:c5:00,2024-01-18T23:05:00Z,2024-01-18T23:10:00Z,18.11,52.57,-79.68
72:a5:12:55:c5:00,2024-01-18T23:10:00Z,2024-01-18T23:15:00Z,19.04,52.53,-90.7
72:a5:12:55:c5:00,2024-01-18T23:15:00Z,2024-01-18T23:20:00Z,19.79,51.02,132.41
72:a5:12:55:c5:00,2024-01-18T23:20:00Z,2024-01-18T23:25:00Z,17.92,53.27,-13.4
72:a5:12:55:c5:00,2024-01-18T23:25:00Z,2024-01-18T23:30:00Z,17.59,51.53,26.07
72:a5:12:55:c5:00,2024-01-18T23:30:00Z,2024-01-18T23:35:00Z,18.63,53.99,-46.28
72:a5:12:55:c5:00,2024-01-18T23:35:00Z,2024-01-18T23:40:00Z,18.72,53.45,19.26
72:a5:12:55:c5:00,2024-01-18T23:40:00Z,2024-01-18T23:45:00Z,18.84,53.68,87.56
72:a5:12:55:c5:00,2024-01-18T23:45:00Z,2024-01-18T23:50:00Z,18.44,56.46,-39.14
72:a5:12:55:c5:00,2024-01-18T23:50:00Z,2024-01-18T23:55:00Z,18.59,53.03,27.52
72:a5:12:55:c5:00,2024-01-18T23:55:00Z,2024-01-19T00:00:00Z,18.93,54.62,-84.34
72:a5:12:55:c5:00,2024-01-19T00:00:00Z,2024-01-19T00:05:00Z,20.62,54.1,121.37
72:a5:12:55:c5:00,2024-01-19T00:05:00Z,2024-01-19T00:10:00Z,18.83,52.61,16.11
72:a5:12:55:c5:00,2024-01-19T00:10:00Z,2024-01-19T00:15:00Z,19.78,52.31,-24.77
72:a5:12:55:c5:00,2024-01-19T00:15:00Z,2024-01-19T00:20:00Z,20.13,49.39,-17.87
72:a5:12:55:c5:00,2024-01-19T00:20:00Z,2024-01-19T00:25:00Z,19.45,50.46,-30.6
72:a5:12:55:c5:00,2024-01-19T00:25:00Z,2024-01-19T00:30:00Z,21.04,47.36,-27.53
72:a5:12:55:c5:00,2024-01-19T00:30:00Z,2024-01-19T00:35:00Z,19.62,51.0,-146.85
72:a5:12:55:c5:00,2024-01-19T00:35:00Z,2024-01-19T00:40:00Z,19.98,50.55,-5.88
72:a5:12:55:c5:00,2024-01-19T00:40:00Z,2024-01-19T00:45:00Z,20.33,50.05,-8.39
72:a5:12:55:c5:00,2024-01-19T00:45:00Z,2024-01-19T00:50:00Z,19.65,52.05,29.32
72:a5:12:55:c5:00,2024-01-19T00:50:00Z,2024-01-19T00:55:00Z,18.89,47.58,-31.39
72:a5:12:55:c5:00,2024-01-19T00:55:00Z,2024-01-19T01:00:00Z,19.74,53.27,-46.26
72:a5:12:55:c5:00,2024-01-19T01:00:00Z,2024-01-19T01:05:00Z,21.91,48.7,517.17
72:a5:12:55:c5:00,2024-01-19T01:05:00Z,2024-01-19T01:10:00Z,21.09,46.75,420.9
72:a5:12:55:c5:00,2024-01-19T01:10:00Z,2024-01-19T01:15:00Z,20.79,46.6,526.24
72:a5:12:55:c5:00,2024-01-19T01:15:00Z,2024-01-19T01:20:00Z,21.85,47.86,405.93
72:a5:12:55:c5:00,2024-01-19T01:20:00Z,2024-01-19T01:25:00Z,21.1,49.94,584.89
72:a5:12:55:c5:00,2024-01-19T01:25:00Z,2024-01-19T01:30:00Z,20.99,47.1,558.69
72:a5:12:55:c5:00,2024-01-19T01:30:00Z,2024-01-19T01:35:00Z,21.38,47.18,462.07
72:a5:12:55:c5:00,2024-01-19T01:35:00Z,2024-01-19T01:40:00Z,21.76,46.93,557.31
72:a5:12:55:c5:00,2024-01-19T01:40:00Z,2024-01-19T01:45:00Z,22.72,50.46,524.33
72:a5:12:55:c5:00,2024-01-19T01:45:00Z,2024-01-19T01:50:00Z,21.79,46.16,457.1
72:a5:12:55:c5:00,2024-01-19T01:50:00Z,2024-01-19T01:55:00Z,21.99,46.84,396.27
72:a5:12:55:c5:00,2024-01-19T01:55:00Z,2024-01-19T02:00:00Z,20.99,49.82,536.62
72:a5:12:55:c5:00,2024-01-19T02:00:00Z,2024-01-19T02:05:00Z,21.88,44.29,952.34
72:a5:12:55:c5:00,2024-01-19T02:05:00Z,2024-01-19T02:10:00Z,22.54,46.27,1065.7
72:a5:12:55:c5:00,2024-01-19T02:10:00Z,2024-01-19T02:15:00Z,22.56,42.18,1000.84
72:a5:12:55:c5:00,2024-01-19T02:15:00Z,2024-01-19T02:20:00Z,21.85,43.59,958.03
72:a5:12:55:c5:00,2024-01-19T02:20:00Z,2024-01-19T02:25:00Z,22.39,46.97,1107.87
72:a5:12:55:c5:00,2024-01-19T02:25:00Z,2024-01-19T02:30:00Z,22.74,42.65,1034.59
72:a5:12:55:c5:00,2024-01-19T02:30:00Z,2024-01-19T02:35:00Z,22.72,43.7,780.69
72:a5:12:55:c5:00,2024-01-19T02:35:00Z,2024-01-19T02:40:00Z,22.8,44.51,970.82
72:a5:12:55:c5:00,2024-01-19T02:40:00Z,2024-01-19T02:45:00Z,22.67,42.02,916.95
72:a5:12:55:c5:00,2024-01-19T02:45:00Z,2024-01-19T02:50:00Z,22.2,43.17,952.01
72:a5:12:55:c5:00,2024-01-19T02:50:00Z,2024-01-19T02:55:00Z,22.19,44.23,991.32
72:a5:12:55:c5:00,2024-01-19T02:55:00Z,2024-01-19T03:00:00Z,21.78,44.09,1021.24
72:a5:12:55:c5:00,2024-01-19T03:00:00Z,2024-01-19T03:05:00Z,24.61,44.08,1429.9
72:a5:12:55:c5:00,2024-01-19T03:05:00Z,2024-01-19T03:10:00Z,23.54,44.6,1478.89
72:a5:12:55:c5:00,2024-01-19T03:10:00Z,2024-01-19T03:15:00Z,23.4,39.8,1452.41
72:a5:12:55:c5:00,2024-01-19T03:15:00Z,2024-01-19T03:20:00Z,22.98,41.74,1448.7
72:a5:12:55:c5:00,2024-01-19T03:20:00Z,2024-01-19T03:25:00Z,25.3,42.86,1426.3
72:a5:12:55:c5:00,2024-01-19T03:25:00Z,2024-01-19T03:30:00Z,22.89,44.55,1491.42
72:a5:12:55:c5:00,2024-01-19T03:30:00Z,2024-01-19T03:35:00Z,23.28,42.95,1395.24
72:a5:12:55:c5:00,2024-01-19T03:35:00Z,2024-01-19T03:40:00Z,23.79,42.1,1396.8
72:a5:12:55:c5:00,2024-01-19T03:40:00Z,2024-01-19T03:45:00Z,23.9,42.85,1299.88
72:a5:12:55:c5:00,2024-01-19T03:45:00Z,2024-01-19T03:50:00Z,24.11,42.86,1477.58
72:a5:12:55:c5:00,2024-01-19T03:50:00Z,2024-01-19T03:55:00Z,24.62,39.66,1409.6
72:a5:12:55:c5:00,2024-01-19T03:55:00Z,2024-01-19T04:00:00Z,23.84,41.9,1590.23
72:a5:12:55:c5:00,2024-01-19T04:00:00Z,2024-01-19T04:05:00Z,23.7,42.53,1707.72
72:a5:12:55:c5:00,2024-01-19T04:05:00Z,2024-01-19T04:10:00Z,24.18,39.19,1737.37
72:a5:12:55:c5:00,2024-01-19T04:10:00Z,2024-01-19T04:15:00Z,24.51,39.87,1764.84
72:a5:12:55:c5:00,2024-01-19T04:15:00Z,2024-01-19T04:20:00Z,25.57,39.12,1665.94
72:a5:12:55:c5:00,2024-01-19T04:20:00Z,2024-01-19T04:25:00Z,23.49,34.98,1753.56
72:a5:12:55:c5:00,2024-01-19T04:25:00Z,2024-01-19T04:30:00Z,25.05,39.65,1734.13
72:a5:12:55:c5:00,2024-01-19T04:30:00Z,2024-01-19T04:35:00Z,24.44,40.21,1713.83
72:a5:12:55:c5:00,2024-01-19T04:35:00Z,2024-01-19T04:40:00Z,24.83,38.58,1802.41
72:a5:12:55:c5:00,2024-01-19T04:40:00Z,2024-01-19T04:45:00Z,24.27,37.3,1677.83
72:a5:12:55:c5:00,2024-01-19T04:45:00Z,2024-01-19T04:50:00Z,23.82,37.85,1748.54
72:a5:12:55:c5:00,2024-01-19T04:50:00Z,2024-01-19T04:55:00Z,24.78,41.14,1819.33
72:a5:12:55:c5:00,2024-01-19T04:55:00Z,2024-01-19T05:00:00Z,24.72,43.55,1689.65
72:a5:12:55:c5:00,2024-01-19T05:00:00Z,2024-01-19T05:05:00Z,25.41,41.17,1914.04
72:a5:12:55:c5:00,2024-01-19T05:05:00Z,2024-01-19T05:10:00Z,24.82,35.72,2072.57
72:a5:12:55:c5:00,2024-01-19T05:10:00Z,2024-01-19T05:15:00Z,24.47,40.12,1960.32
72:a5:12:55:c5:00,2024-01-19T05:15:00Z,2024-01-19T05:20:00Z,23.89,37.08,1901.48
72:a5:12:55:c5:00,2024-01-19T05:20:00Z,2024-01-19T05:25:00Z,25.32,37.24,1980.01
72:a5:12:55:c5:00,2024-01-19T05:25:00Z,2024-01-19T05:30:00Z,25.08,37.48,1897.77
72:a5:12:55:c5:00,2024-01-19T05:30:00Z,2024-01-19T05:35:00Z,24.25,39.82,1837.96
72:a5:12:55:c5:00,2024-01-19T05:35:00Z,2024-01-19T05:40:00Z,24.51,40.33,2014.19
72:a5:12:55:c5:00,2024-01-19T05:40:00Z,2024-01-19T05:45:00Z,24.55,38.21,1865.67
72:a5:12:55:c5:00,2024-01-19T05:45:00Z,2024-01-19T05:50:00Z,23.94,38.25,2078.95
72:a5:12:55:c5:00,2024-01-19T05:50:00Z,2024-01-19T05:55:00Z,24.34,39.34,1902.49
72:a5:12:55:c5:00,2024-01-19T05:55:00Z,2024-01-19T06:00:00Z,24.15,39.54,2059.85
72:a5:12:55:c5:00,2024-01-19T06:00:00Z,2024-01-19T06:05:00Z,24.75,40.35,1917.88
72:a5:12:55:c5:00,2024-01-19T06:05:00Z,2024-01-19T06:10:00Z,24.56,35.43,2061.53
72:a5:12:55:c5:00,2024-01-19T06:10:00Z,2024-01-19T06:15:00Z,24.02,38.04,2029.98
72:a5:12:55:c5:00,2024-01-19T06:15:00Z,2024-01-19T06:20:00Z,26.21,35.86,2050.26
72:a5:12:55:c5:00,2024-01-19T06:20:00Z,2024-01-19T06:25:00Z,25.75,37.9,2058.08
72:a5:12:55:c5:00,2024-01-19T06:25:00Z,2024-01-19T06:30:00Z,24.53,37.55,1970.14
72:a5:12:55:c5:00,2024-01-19T06:30:00Z,2024-01-19T06:35:00Z,25.16,37.91,1921.47
72:a5:12:55:c5:00,2024-01-19T06:35:00Z,2024-01-19T06:40:00Z,25.25,36.4,1996.94
72:a5:12:55:c5:00,2024-01-19T06:40:00Z,2024-01-19T06:45:00Z,25.71,35.03,2013.38
72:a5:12:55:c5:00,2024-01-19T06:45:00Z,2024-01-19T06:50:00Z,24.51,33.81,1971.69
72:a5:12:55:c5:00,2024-01-19T06:50:00Z,2024-01-19T06:55:00Z,25.66,37.74,2016.65
72:a5:12:55:c5:00,2024-01-19T06:55:00Z,2024-01-19T07:00:00Z,24.67,37.14,2019.78
72:a5:12:55:c5:00,2024-01-19T07:00:00Z,2024-01-19T07:05:00Z,24.03,37.06,1877.25
72:a5:12:55:c5:00,2024-01-19T07:05:00Z,2024-01-19T07:10:00Z,25.26,41.05,1955.55
72:a5:12:55:c5:00,2024-01-19T07:10:00Z,2024-01-19T07:15:00Z,25.6,36.69,1915.82
72:a5:12:55:c5:00,2024-01-19T07:15:00Z,2024-01-19T07:20:00Z,26.38,41.24,1889.85
72:a5:12:55:c5:00,2024-01-19T07:20:00Z,2024-01-19T07:25:00Z,24.11,41.66,1979.09
72:a5:12:55:c5:00,2024-01-19T07:25:00Z,2024-01-19T07:30:00Z,25.25,34.51,1885.23
72:a5:12:55:c5:00,2024-01-19T07:30:00Z,2024-01-19T07:35:00Z,24.58,38.59,1904.45
72:a5:12:55:c5:00,2024-01-19T07:35:00Z,2024-01-19T07:40:00Z,25.3,37.61,1936.17
72:a5:12:55:c5:00,2024-01-19T07:40:00Z,2024-01-19T07:45:00Z,23.95,32.59,2014.31
72:a5:12:55:c5:00,2024-01-19T07:45:00Z,2024-01-19T07:50:00Z,24.07,35.52,1943.42
72:a5:12:55:c5:00,2024-01-19T07:50:00Z,2024-01-19T07:55:00Z,24.36,39.96,1963.55
72:a5:12:55:c5:00,2024-01-19T07:55:00Z,2024-01-19T08:00:00Z,24.88,42.45,1913.99
72:a5:12:55:c5:00,2024-01-19T08:00:00Z,2024-01-19T08:05:00Z,23.95,41.41,1727.34
72:a5:12:55:c5:00,2024-01-19T08:05:00Z,2024-01-19T08:10:00Z,24.73,40.25,1729.12
72:a5:12:55:c5:00,2024-01-19T08:10:00Z,2024-01-19T08:15:00Z,24.95,39.57,1749.65
72:a5:12:55:c5:00,2024-01-19T08:15:00Z,2024-01-19T08:20:00Z,24.69,42.97,1714.29
72:a5:12:55:c5:00,2024-01-19T08:20:00Z,2024-01-19T08:25:00Z,25.3,43.9,1812.45
72:a5:12:55:c5:00,2024-01-19T08:25:00Z,2024-01-19T08:30:00Z,24.58,38.43,1709.66
72:a5:12:55:c5:00,2024-01-19T08:30:00Z,2024-01-19T08:35:00Z,23.6,35.61,1629.62
72:a5:12:55:c5:00,2024-01-19T08:35:00Z,2024-01-19T08:40:00Z,25.15,35.41,1896.62
72:a5:12:55:c5:00,2024-01-19T08:40:00Z,2024-01-19T08:45:00Z,23.97,42.25,1712.41
72:a5:12:55:c5:00,2024-01-19T08:45:00Z,2024-01-19T08:50:00Z,24.88,39.51,1810.84
72:a5:12:55:c5:00,2024-01-19T08:50:00Z,2024-01-19T08:55:00Z,25.27,39.97,1816.34
72:a5:12:55:c5:00,2024-01-19T08:55:00Z,2024-01-19T09:00:00Z,24.6,36.03,1788.76
72:a5:12:55:c5:00,2024-01-19T09:00:00Z,2024-01-19T09:05:00Z,22.64,40.01,1402.33
72:a5:12:55:c5:00,2024-01-19T09:05:00Z,2024-01-19T09:10:00Z,22.98,40.92,1431.41
72:a5:12:55:c5:00,2024-01-19T09:10:00Z,2024-01-19T09:15:00Z,24.33,41.93,1337.74
72:a5:12:55:c5:00,2024-01-19T09:15:00Z,2024-01-19T09:20:00Z,23.43,40.72,1533.62
72:a5:12:55:c5:00,2024-01-19T09:20:00Z,2024-01-19T09:25:00Z,23.58,39.44,1363.11
72:a5:12:55:c5:00,2024-01-19T09:25:00Z,2024-01-19T09:30:00Z,23.99,39.95,1398.98
72:a5:12:55:c5:00,2024-01-19T09:30:00Z,2024-01-19T09:35:00Z,23.95,43.93,1420.15
72:a5:12:55:c5:00,2024-01-19T09:35:00Z,2024-01-19T09:40:00Z,23.7,42.0,1407.77
72:a5:12:55:c5:00,2024-01-19T09:40:00Z,2024-01-19T09:45:00Z,23.41,42.74,1374.8
72:a5:12:55:c5:00,2024-01-19T09:45:00Z,2024-01-19T09:50:00Z,23.35,39.72,1497.87
72:a5:12:55:c5:00,2024-01-19T09:50:00Z,2024-01-19T09:55:00Z,24.05,35.61,1471.23
72:a5:12:55:c5:00,2024-01-19T09:55:00Z,2024-01-19T10:00:00Z,23.87,40.47,1433.54
72:a5:12:55:c5:00,2024-01-19T10:00:00Z,2024-01-19T10:05:00Z,22.35,42.27,976.03
72:a5:12:55:c5:00,2024-01-19T10:05:00Z,2024-01-19T10:10:00Z,23.15,44.7,1063.86
72:a5:12:55:c5:00,2024-01-19T10:10:00Z,2024-01-19T10:15:00Z,22.42,50.57,972.13
72:a5:12:55:c5:00,2024-01-19T10:15:00Z,2024-01-19T10:20:00Z,21.99,45.39,1094.22
72:a5:12:55:c5:00,2024-01-19T10:20:00Z,2024-01-19T10:25:00Z,22.04,49.47,1006.67
72:a5:12:55:c5:00,2024-01-19T10:25:00Z,2024-01-19T10:30:00Z,21.91,45.14,1073.79
72:a5:12:55:c5:00,2024-01-19T10:30:00Z,2024-01-19T10:35:00Z,22.34,42.74,993.17
72:a5:12:55:c5:00,2024-01-19T10:35:00Z,2024-01-19T10:40:00Z,23.24,44.7,1004.29
72:a5:12:55:c5:00,2024-01-19T10:40:00Z,2024-01-19T10:45:00Z,22.02,47.56,1073.53
72:a5:12:55:c5:00,2024-01-19T10:45:00Z,2024-01-19T10:50:00Z,22.61,47.66,1131.64
72:a5:12:55:c5:00,2024-01-19T10:50:00Z,2024-01-19T10:55:00Z,22.11,42.85,1093.62
72:a5:12:55:c5:00,2024-01-19T10:55:00Z,2024-01-19T11:00:00Z,22.34,44.51,1052.63
72:a5:12:55:c5:00,2024-01-19T11:00:00Z,2024-01-19T11:05:00Z,20.39,44.04,553.0
72:a5:12:55:c5:00,2024-01-19T11:05:00Z,2024-01-19T11:10:00Z,21.16,48.54,487.22
72:a5:12:55:c5:00,2024-01-19T11:10:00Z,2024-01-19T11:15:00Z,21.18,50.0,535.35
72:a5:12:55:c5:00,2024-01-19T11:15:00Z,2024-01-19T11:20:00Z,21.62,46.97,462.86
72:a5:12:55:c5:00,2024-01-19T11:20:00Z,2024-01-19T11:25:00Z,21.43,45.56,540.19
72:a5:12:55:c5:00,2024-01-19T11:25:00Z,2024-01-19T11:30:00Z,20.58,47.61,544.04
72:a5:12:55:c5:00,2024-01-19T11:30:00Z,2024-01-19T11:35:00Z,21.94,47.73,399.99
72:a5:12:55:c5:00,2024-01-19T11:35:00Z,2024-01-19T11:40:00Z,21.42,47.06,519.96
72:a5:12:55:c5:00,2024-01-19T11:40:00Z,2024-01-19T11:45:00Z,21.41,47.25,542.53
72:a5:12:55:c5:00,2024-01-19T11:45:00Z,2024-01-19T11:50:00Z,21.29,46.55,512.62
72:a5:12:55:c5:00,2024-01-19T11:50:00Z,2024-01-19T11:55:00Z,20.98,48.89,539.12
72:a5:12:55:c5:00,2024-01-19T11:55:00Z,2024-01-19T12:00:00Z,21.42,48.37,437.13
72:a5:12:55:c5:00,2024-01-19T12:00:00Z,2024-01-19T12:05:00Z,20.29,48.03,-46.55
72:a5:12:55:c5:00,2024-01-19T12:05:00Z,2024-01-19T12:10:00Z,18.95,47.98,62.1
72:a5:12:55:c5:00,2024-01-19T12:10:00Z,2024-01-19T12:15:00Z,19.68,49.49,0.03
72:a5:12:55:c5:00,2024-01-19T12:15:00Z,2024-01-19T12:20:00Z,19.85,51.47,20.39
72:a5:12:55:c5:00,2024-01-19T12:20:00Z,2024-01-19T12:25:00Z,20.15,50.3,-32.79
72:a5:12:55:c5:00,2024-01-19T12:25:00Z,2024-01-19T12:30:00Z,20.72,48.71,1.17
72:a5:12:55:c5:00,2024-01-19T12:30:00Z,2024-01-19T12:35:00Z,19.54,50.52,-138.12
72:a5:12:55:c5:00,2024-01-19T12:35:00Z,2024-01-19T12:40:00Z,19.7,49.34,50.76
72:a5:12:55:c5:00,2024-01-19T12:40:00Z,2024-01-19T12:45:00Z,19.69,51.76,108.48
72:a5:12:55:c5:00,2024-01-19T12:45:00Z,2024-01-19T12:50:00Z,19.52,50.67,-63.9
72:a5:12:55:c5:00,2024-01-19T12:50:00Z,2024-01-19T12:55:00Z,19.79,49.37,-56.42
72:a5:12:55:c5:00,2024-01-19T12:55:00Z,2024-01-19T13:00:00Z,20.46,50.46,26.45
72:a5:12:55:c5:00,2024-01-19T13:00:00Z,2024-01-19T13:05:00Z,18.07,55.74,88.43
72:a5:12:55:c5:00,2024-01-19T13:05:00Z,2024-01-19T13:10:00Z,18.96,51.97,-0.13
72:a5:12:55:c5:00,2024-01-19T13:10:00Z,2024-01-19T13:15:00Z,17.68,53.91,-73.76
72:a5:12:55:c5:00,2024-01-19T13:15:00Z,2024-01-19T13:20:00Z,18.37,52.96,-12.52
72:a5:12:55:c5:00,2024-01-19T13:20:00Z,2024-01-19T13:25:00Z,18.51,53.96,-61.8
72:a5:12:55:c5:00,2024-01-19T13:25:00Z,2024-01-19T13:30:00Z,19.71,51.8,-40.13
72:a5:12:55:c5:00,2024-01-19T13:30:00Z,2024-01-19T13:35:00Z,18.54,53.33,-18.24
72:a5:12:55:c5:00,2024-01-19T13:35:00Z,2024-01-19T13:40:00Z,17.39,55.32,-55.76
72:a5:12:55:c5:00,2024-01-19T13:40:00Z,2024-01-19T13:45:00Z,17.51,51.23,-46.67
72:a5:12:55:c5:00,2024-01-19T13:45:00Z,2024-01-19T13:50:00Z,18.73,50.45,4.47
72:a5:12:55:c5:00,2024-01-19T13:50:00Z,2024-01-19T13:55:00Z,19.07,50.52,12.9
72:a5:12:55:c5:00,2024-01-19T13:55:00Z,2024-01-19T14:00:00Z,18.93,50.76,-85.44
72:a5:12:55:c5:00,2024-01-19T14:00:00Z,2024-01-19T14:05:00Z,17.6,57.19,23.78
72:a5:12:55:c5:00,2024-01-19T14:05:00Z,2024-01-19T14:10:00Z,18.2,53.19,-22.92
72:a5:12:55:c5:00,2024-01-19T14:10:00Z,2024-01-19T14:15:00Z,17.18,55.4,43.22
72:a5:12:55:c5:00,2024-01-19T14:15:00Z,2024-01-19T14:20:00Z,18.04,57.24,46.83
72:a5:12:55:c5:00,2024-01-19T14:20:00Z,2024-01-19T14:25:00Z,16.52,56.83,-32.67
72:a5:12:55:c5:00,2024-01-19T14:25:00Z,2024-01-19T14:30:00Z,16.96,55.23,36.85
72:a5:12:55:c5:00,2024-01-19T14:30:00Z,2024-01-19T14:35:00Z,16.42,56.38,-50.22
72:a5:12:55:c5:00,2024-01-19T14:35:00Z,2024-01-19T14:40:00Z,17.34,56.21,79.43
72:a5:12:55:c5:00,2024-01-19T14:40:00Z,2024-01-19T14:45:00Z,17.47,55.55,-47.95
72:a5:12:55:c5:00,2024-01-19T14:45:00Z,2024-01-19T14:50:00Z,17.57,55.58,21.16
72:a5:12:55:c5:00,2024-01-19T14:50:00Z,2024-01-19T14:55:00Z,17.54,60.47,-11.26
72:a5:12:55:c5:00,2024-01-19T14:55:00Z,2024-01-19T15:00:00Z,16.94,57.62,-61.01
72:a5:12:55:c5:00,2024-01-19T15:00:00Z,2024-01-19T15:05:00Z,16.35,63.45,54.05
72:a5:12:55:c5:00,2024-01-19T15:05:00Z,2024-01-19T15:10:00Z,15.57,57.49,-36.85
72:a5:12:55:c5:00,2024-01-19T15:10:00Z,2024-01-19T15:15:00Z,17.28,58.32,-102.0
72:a5:12:55:c5:00,2024-01-19T15:15:00Z,2024-01-19T15:20:00Z,16.28,55.82,-172.92
72:a5:12:55:c5:00,2024-01-19T15:20:00Z,2024-01-19T15:25:00Z,16.17,56.87,-52.5
72:a5:12:55:c5:00,2024-01-19T15:25:00Z,2024-01-19T15:30:00Z,17.42,62.29,82.55
72:a5:12:55:c5:00,2024-01-19T15:30:00Z,2024-01-19T15:35:00Z,15.72,57.44,75.46
72:a5:12:55:c5:00,2024-01-19T15:35:00Z,2024-01-19T15:40:00Z,15.79,62.32,-43.12
72:a5:12:55:c5:00,2024-01-19T15:40:00Z,2024-01-19T15:45:00Z,15.81,56.0,-22.47
72:a5:12:55:c5:00,2024-01-19T15:45:00Z,2024-01-19T15:50:00Z,16.42,56.38,-27.89
72:a5:12:55:c5:00,2024-01-19T15:50:00Z,2024-01-19T15:55:00Z,16.72,57.8,-80.01
72:a5:12:55:c5:00,2024-01-19T15:55:00Z,2024-01-19T16:00:00Z,16.91,58.36,-56.93
72:a5:12:55:c5:00,2024-01-19T16:00:00Z,2024-01-19T16:05:00Z,17.21,62.24,58.87
72:a5:12:55:c5:00,2024-01-19T16:05:00Z,2024-01-19T16:10:00Z,14.32,61.29,30.23
72:a5:12:55:c5:00,2024-01-19T16:10:00Z,2024-01-19T16:15:00Z,16.04,59.56,16.39
72:a5:12:55:c5:00,2024-01-19T16:15:00Z,2024-01-19T16:20:00Z,15.34,60.13,-80.11
72:a5:12:55:c5:00,2024-01-19T16:20:00Z,2024-01-19T16:25:00Z,15.32,59.75,6.04
72:a5:12:55:c5:00,2024-01-19T16:25:00Z,2024-01-19T16:30:00Z,15.3,58.56,-138.23
72:a5:12:55:c5:00,2024-01-19T16:30:00Z,2024-01-19T16:35:00Z,15.12,58.62,50.57
72:a5:12:55:c5:00,2024-01-19T16:35:00Z,2024-01-19T16:40:00Z,16.68,62.45,15.51
72:a5:12:55:c5:00,2024-01-19T16:40:00Z,2024-01-19T16:45:00Z,16.18,56.74,-80.71
72:a5:12:55:c5:00,2024-01-19T16:45:00Z,2024-01-19T16:50:00Z,15.68,63.63,96.99
72:a5:12:55:c5:00,2024-01-19T16:50:00Z,2024-01-19T16:55:00Z,16.48,59.71,-107.77
72:a5:12:55:c5:00,2024-01-19T16:55:00Z,2024-01-19T17:00:00Z,14.76,58.85,31.82
72:a5:12:55:c5:00,2024-01-19T17:00:00Z,2024-01-19T17:05:00Z,14.37,63.07,33.31
72:a5:12:55:c5:00,2024-01-19T17:05:00Z,2024-01-19T17:10:00Z,13.86,64.56,-74.38
72:a5:12:55:c5:00,2024-01-19T17:10:00Z,2024-01-19T17:15:00Z,14.75,63.83,-2.27
72:a5:12:55:c5:00,2024-01-19T17:15:00Z,2024-01-19T17:20:00Z,15.27,62.59,-98.21
72:a5:12:55:c5:00,2024-01-19T17:20:00Z,2024-01-19T17:25:00Z,15.23,63.76,-170.78
72:a5:12:55:c5:00,2024-01-19T17:25:00Z,2024-01-19T17:30:00Z,15.26,58.16,-64.07
72:a5:12:55:c5:00,2024-01-19T17:30:00Z,2024-01-19T17:35:00Z,14.32,60.55,-37.0
72:a5:12:55:c5:00,2024-01-19T17:35:00Z,2024-01-19T17:40:00Z,15.65,59.77,38.66
72:a5:12:55:c5:00,2024-01-19T17:40:00Z,2024-01-19T17:45:00Z,15.31,64.04,4.04
72:a5:12:55:c5:00,2024-01-19T17:45:00Z,2024-01-19T17:50:00Z,15.61,60.82,5.61
72:a5:12:55:c5:00,2024-01-19T17:50:00Z,2024-01-19T17:55:00Z,14.03,63.28,-60.87
72:a5:12:55:c5:00,2024-01-19T17:55:00Z,2024-01-19T18:00:00Z,15.36,62.66,-31.8
72:a5:12:55:c5:00,2024-01-19T18:00:00Z,2024-01-19T18:05:00Z,14.29,60.28,-55.8
72:a5:12:55:c5:00,2024-01-19T18:05:00Z,2024-01-19T18:10:00Z,14.76,60.83,-73.5
72:a5:12:55:c5:00,2024-01-19T18:10:00Z,2024-01-19T18:15:00Z,15.32,64.59,-35.62
72:a5:12:55:c5:00,2024-01-19T18:15:00Z,2024-01-19T18:20:00Z,15.05,60.45,4.47
72:a5:12:55:c5:00,2024-01-19T18:20:00Z,2024-01-19T18:25:00Z,14.49,62.25,-34.36
72:a5:12:55:c5:00,2024-01-19T18:25:00Z,2024-01-19T18:30:00Z,15.0,60.43,-19.41
72:a5:12:55:c5:00,2024-01-19T18:30:00Z,2024-01-19T18:35:00Z,14.08,61.37,41.69
72:a5:12:55:c5:00,2024-01-19T18:35:00Z,2024-01-19T18:40:00Z,15.69,61.91,-30.05
72:a5:12:55:c5:00,2024-01-19T18:40:00Z,2024-01-19T18:45:00Z,14.88,60.43,-80.04
72:a5:12:55:c5:00,2024-01-19T18:45:00Z,2024-01-19T18:50:00Z,15.67,60.08,33.81
72:a5:12:55:c5:00,2024-01-19T18:50:00Z,2024-01-19T18:55:00Z,14.68,62.57,15.95
72:a5:12:55:c5:00,2024-01-19T18:55:00Z,2024-01-19T19:00:00Z,14.69,60.31,19.72
72:a5:12:55:c5:00,2024-01-19T19:00:00Z,2024-01-19T19:05:00Z,14.71,59.97,37.55
72:a5:12:55:c5:00,2024-01-19T19:05:00Z,2024-01-19T19:10:00Z,15.7,59.71,27.4
72:a5:12:55:c5:00,2024-01-19T19:10:00Z,2024-01-19T19:15:00Z,14.74,61.44,1.72
72:a5:12:55:c5:00,2024-01-19T19:15:00Z,2024-01-19T19:20:00Z,15.56,63.48,143.49
72:a5:12:55:c5:00,2024-01-19T19:20:00Z,2024-01-19T19:25:00Z,14.94,64.6,-77.1
72:a5:12:55:c5:00,2024-01-19T19:25:00Z,2024-01-19T19:30:00Z,13.98,60.14,-35.19
72:a5:12:55:c5:00,2024-01-19T19:30:00Z,2024-01-19T19:35:00Z,14.83,65.89,58.04
72:a5:12:55:c5:00,2024-01-19T19:35:00Z,2024-01-19T19:40:00Z,14.46,59.58,8.56
72:a5:12:55:c5:00,2024-01-19T19:40:00Z,2024-01-19T19:45:00Z,15.19,63.76,45.48
72:a5:12:55:c5:00,2024-01-19T19:45:00Z,2024-01-19T19:50:00Z,14.46,60.15,10.19
72:a5:12:55:c5:00,2024-01-19T19:50:00Z,2024-01-19T19:55:00Z,15.73,59.85,82.44
72:a5:12:55:c5:00,2024-01-19T19:55:00Z,2024-01-19T20:00:00Z,15.12,60.1,-60.45
72:a5:12:55:c5:00,2024-01-19T20:00:00Z,2024-01-19T20:05:00Z,15.56,60.29,80.55
72:a5:12:55:c5:00,2024-01-19T20:05:00Z,2024-01-19T20:10:00Z,16.06,61.55,70.26
72:a5:12:55:c5:00,2024-01-19T20:10:00Z,2024-01-19T20:15:00Z,16.25,61.73,-72.62
72:a5:12:55:c5:00,2024-01-19T20:15:00Z,2024-01-19T20:20:00Z,15.66,58.5,37.84
72:a5:12:55:c5:00,2024-01-19T20:20:00Z,2024-01-19T20:25:00Z,15.21,58.41,-2.58
72:a5:12:55:c5:00,2024-01-19T20:25:00Z,2024-01-19T20:30:00Z,14.61,58.56,-36.39
72:a5:12:55:c5:00,2024-01-19T20:30:00Z,2024-01-19T20:35:00Z,15.26,60.17,-113.32
72:a5:12:55:c5:00,2024-01-19T20:35:00Z,2024-01-19T20:40:00Z,15.3,59.97,-60.65
72:a5:12:55:c5:00,2024-01-19T20:40:00Z,2024-01-19T20:45:00Z,15.73,58.49,42.49
72:a5:12:55:c5:00,2024-01-19T20:45:00Z,2024-01-19T20:50:00Z,15.46,60.93,48.83
72:a5:12:55:c5:00,2024-01-19T20:50:00Z,2024-01-19T20:55:00Z,16.08,64.92,-12.64
72:a5:12:55:c5:00,2024-01-19T20:55:00Z,2024-01-19T21:00:00Z,15.3,59.38,49.02
72:a5:12:55:c5:00,2024-01-19T21:00:00Z,2024-01-19T21:05:00Z,16.43,57.62,56.72
72:a5:12:55:c5:00,2024-01-19T21:05:00Z,2024-01-19T21:10:00Z,17.17,59.6,9.28
72:a5:12:55:c5:00,2024-01-19T21:10:00Z,2024-01-19T21:15:00Z,16.67,57.37,-43.34
72:a5:12:55:c5:00,2024-01-19T21:15:00Z,2024-01-19T21:20:00Z,16.43,59.82,26.46
72:a5:12:55:c5:00,2024-01-19T21:20:00Z,2024-01-19T21:25:00Z,16.1,57.05,29.22
72:a5:12:55:c5:00,2024-01-19T21:25:00Z,2024-01-19T21:30:00Z,16.08,62.15,40.44
72:a5:12:55:c5:00,2024-01-19T21:30:00Z,2024-01-19T21:35:00Z,15.95,59.17,51.92
72:a5:12:55:c5:00,2024-01-19T21:35:00Z,2024-01-19T21:40:00Z,16.14,57.25,-81.73
72:a5:12:55:c5:00,2024-01-19T21:40:00Z,2024-01-19T21:45:00Z,16.92,57.31,-30.6
72:a5:12:55:c5:00,2024-01-19T21:45:00Z,2024-01-19T21:50:00Z,16.33,57.46,-113.92
72:a5:12:55:c5:00,2024-01-19T21:50:00Z,2024-01-19T21:55:00Z,15.65,61.23,44.82
72:a5:12:55:c5:00,2024-01-19T21:55:00Z,2024-01-19T22:00:00Z,17.53,55.95,-12.74
72:a5:12:55:c5:00,2024-01-19T22:00:00Z,2024-01-19T22:05:00Z,17.69,54.66,25.85
72:a5:12:55:c5:00,2024-01-19T22:05:00Z,2024-01-19T22:10:00Z,16.66,54.88,-88.54
72:a5:12:55:c5:00,2024-01-19T22:10:00Z,2024-01-19T22:15:00Z,17.23,55.97,84.06
72:a5:12:55:c5:00,2024-01-19T22:15:00Z,2024-01-19T22:20:00Z,17.57,55.46,-71.66
72:a5:12:55:c5:00,2024-01-19T22:20:00Z,2024-01-19T22:25:00Z,18.52,53.02,46.47
72:a5:12:55:c5:00,2024-01-19T22:25:00Z,2024-01-19T22:30:00Z,16.84,55.2,7.08
72:a5:12:55:c5:00,2024-01-19T22:30:00Z,2024-01-19T22:35:00Z,18.09,55.8,-11.37
72:a5:12:55:c5:00,2024-01-19T22:35:00Z,2024-01-19T22:40:00Z,18.34,54.74,-16.21
72:a5:12:55:c5:00,2024-01-19T22:40:00Z,2024-01-19T22:45:00Z,17.12,57.37,-38.28
72:a5:12:55:c5:00,2024-01-19T22:45:00Z,2024-01-19T22:50:00Z,17.33,57.84,77.71
72:a5:12:55:c5:00,2024-01-19T22:50:00Z,2024-01-19T22:55:00Z,16.88,55.84,0.76
72:a5:12:55:c5:00,2024-01-19T22:55:00Z,2024-01-19T23:00:00Z,17.38,56.46,-76.15
72:a5:12:55:c5:00,2024-01-19T23:00:00Z,2024-01-19T23:05:00Z,18.68,48.78,-23.04
72:a5:12:55:c5:00,2024-01-19T23:05:00Z,2024-01-19T23:10:00Z,19.1,52.26,7.7
72:a5:12:55:c5:00,2024-01-19T23:10:00Z,2024-01-19T23:15:00Z,19.36,55.12,53.87
72:a5:12:55:c5:00,2024-01-19T23:15:00Z,2024-01-19T23:20:00Z,18.26,52.26,-36.28
72:a5:12:55:c5:00,2024-01-19T23:20:00Z,2024-01-19T23:25:00Z,17.53,51.63,-32.27
72:a5:12:55:c5:00,2024-01-19T23:25:00Z,2024-01-19T23:30:00Z,18.69,57.66,1.41
72:a5:12:55:c5:00,2024-01-19T23:30:00Z,2024-01-19T23:35:00Z,18.88,56.74,52.41
72:a5:12:55:c5:00,2024-01-19T23:35:00Z,2024-01-19T23:40:00Z,18.86,54.04,-82.13
72:a5:12:55:c5:00,2024-01-19T23:40:00Z,2024-01-19T23:45:00Z,18.51,55.38,30.32
72:a5:12:55:c5:00,2024-01-19T23:45:00Z,2024-01-19T23:50:00Z,18.78,48.65,-27.84
72:a5:12:55:c5:00,2024-01-19T23:50:00Z,2024-01-19T23:55:00Z,19.62,51.53,-19.47
72:a5:12:55:c5:00,2024-01-19T23:55:00Z,2024-01-20T00:00:00Z,18.93,52.17,120.09
72:a5:12:55:c5:00,2024-01-20T00:00:00Z,2024-01-20T00:05:00Z,19.78,49.53,-11.79
72:a5:12:55:c5:00,2024-01-20T00:05:00Z,2024-01-20T00:10:00Z,19.7,49.02,45.28
72:a5:12:55:c5:00,2024-01-20T00:10:00Z,2024-01-20T00:15:00Z,19.9,44.9,43.13
72:a5:12:55:c5:00,2024-01-20T00:15:00Z,2024-01-20T00:20:00Z,20.98,50.77,-70.8
72:a5:12:55:c5:00,2024-01-20T00:20:00Z,2024-01-20T00:25:00Z,19.89,51.09,-110.72
72:a5:12:55:c5:00,2024-01-20T00:25:00Z,2024-01-20T00:30:00Z,19.99,53.2,49.26
72:a5:12:55:c5:00,2024-01-20T00:30:00Z,2024-01-20T00:35:00Z,19.71,48.42,-65.01
72:a5:12:55:c5:00,2024-01-20T00:35:00Z,2024-01-20T00:40:00Z,20.66,48.26,-99.85
72:a5:12:55:c5:00,2024-01-20T00:40:00Z,2024-01-20T00:45:00Z,21.18,44.64,61.57
72:a5:12:55:c5:00,2024-01-20T00:45:00Z,2024-01-20T00:50:00Z,20.27,49.41,-61.17
72:a5:12:55:c5:00,2024-01-20T00:50:00Z,2024-01-20T00:55:00Z,20.05,51.8,-46.35
72:a5:12:55:c5:00,2024-01-20T00:55:00Z,2024-01-20T01:00:00Z,20.02,48.78,118.46
72:a5:12:55:c5:00,2024-01-20T01:00:00Z,2024-01-20T01:05:00Z,19.86,51.18,418.05
72:a5:12:55:c5:00,2024-01-20T01:05:00Z,2024-01-20T01:10:00Z,21.74,46.38,442.26
72:a5:12:55:c5:00,2024-01-20T01:10:00Z,2024-01-20T01:15:00Z,21.37,47.19,490.06
72:a5:12:55:c5:00,2024-01-20T01:15:00Z,2024-01-20T01:20:00Z,21.55,44.17,503.22
72:a5:12:55:c5:00,2024-01-20T01:20:00Z,2024-01-20T01:25:00Z,20.87,47.47,464.01
72:a5:12:55:c5:00,2024-01-20T01:25:00Z,2024-01-20T01:30:00Z,21.06,42.94,448.12
72:a5:12:55:c5:00,2024-01-20T01:30:00Z,2024-01-20T01:35:00Z,21.05,48.28,608.24
72:a5:12:55:c5:00,2024-01-20T01:35:00Z,2024-01-20T01:40:00Z,21.91,48.34,533.42
72:a5:12:55:c5:00,2024-01-20T01:40:00Z,2024-01-20T01:45:00Z,21.07,49.61,552.75
72:a5:12:55:c5:00,2024-01-20T01:45:00Z,2024-01-20T01:50:00Z,22.54,44.85,509.4
72:a5:12:55:c5:00,2024-01-20T01:50:00Z,2024-01-20T01:55:00Z,21.55,47.22,535.01
72:a5:12:55:c5:00,2024-01-20T01:55:00Z,2024-01-20T02:00:00Z,20.53,48.02,573.61
72:a5:12:55:c5:00,2024-01-20T02:00:00Z,2024-01-20T02:05:00Z,22.42,44.88,940.22
72:a5:12:55:c5:00,2024-01-20T02:05:00Z,2024-01-20T02:10:00Z,22.11,42.27,1015.89
72:a5:12:55:c5:00,2024-01-20T02:10:00Z,2024-01-20T02:15:00Z,21.18,39.22,1041.76
72:a5:12:55:c5:00,2024-01-20T02:15:00Z,2024-01-20T02:20:00Z,23.46,44.69,1092.69
72:a5:12:55:c5:00,2024-01-20T02:20:00Z,2024-01-20T02:25:00Z,22.92,43.7,1116.87
72:a5:12:55:c5:00,2024-01-20T02:25:00Z,2024-01-20T02:30:00Z,22.82,42.87,1004.19
72:a5:12:55:c5:00,2024-01-20T02:30:00Z,2024-01-20T02:35:00Z,22.6,45.53,1068.32
72:a5:12:55:c5:00,2024-01-20T02:35:00Z,2024-01-20T02:40:00Z,21.67,43.91,839.79
72:a5:12:55:c5:00,2024-01-20T02:40:00Z,2024-01-20T02:45:00Z,22.21,41.36,1093.14
72:a5:12:55:c5:00,2024-01-20T02:45:00Z,2024-01-20T02:50:00Z,23.01,40.14,956.45
72:a5:12:55:c5:00,2024-01-20T02:50:00Z,2024-01-20T02:55:00Z,21.87,41.74,985.53
72:a5:12:55:c5:00,2024-01-20T02:55:00Z,2024-01-20T03:00:00Z,20.98,48.79,1026.47
72:a5:12:55:c5:00,2024-01-20T03:00:00Z,2024-01-20T03:05:00Z,23.4,42.96,1405.01
72:a5:12:55:c5:00,2024-01-20T03:05:00Z,2024-01-20T03:10:00Z,23.45,41.89,1426.0
72:a5:12:55:c5:00,2024-01-20T03:10:00Z,2024-01-20T03:15:00Z,23.62,41.15,1509.48
72:a5:12:55:c5:00,2024-01-20T03:15:00Z,2024-01-20T03:20:00Z,23.97,41.02,1391.16
72:a5:12:55:c5:00,2024-01-20T03:20:00Z,2024-01-20T03:25:00Z,23.92,43.85,1349.0
72:a5:12:55:c5:00,2024-01-20T03:25:00Z,2024-01-20T03:30:00Z,23.69,40.53,1523.02
72:a5:12:55:c5:00,2024-01-20T03:30:00Z,2024-01-20T03:35:00Z,24.25,42.67,1445.82
72:a5:12:55:c5:00,2024-01-20T03:35:00Z,2024-01-20T03:40:00Z,22.62,40.82,1529.55
72:a5:12:55:c5:00,2024-01-20T03:40:00Z,2024-01-20T03:45:00Z,23.84,45.4,1466.03
72:a5:12:55:c5:00,2024-01-20T03:45:00Z,2024-01-20T03:50:00Z,23.91,43.0,1334.8
72:a5:12:55:c5:00,2024-01-20T03:50:00Z,2024-01-20T03:55:00Z,22.79,44.01,1452.94
72:a5:12:55:c5:00,2024-01-20T03:55:00Z,2024-01-20T04:00:00Z,22.63,40.35,1355.18
72:a5:12:55:c5:00,2024-01-20T04:00:00Z,2024-01-20T04:05:00Z,23.88,41.72,1732.5
72:a5:12:55:c5:00,2024-01-20T04:05:00Z,2024-01-20T04:10:00Z,23.93,38.98,1727.51
72:a5:12:55:c5:00,2024-01-20T04:10:00Z,2024-01-20T04:15:00Z,24.78,39.83,1634.99
72:a5:12:55:c5:00,2024-01-20T04:15:00Z,2024-01-20T04:20:00Z,23.96,42.88,1683.28
72:a5:12:55:c5:00,2024-01-20T04:20:00Z,2024-01-20T04:25:00Z,23.82,37.52,1864.36
72:a5:12:55:c5:00,2024-01-20T04:25:00Z,2024-01-20T04:30:00Z,23.96,40.01,1746.35
72:a5:12:55:c5:00,2024-01-20T04:30:00Z,2024-01-20T04:35:00Z,25.0,40.48,1721.52
72:a5:12:55:c5:00,2024-01-20T04:35:00Z,2024-01-20T04:40:00Z,24.34,40.65,1840.82
72:a5:12:55:c5:00,2024-01-20T04:40:00Z,2024-01-20T04:45:00Z,24.22,38.71,1708.28
72:a5:12:55:c5:00,2024-01-20T04:45:00Z,2024-01-20T04:50:00Z,24.26,43.78,1726.57
72:a5:12:55:c5:00,2024-01-20T04:50:00Z,2024-01-20T04:55:00Z,25.11,37.02,1791.5
72:a5:12:55:c5:00,2024-01-20T04:55:00Z,2024-01-20T05:00:00Z,23.88,42.53,1708.01
72:a5:12:55:c5:00,2024-01-20T05:00:00Z,2024-01-20T05:05:00Z,25.62,40.84,1887.06
72:a5:12:55:c5:00,2024-01-20T05:05:00Z,2024-01-20T05:10:00Z,24.96,42.21,1796.63
72:a5:12:55:c5:00,2024-01-20T05:10:00Z,2024-01-20T05:15:00Z,24.73,35.23,1875.66
72:a5:12:55:c5:00,2024-01-20T05:15:00Z,2024-01-20T05:20:00Z,26.33,36.67,1875.09
72:a5:12:55:c5:00,2024-01-20T05:20:00Z,2024-01-20T05:25:00Z,24.2,41.39,1941.37
72:a5:12:55:c5:00,2024-01-20T05:25:00Z,2024-01-20T05:30:00Z,24.62,34.65,1895.22
72:a5:12:55:c5:00,2024-01-20T05:30:00Z,2024-01-20T05:35:00Z,24.09,35.2,2061.33
72:a5:12:55:c5:00,2024-01-20T05:35:00Z,2024-01-20T05:40:00Z,25.4,37.43,1868.39
72:a5:12:55:c5:00,2024-01-20T05:40:00Z,2024-01-20T05:45:00Z,25.84,38.79,2015.89
72:a5:12:55:c5:00,2024-01-20T05:45:00Z,2024-01-20T05:50:00Z,25.83,41.59,1945.04
72:a5:12:55:c5:00,2024-01-20T05:50:00Z,2024-01-20T05:55:00Z,25.56,38.04,1980.26
72:a5:12:55:c5:00,2024-01-20T05:55:00Z,2024-01-20T06:00:00Z,24.71,37.19,1976.61
72:a5:12:55:c5:00,2024-01-20T06:00:00Z,2024-01-20T06:05:00Z,24.78,38.62,1866.91
72:a5:12:55:c5:00,2024-01-20T06:05:00Z,2024-01-20T06:10:00Z,24.0,38.94,1999.31
72:a5:12:55:c5:00,2024-01-20T06:10:00Z,2024-01-20T06:15:00Z,26.22,38.88,1984.27
72:a5:12:55:c5:00,2024-01-20T06:15:00Z,2024-01-20T06:20:00Z,25.28,37.64,1932.02
72:a5:12:55:c5:00,2024-01-20T06:20:00Z,2024-01-20T06:25:00Z,24.7,34.09,2027.58
72:a5:12:55:c5:00,2024-01-20T06:25:00Z,2024-01-20T06:30:00Z,25.8,36.16,2102.99
72:a5:12:55:c5:00,2024-01-20T06:30:00Z,2024-01-20T06:35:00Z,24.42,40.84,1839.62
72:a5:12:55:c5:00,2024-01-20T06:35:00Z,2024-01-20T06:40:00Z,25.24,38.37,1967.93
72:a5:12:55:c5:00,2024-01-20T06:40:00Z,2024-01-20T06:45:00Z,24.9,37.35,1925.25
72:a5:12:55:c5:00,2024-01-20T06:45:00Z,2024-01-20T06:50:00Z,25.38,40.24,2004.31
72:a5:12:55:c5:00,2024-01-20T06:50:00Z,2024-01-20T06:55:00Z,24.96,35.74,1980.46
72:a5:12:55:c5:00,2024-01-20T06:55:00Z,2024-01-20T07:00:00Z,24.13,37.55,1963.66
72:a5:12:55:c5:00,2024-01-20T07:00:00Z,2024-01-20T07:05:00Z,24.87,38.68,1973.22
72:a5:12:55:c5:00,2024-01-20T07:05:00Z,2024-01-20T07:10:00Z,25.46,37.53,2030.02
72:a5:12:55:c5:00,2024-01-20T07:10:00Z,2024-01-20T07:15:00Z,24.81,38.61,2091.53
72:a5:12:55:c5:00,2024-01-20T07:15:00Z,2024-01-20T07:20:00Z,25.29,38.03,1887.47
72:a5:12:55:c5:00,2024-01-20T07:20:00Z,2024-01-20T07:25:00Z,24.2,35.61,1822.6
72:a5:12:55:c5:00,2024-01-20T07:25:00Z,2024-01-20T07:30:00Z,24.81,38.77,1965.4
72:a5:12:55:c5:00,2024-01-20T07:30:00Z,2024-01-20T07:35:00Z,24.45,35.75,2028.48
72:a5:12:55:c5:00,2024-01-20T07:35:00Z,2024-01-20T07:40:00Z,25.28,38.74,1980.67
72:a5:12:55:c5:00,2024-01-20T07:40:00Z,2024-01-20T07:45:00Z,24.85,41.16,2028.23
72:a5:12:55:c5:00,2024-01-20T07:45:00Z,2024-01-20T07:50:00Z,25.24,37.85,1918.32
72:a5:12:55:c5:00,2024-01-20T07:50:00Z,2024-01-20T07:55:00Z,25.48,36.07,1895.28
72:a5:12:55:c5:00,2024-01-20T07:55:00Z,2024-01-20T08:00:00Z,25.24,38.15,1938.78
72:a5:12:55:c5:00,2024-01-20T08:00:00Z,2024-01-20T08:05:00Z,24.49,37.94,1712.22
72:a5:12:55:c5:00,2024-01-20T08:05:00Z,2024-01-20T08:10:00Z,23.73,40.8,1771.84
72:a5:12:55:c5:00,2024-01-20T08:10:00Z,2024-01-20T08:15:00Z,24.33,39.31,1790.24
72:a5:12:55:c5:00,2024-01-20T08:15:00Z,2024-01-20T08:20:00Z,24.01,43.03,1794.94
72:a5:12:55:c5:00,2024-01-20T08:20:00Z,2024-01-20T08:25:00Z,24.12,41.93,1762.69
72:a5:12:55:c5:00,2024-01-20T08:25:00Z,2024-01-20T08:30:00Z,24.11,39.3,1746.8
72:a5:12:55:c5:00,2024-01-20T08:30:00Z,2024-01-20T08:35:00Z,23.74,41.04,1779.72
72:a5:12:55:c5:00,2024-01-20T08:35:00Z,2024-01-20T08:40:00Z,23.16,38.82,1614.27
72:a5:12:55:c5:00,2024-01-20T08:40:00Z,2024-01-20T08:45:00Z,23.93,39.68,1744.69
72:a5:12:55:c5:00,2024-01-20T08:45:00Z,2024-01-20T08:50:00Z,24.45,38.88,1735.2
72:a5:12:55:c5:00,2024-01-20T08:50:00Z,2024-01-20T08:55:00Z,23.52,41.14,1744.84
72:a5:12:55:c5:00,2024-01-20T08:55:00Z,2024-01-20T09:00:00Z,24.34,42.47,1726.79
72:a5:12:55:c5:00,2024-01-20T09:00:00Z,2024-01-20T09:05:00Z,24.68,43.11,1440.12
72:a5:12:55:c5:00,2024-01-20T09:05:00Z,2024-01-20T09:10:00Z,24.15,43.36,1379.74
72:a5:12:55:c5:00,2024-01-20T09:10:00Z,2024-01-20T09:15:00Z,24.52,43.36,1481.98
72:a5:12:55:c5:00,2024-01-20T09:15:00Z,2024-01-20T09:20:00Z,23.77,42.62,1442.63
72:a5:12:55:c5:00,2024-01-20T09:20:00Z,2024-01-20T09:25:00Z,24.24,39.24,1423.25
72:a5:12:55:c5:00,2024-01-20T09:25:00Z,2024-01-20T09:30:00Z,23.1,44.92,1372.36
72:a5:12:55:c5:00,2024-01-20T09:30:00Z,2024-01-20T09:35:00Z,23.15,45.12,1463.13
72:a5:12:55:c5:00,2024-01-20T09:35:00Z,2024-01-20T09:40:00Z,21.89,41.05,1426.61
72:a5:12:55:c5:00,2024-01-20T09:40:00Z,2024-01-20T09:45:00Z,24.25,40.77,1368.88
72:a5:12:55:c5:00,2024-01-20T09:45:00Z,2024-01-20T09:50:00Z,24.46,42.74,1410.81
72:a5:12:55:c5:00,2024-01-20T09:50:00Z,2024-01-20T09:55:00Z,23.2,42.62,1451.96
72:a5:12:55:c5:00,2024-01-20T09:55:00Z,2024-01-20T10:00:00Z,23.38,41.11,1447.31
72:a5:12:55:c5:00,2024-01-20T10:00:00Z,2024-01-20T10:05:00Z,22.05,41.5,1029.22
72:a5:12:55:c5:00,2024-01-20T10:05:00Z,2024-01-20T10:10:00Z,22.73,44.61,1005.55
72:a5:12:55:c5:00,2024-01-20T10:10:00Z,2024-01-20T10:15:00Z,23.17,45.1,1061.55
72:a5:12:55:c5:00,2024-01-20T10:15:00Z,2024-01-20T10:20:00Z,21.45,45.45,1074.27
72:a5:12:55:c5:00,2024-01-20T10:20:00Z,2024-01-20T10:25:00Z,22.75,44.7,1044.24
72:a5:12:55:c5:00,2024-01-20T10:25:00Z,2024-01-20T10:30:00Z,22.33,43.46,964.75
72:a5:12:55:c5:00,2024-01-20T10:30:00Z,2024-01-20T10:35:00Z,22.57,45.99,936.52
72:a5:12:55:c5:00,2024-01-20T10:35:00Z,2024-01-20T10:40:00Z,22.78,44.13,967.36
72:a5:12:55:c5:00,2024-01-20T10:40:00Z,2024-01-20T10:45:00Z,22.39,43.07,1117.22
72:a5:12:55:c5:00,2024-01-20T10:45:00Z,2024-01-20T10:50:00Z,22.44,43.64,1016.9
72:a5:12:55:c5:00,2024-01-20T10:50:00Z,2024-01-20T10:55:00Z,22.37,40.51,1127.59
72:a5:12:55:c5:00,2024-01-20T10:55:00Z,2024-01-20T11:00:00Z,23.08,43.64,992.79
72:a5:12:55:c5:00,2024-01-20T11:00:00Z,2024-01-20T11:05:00Z,21.55,48.27,502.11
72:a5:12:55:c5:00,2024-01-20T11:05:00Z,2024-01-20T11:10:00Z,21.43,47.57,513.19
72:a5:12:55:c5:00,2024-01-20T11:10:00Z,2024-01-20T11:15:00Z,20.53,49.94,512.11
72:a5:12:55:c5:00,2024-01-20T11:15:00Z,2024-01-20T11:20:00Z,21.07,46.37,471.22
72:a5:12:55:c5:00,2024-01-20T11:20:00Z,2024-01-20T11:25:00Z,21.83,47.87,448.71
72:a5:12:55:c5:00,2024-01-20T11:25:00Z,2024-01-20T11:30:00Z,21.32,48.48,547.72
72:a5:12:55:c5:00,2024-01-20T11:30:00Z,2024-01-20T11:35:00Z,21.69,51.58,580.93
72:a5:12:55:c5:00,2024-01-20T11:35:00Z,2024-01-20T11:40:00Z,22.35,47.18,664.34
72:a5:12:55:c5:00,2024-01-20T11:40:00Z,2024-01-20T11:45:00Z,21.92,44.81,491.62
72:a5:12:55:c5:00,2024-01-20T11:45:00Z,2024-01-20T11:50:00Z,21.35,48.59,496.48
72:a5:12:55:c5:00,2024-01-20T11:50:00Z,2024-01-20T11:55:00Z,20.99,50.63,471.36
72:a5:12:55:c5:00,2024-01-20T11:55:00Z,2024-01-20T12:00:00Z,19.76,46.25,585.18
72:a5:12:55:c5:00,2024-01-20T12:00:00Z,2024-01-20T12:05:00Z,19.9,51.68,48.9
72:a5:12:55:c5:00,2024-01-20T12:05:00Z,2024-01-20T12:10:00Z,19.8,52.46,-52.62
72:a5:12:55:c5:00,2024-01-20T12:10:00Z,2024-01-20T12:15:00Z,20.23,52.03,-54.13
72:a5:12:55:c5:00,2024-01-20T12:15:00Z,2024-01-20T12:20:00Z,19.91,50.25,57.15
72:a5:12:55:c5:00,2024-01-20T12:20:00Z,2024-01-20T12:25:00Z,19.81,48.6,22.99
72:a5:12:55:c5:00,2024-01-20T12:25:00Z,2024-01-20T12:30:00Z,18.93,49.84,45.5
72:a5:12:55:c5:00,2024-01-20T12:30:00Z,2024-01-20T12:35:00Z,19.44,50.92,-52.97
72:a5:12:55:c5:00,2024-01-20T12:35:00Z,2024-01-20T12:40:00Z,20.29,51.82,-112.66
72:a5:12:55:c5:00,2024-01-20T12:40:00Z,2024-01-20T12:45:00Z,21.03,50.67,-52.5
72:a5:12:55:c5:00,2024-01-20T12:45:00Z,2024-01-20T12:50:00Z,19.94,49.24,41.27
72:a5:12:55:c5:00,2024-01-20T12:50:00Z,2024-01-20T12:55:00Z,20.2,51.11,126.66
72:a5:12:55:c5:00,2024-01-20T12:55:00Z,2024-01-20T13:00:00Z,20.57,51.72,-25.77
72:a5:12:55:c5:00,2024-01-20T13:00:00Z,2024-01-20T13:05:00Z,18.22,53.87,136.55
72:a5:12:55:c5:00,2024-01-20T13:05:00Z,2024-01-20T13:10:00Z,18.93,51.43,49.79
72:a5:12:55:c5:00,2024-01-20T13:10:00Z,2024-01-20T13:15:00Z,18.26,52.74,-83.58
72:a5:12:55:c5:00,2024-01-20T13:15:00Z,2024-01-20T13:20:00Z,19.22,55.0,12.84
72:a5:12:55:c5:00,2024-01-20T13:20:00Z,2024-01-20T13:25:00Z,18.8,50.34,51.84
72:a5:12:55:c5:00,2024-01-20T13:25:00Z,2024-01-20T13:30:00Z,18.88,48.92,-145.53
72:a5:12:55:c5:00,2024-01-20T13:30:00Z,2024-01-20T13:35:00Z,18.24,56.12,38.67
72:a5:12:55:c5:00,2024-01-20T13:35:00Z,2024-01-20T13:40:00Z,19.13,54.13,70.36
72:a5:12:55:c5:00,2024-01-20T13:40:00Z,2024-01-20T13:45:00Z,19.96,54.32,23.93
72:a5:12:55:c5:00,2024-01-20T13:45:00Z,2024-01-20T13:50:00Z,18.1,50.95,-3.7
72:a5:12:55:c5:00,2024-01-20T13:50:00Z,2024-01-20T13:55:00Z,18.5,54.58,-10.38
72:a5:12:55:c5:00,2024-01-20T13:55:00Z,2024-01-20T14:00:00Z,18.84,53.66,-13.88
72:a5:12:55:c5:00,2024-01-20T14:00:00Z,2024-01-20T14:05:00Z,17.97,52.83,-70.56
72:a5:12:55:c5:00,2024-01-20T14:05:00Z,2024-01-20T14:10:00Z,17.16,58.85,-41.25
72:a5:12:55:c5:00,2024-01-20T14:10:00Z,2024-01-20T14:15:00Z,15.8,56.32,-25.0
72:a5:12:55:c5:00,2024-01-20T14:15:00Z,2024-01-20T14:20:00Z,18.32,55.21,6.81
72:a5:12:55:c5:00,2024-01-20T14:20:00Z,2024-01-20T14:25:00Z,17.96,55.24,-33.41
72:a5:12:55:c5:00,2024-01-20T14:25:00Z,2024-01-20T14:30:00Z,16.45,51.97,-52.15
72:a5:12:55:c5:00,2024-01-20T14:30:00Z,2024-01-20T14:35:00Z,17.14,57.19,45.59
72:a5:12:55:c5:00,2024-01-20T14:35:00Z,2024-01-20T14:40:00Z,18.44,56.52,22.24
72:a5:12:55:c5:00,2024-01-20T14:40:00Z,2024-01-20T14:45:00Z,18.37,55.61,-32.35
72:a5:12:55:c5:00,2024-01-20T14:45:00Z,2024-01-20T14:50:00Z,18.06,58.56,30.38
72:a5:12:55:c5:00,2024-01-20T14:50:00Z,2024-01-20T14:55:00Z,17.39,53.23,-27.19
72:a5:12:55:c5:00,2024-01-20T14:55:00Z,2024-01-20T15:00:00Z,17.55,54.81,3.78
72:a5:12:55:c5:00,2024-01-20T15:00:00Z,2024-01-20T15:05:00Z,16.39,56.79,58.5
72:a5:12:55:c5:00,2024-01-20T15:05:00Z,2024-01-20T15:10:00Z,17.14,57.93,-36.22
72:a5:12:55:c5:00,2024-01-20T15:10:00Z,2024-01-20T15:15:00Z,15.94,58.62,-70.34
72:a5:12:55:c5:00,2024-01-20T15:15:00Z,2024-01-20T15:20:00Z,15.98,59.35,-8.71
72:a5:12:55:c5:00,2024-01-20T15:20:00Z,2024-01-20T15:25:00Z,17.07,57.79,-81.81
72:a5:12:55:c5:00,2024-01-20T15:25:00Z,2024-01-20T15:30:00Z,16.44,56.73,-16.65
72:a5:12:55:c5:00,2024-01-20T15:30:00Z,2024-01-20T15:35:00Z,17.29,61.86,-16.84
72:a5:12:55:c5:00,2024-01-20T15:35:00Z,2024-01-20T15:40:00Z,16.06,63.31,-147.82
72:a5:12:55:c5:00,2024-01-20T15:40:00Z,2024-01-20T15:45:00Z,16.43,58.77,31.84
72:a5:12:55:c5:00,2024-01-20T15:45:00Z,2024-01-20T15:50:00Z,15.91,56.97,-10.96
72:a5:12:55:c5:00,2024-01-20T15:50:00Z,2024-01-20T15:55:00Z,16.47,61.44,70.91
72:a5:12:55:c5:00,2024-01-20T15:55:00Z,2024-01-20T16:00:00Z,15.58,55.59,12.93
72:a5:12:55:c5:00,2024-01-20T16:00:00Z,2024-01-20T16:05:00Z,15.38,59.72,44.14
72:a5:12:55:c5:00,2024-01-20T16:05:00Z,2024-01-20T16:10:00Z,14.81,59.0,71.4
72:a5:12:55:c5:00,2024-01-20T16:10:00Z,2024-01-20T16:15:00Z,16.09,58.07,-7.9
72:a5:12:55:c5:00,2024-01-20T16:15:00Z,2024-01-20T16:20:00Z,16.1,59.83,-0.05
72:a5:12:55:c5:00,2024-01-20T16:20:00Z,2024-01-20T16:25:00Z,14.63,58.66,-94.41
72:a5:12:55:c5:00,2024-01-20T16:25:00Z,2024-01-20T16:30:00Z,16.47,60.42,74.37
72:a5:12:55:c5:00,2024-01-20T16:30:00Z,2024-01-20T16:35:00Z,17.17,60.45,-8.74
72:a5:12:55:c5:00,2024-01-20T16:35:00Z,2024-01-20T16:40:00Z,15.7,59.15,-60.34
72:a5:12:55:c5:00,2024-01-20T16:40:00Z,2024-01-20T16:45:00Z,15.29,59.65,44.38
72:a5:12:55:c5:00,2024-01-20T16:45:00Z,2024-01-20T16:50:00Z,17.36,59.93,-130.79
72:a5:12:55:c5:00,2024-01-20T16:50:00Z,2024-01-20T16:55:00Z,14.88,62.01,-25.76
72:a5:12:55:c5:00,2024-01-20T16:55:00Z,2024-01-20T17:00:00Z,15.68,60.1,54.5
72:a5:12:55:c5:00,2024-01-20T17:00:00Z,2024-01-20T17:05:00Z,15.28,63.24,-26.26
72:a5:12:55:c5:00,2024-01-20T17:05:00Z,2024-01-20T17:10:00Z,15.98,62.76,-43.08
72:a5:12:55:c5:00,2024-01-20T17:10:00Z,2024-01-20T17:15:00Z,15.39,62.73,-24.97
72:a5:12:55:c5:00,2024-01-20T17:15:00Z,2024-01-20T17:20:00Z,14.87,64.37,-120.6
72:a5:12:55:c5:00,2024-01-20T17:20:00Z,2024-01-20T17:25:00Z,14.6,59.35,42.93
72:a5:12:55:c5:00,2024-01-20T17:25:00Z,2024-01-20T17:30:00Z,14.97,60.64,-7.37
72:a5:12:55:c5:00,2024-01-20T17:30:00Z,2024-01-20T17:35:00Z,14.57,65.12,-16.34
72:a5:12:55:c5:00,2024-01-20T17:35:00Z,2024-01-20T17:40:00Z,15.2,61.08,-16.12
72:a5:12:55:c5:00,2024-01-20T17:40:00Z,2024-01-20T17:45:00Z,14.83,55.96,0.84
72:a5:12:55:c5:00,2024-01-20T17:45:00Z,2024-01-20T17:50:00Z,14.27,61.19,39.21
72:a5:12:55:c5:00,2024-01-20T17:50:00Z,2024-01-20T17:55:00Z,15.92,61.86,-3.12
72:a5:12:55:c5:00,2024-01-20T17:55:00Z,2024-01-20T18:00:00Z,14.87,56.36,-81.7
72:a5:12:55:c5:00,2024-01-20T18:00:00Z,2024-01-20T18:05:00Z,14.24,64.67,34.53
72:a5:12:55:c5:00,2024-01-20T18:05:00Z,2024-01-20T18:10:00Z,14.9,60.57,29.91
72:a5:12:55:c5:00,2024-01-20T18:10:00Z,2024-01-20T18:15:00Z,15.04,62.66,12.33
72:a5:12:55:c5:00,2024-01-20T18:15:00Z,2024-01-20T18:20:00Z,13.95,61.55,64.51
72:a5:12:55:c5:00,2024-01-20T18:20:00Z,2024-01-20T18:25:00Z,15.2,59.42,1.82
72:a5:12:55:c5:00,2024-01-20T18:25:00Z,2024-01-20T18:30:00Z,14.37,59.86,66.68
72:a5:12:55:c5:00,2024-01-20T18:30:00Z,2024-01-20T18:35:00Z,16.03,60.13,84.43
72:a5:12:55:c5:00,2024-01-20T18:35:00Z,2024-01-20T18:40:00Z,15.31,64.17,34.94
72:a5:12:55:c5:00,2024-01-20T18:40:00Z,2024-01-20T18:45:00Z,14.76,61.7,-44.88
72:a5:12:55:c5:00,2024-01-20T18:45:00Z,2024-01-20T18:50:00Z,14.55,60.96,-7.85
72:a5:12:55:c5:00,2024-01-20T18:50:00Z,2024-01-20T18:55:00Z,14.94,60.13,74.33
72:a5:12:55:c5:00,2024-01-20T18:55:00Z,2024-01-20T19:00:00Z,15.37,64.39,-89.86
72:a5:12:55:c5:00,2024-01-20T19:00:00Z,2024-01-20T19:05:00Z,15.16,64.52,-23.52
72:a5:12:55:c5:00,2024-01-20T19:05:00Z,2024-01-20T19:10:00Z,15.04,63.96,-20.58
72:a5:12:55:c5:00,2024-01-20T19:10:00Z,2024-01-20T19:15:00Z,15.21,62.58,-51.91
72:a5:12:55:c5:00,2024-01-20T19:15:00Z,2024-01-20T19:20:00Z,14.81,62.17,52.37
72:a5:12:55:c5:00,2024-01-20T19:20:00Z,2024-01-20T19:25:00Z,14.96,59.16,22.61
72:a5:12:55:c5:00,2024-01-20T19:25:00Z,2024-01-20T19:30:00Z,13.92,61.1,-42.66
72:a5:12:55:c5:00,2024-01-20T19:30:00Z,2024-01-20T19:35:00Z,15.75,60.22,36.33
72:a5:12:55:c5:00,2024-01-20T19:35:00Z,2024-01-20T19:40:00Z,15.35,57.94,-9.5
72:a5:12:55:c5:00,2024-01-20T19:40:00Z,2024-01-20T19:45:00Z,14.71,63.71,-53.41
72:a5:12:55:c5:00,2024-01-20T19:45:00Z,2024-01-20T19:50:00Z,16.31,60.2,-42.78
72:a5:12:55:c5:00,2024-01-20T19:50:00Z,2024-01-20T19:55:00Z,15.22,63.98,26.16
72:a5:12:55:c5:00,2024-01-20T19:55:00Z,2024-01-20T20:00:00Z,14.55,63.35,56.34
72:a5:12:55:c5:00,2024-01-20T20:00:00Z,2024-01-20T20:05:00Z,16.18,61.51,-29.21
72:a5:12:55:c5:00,2024-01-20T20:05:00Z,2024-01-20T20:10:00Z,15.91,61.62,32.67
72:a5:12:55:c5:00,2024-01-20T20:10:00Z,2024-01-20T20:15:00Z,15.91,59.16,94.91
72:a5:12:55:c5:00,2024-01-20T20:15:00Z,2024-01-20T20:20:00Z,15.41,64.11,-75.53
72:a5:12:55:c5:00,2024-01-20T20:20:00Z,2024-01-20T20:25:00Z,15.94,60.48,21.34
72:a5:12:55:c5:00,2024-01-20T20:25:00Z,2024-01-20T20:30:00Z,15.51,61.0,49.84
72:a5:12:55:c5:00,2024-01-20T20:30:00Z,2024-01-20T20:35:00Z,16.0,59.09,-5.71
72:a5:12:55:c5:00,2024-01-20T20:35:00Z,2024-01-20T20:40:00Z,14.53,58.53,74.3
72:a5:12:55:c5:00,2024-01-20T20:40:00Z,2024-01-20T20:45:00Z,15.41,61.35,131.93
72:a5:12:55:c5:00,2024-01-20T20:45:00Z,2024-01-20T20:50:00Z,16.7,60.83,20.6
72:a5:12:55:c5:00,2024-01-20T20:50:00Z,2024-01-20T20:55:00Z,15.21,58.81,-14.02
72:a5:12:55:c5:00,2024-01-20T20:55:00Z,2024-01-20T21:00:00Z,15.31,57.52,58.62
72:a5:12:55:c5:00,2024-01-20T21:00:00Z,2024-01-20T21:05:00Z,16.2,55.95,50.52
72:a5:12:55:c5:00,2024-01-20T21:05:00Z,2024-01-20T21:10:00Z,15.74,60.88,-151.13
72:a5:12:55:c5:00,2024-01-20T21:10:00Z,2024-01-20T21:15:00Z,15.14,57.26,-0.16
72:a5:12:55:c5:00,2024-01-20T21:15:00Z,2024-01-20T21:20:00Z,16.33,57.81,-23.68
72:a5:12:55:c5:00,2024-01-20T21:20:00Z,2024-01-20T21:25:00Z,16.55,61.39,23.8
72:a5:12:55:c5:00,2024-01-20T21:25:00Z,2024-01-20T21:30:00Z,16.43,56.24,-11.62
72:a5:12:55:c5:00,2024-01-20T21:30:00Z,2024-01-20T21:35:00Z,16.38,57.03,-5.11
72:a5:12:55:c5:00,2024-01-20T21:35:00Z,2024-01-20T21:40:00Z,16.49,56.95,-51.79
72:a5:12:55:c5:00,2024-01-20T21:40:00Z,2024-01-20T21:45:00Z,17.08,61.72,44.07
72:a5:12:55:c5:00,2024-01-20T21:45:00Z,2024-01-20T21:50:00Z,16.35,62.47,99.3
72:a5:12:55:c5:00,2024-01-20T21:50:00Z,2024-01-20T21:55:00Z,16.12,59.99,-50.86
72:a5:12:55:c5:00,2024-01-20T21:55:00Z,2024-01-20T22:00:00Z,16.3,60.05,-83.82
72:a5:12:55:c5:00,2024-01-20T22:00:00Z,2024-01-20T22:05:00Z,17.85,54.84,1.2
72:a5:12:55:c5:00,2024-01-20T22:05:00Z,2024-01-20T22:10:00Z,18.35,59.89,-1.72
72:a5:12:55:c5:00,2024-01-20T22:10:00Z,2024-01-20T22:15:00Z,17.12,56.54,70.26
72:a5:12:55:c5:00,2024-01-20T22:15:00Z,2024-01-20T22:20:00Z,17.56,57.71,-73.75
72:a5:12:55:c5:00,2024-01-20T22:20:00Z,2024-01-20T22:25:00Z,17.7,55.79,-32.28
72:a5:12:55:c5:00,2024-01-20T22:25:00Z,2024-01-20T22:30:00Z,16.9,55.46,-128.86
72:a5:12:55:c5:00,2024-01-20T22:30:00Z,2024-01-20T22:35:00Z,17.51,59.33,82.5
72:a5:12:55:c5:00,2024-01-20T22:35:00Z,2024-01-20T22:40:00Z,16.62,57.08,15.03
72:a5:12:55:c5:00,2024-01-20T22:40:00Z,2024-01-20T22:45:00Z,16.44,58.9,-27.81
72:a5:12:55:c5:00,2024-01-20T22:45:00Z,2024-01-20T22:50:00Z,17.72,56.51,-79.34
72:a5:12:55:c5:00,2024-01-20T22:50:00Z,2024-01-20T22:55:00Z,17.27,54.3,-73.83
72:a5:12:55:c5:00,2024-01-20T22:55:00Z,2024-01-20T23:00:00Z,17.62,54.83,24.86
72:a5:12:55:c5:00,2024-01-20T23:00:00Z,2024-01-20T23:05:00Z,18.7,53.31,-66.45
72:a5:12:55:c5:00,2024-01-20T23:05:00Z,2024-01-20T23:10:00Z,18.12,51.85,6.24
72:a5:12:55:c5:00,2024-01-20T23:10:00Z,2024-01-20T23:15:00Z,18.68,50.89,122.58
72:a5:12:55:c5:00,2024-01-20T23:15:00Z,2024-01-20T23:20:00Z,17.97,55.51,-20.86
72:a5:12:55:c5:00,2024-01-20T23:20:00Z,2024-01-20T23:25:00Z,19.54,52.02,-57.69
72:a5:12:55:c5:00,2024-01-20T23:25:00Z,2024-01-20T23:30:00Z,17.89,53.38,22.92
72:a5:12:55:c5:00,2024-01-20T23:30:00Z,2024-01-20T23:35:00Z,18.59,53.7,-73.55
72:a5:12:55:c5:00,2024-01-20T23:35:00Z,2024-01-20T23:40:00Z,18.08,51.93,103.2
72:a5:12:55:c5:00,2024-01-20T23:40:00Z,2024-01-20T23:45:00Z,19.05,56.01,84.22
72:a5:12:55:c5:00,2024-01-20T23:45:00Z,2024-01-20T23:50:00Z,18.51,50.87,-9.85
72:a5:12:55:c5:00,2024-01-20T23:50:00Z,2024-01-20T23:55:00Z,18.39,53.63,-53.84
72:a5:12:55:c5:00,2024-01-20T23:55:00Z,2024-01-21T00:00:00Z,19.22,53.6,-25.55
72:a5:12:55:c5:00,2024-01-21T00:00:00Z,2024-01-21T00:05:00Z,20.02,49.89,-17.74
72:a5:12:55:c5:00,2024-01-21T00:05:00Z,2024-01-21T00:10:00Z,20.31,47.41,23.01
72:a5:12:55:c5:00,2024-01-21T00:10:00Z,2024-01-21T00:15:00Z,19.41,51.74,62.38
72:a5:12:55:c5:00,2024-01-21T00:15:00Z,2024-01-21T00:20:00Z,19.16,51.49,-62.19
72:a5:12:55:c5:00,2024-01-21T00:20:00Z,2024-01-21T00:25:00Z,20.06,48.65,60.65
72:a5:12:55:c5:00,2024-01-21T00:25:00Z,2024-01-21T00:30:00Z,19.81,51.41,37.06
72:a5:12:55:c5:00,2024-01-21T00:30:00Z,2024-01-21T00:35:00Z,20.38,50.75,-30.47
72:a5:12:55:c5:00,2024-01-21T00:35:00Z,2024-01-21T00:40:00Z,19.95,47.44,-65.2
72:a5:12:55:c5:00,2024-01-21T00:40:00Z,2024-01-21T00:45:00Z,20.12,48.29,6.97
72:a5:12:55:c5:00,2024-01-21T00:45:00Z,2024-01-21T00:50:00Z,19.03,52.28,-63.58
72:a5:12:55:c5:00,2024-01-21T00:50:00Z,2024-01-21T00:55:00Z,21.13,50.62,61.42
72:a5:12:55:c5:00,2024-01-21T00:55:00Z,2024-01-21T01:00:00Z,19.9,48.87,-67.43
72:a5:12:55:c5:00,2024-01-21T01:00:00Z,2024-01-21T01:05:00Z,21.71,45.18,550.5
72:a5:12:55:c5:00,2024-01-21T01:05:00Z,2024-01-21T01:10:00Z,20.79,45.86,512.8
72:a5:12:55:c5:00,2024-01-21T01:10:00Z,2024-01-21T01:15:00Z,21.48,46.01,484.0
72:a5:12:55:c5:00,2024-01-21T01:15:00Z,2024-01-21T01:20:00Z,20.51,45.2,511.47
72:a5:12:55:c5:00,2024-01-21T01:20:00Z,2024-01-21T01:25:00Z,21.57,43.41,582.44
72:a5:12:55:c5:00,2024-01-21T01:25:00Z,2024-01-21T01:30:00Z,21.08,49.17,446.1
72:a5:12:55:c5:00,2024-01-21T01:30:00Z,2024-01-21T01:35:00Z,21.31,48.84,492.91
72:a5:12:55:c5:00,2024-01-21T01:35:00Z,2024-01-21T01:40:00Z,21.71,44.35,472.53
72:a5:12:55:c5:00,2024-01-21T01:40:00Z,2024-01-21T01:45:00Z,20.55,47.17,515.32
72:a5:12:55:c5:00,2024-01-21T01:45:00Z,2024-01-21T01:50:00Z,20.88,45.09,476.56
72:a5:12:55:c5:00,2024-01-21T01:50:00Z,2024-01-21T01:55:00Z,21.57,46.37,411.55
72:a5:12:55:c5:00,2024-01-21T01:55:00Z,2024-01-21T02:00:00Z,22.55,46.2,454.33
72:a5:12:55:c5:00,2024-01-21T02:00:00Z,2024-01-21T02:05:00Z,22.42,43.14,1098.27
72:a5:12:55:c5:00,2024-01-21T02:05:00Z,2024-01-21T02:10:00Z,22.85,48.01,1014.8
72:a5:12:55:c5:00,2024-01-21T02:10:00Z,2024-01-21T02:15:00Z,22.44,43.12,1012.74
72:a5:12:55:c5:00,2024-01-21T02:15:00Z,2024-01-21T02:20:00Z,23.67,42.38,983.04
72:a5:12:55:c5:00,2024-01-21T02:20:00Z,2024-01-21T02:25:00Z,21.45,42.47,996.9
72:a5:12:55:c5:00,2024-01-21T02:25:00Z,2024-01-21T02:30:00Z,22.56,46.09,974.21
72:a5:12:55:c5:00,2024-01-21T02:30:00Z,2024-01-21T02:35:00Z,21.52,40.7,1031.62
72:a5:12:55:c5:00,2024-01-21T02:35:00Z,2024-01-21T02:40:00Z,21.0,42.47,1006.05
72:a5:12:55:c5:00,2024-01-21T02:40:00Z,2024-01-21T02:45:00Z,22.68,46.89,929.72
72:a5:12:55:c5:00,2024-01-21T02:45:00Z,2024-01-21T02:50:00Z,22.58,44.49,1015.22
72:a5:12:55:c5:00,2024-01-21T02:50:00Z,2024-01-21T02:55:00Z,22.33,44.38,852.48
72:a5:12:55:c5:00,2024-01-21T02:55:00Z,2024-01-21T03:00:00Z,22.44,48.26,1024.83
72:a5:12:55:c5:00,2024-01-21T03:00:00Z,2024-01-21T03:05:00Z,25.39,42.01,1329.65
72:a5:12:55:c5:00,2024-01-21T03:05:00Z,2024-01-21T03:10:00Z,23.38,40.1,1408.45
72:a5:12:55:c5:00,2024-01-21T03:10:00Z,2024-01-21T03:15:00Z,23.84,40.95,1342.54
72:a5:12:55:c5:00,2024-01-21T03:15:00Z,2024-01-21T03:20:00Z,23.15,39.24,1414.38
72:a5:12:55:c5:00,2024-01-21T03:20:00Z,2024-01-21T03:25:00Z,23.71,44.03,1448.91
72:a5:12:55:c5:00,2024-01-21T03:25:00Z,2024-01-21T03:30:00Z,23.39,42.66,1504.38
72:a5:12:55:c5:00,2024-01-21T03:30:00Z,2024-01-21T03:35:00Z,23.29,43.76,1321.73
72:a5:12:55:c5:00,2024-01-21T03:35:00Z,2024-01-21T03:40:00Z,24.63,43.94,1472.74
72:a5:12:55:c5:00,2024-01-21T03:40:00Z,2024-01-21T03:45:00Z,24.24,40.69,1422.08
72:a5:12:55:c5:00,2024-01-21T03:45:00Z,2024-01-21T03:50:00Z,23.62,39.63,1387.17
72:a5:12:55:c5:00,2024-01-21T03:50:00Z,2024-01-21T03:55:00Z,22.15,41.41,1459.8
72:a5:12:55:c5:00,2024-01-21T03:55:00Z,2024-01-21T04:00:00Z,23.32,39.77,1400.06
72:a5:12:55:c5:00,2024-01-21T04:00:00Z,2024-01-21T04:05:00Z,25.95,39.94,1775.1
72:a5:12:55:c5:00,2024-01-21T04:05:00Z,2024-01-21T04:10:00Z,24.19,41.87,1672.51
72:a5:12:55:c5:00,2024-01-21T04:10:00Z,2024-01-21T04:15:00Z,24.99,39.27,1694.07
72:a5:12:55:c5:00,2024-01-21T04:15:00Z,2024-01-21T04:20:00Z,25.2,39.91,1788.67
72:a5:12:55:c5:00,2024-01-21T04:20:00Z,2024-01-21T04:25:00Z,24.46,39.42,1821.17
72:a5:12:55:c5:00,2024-01-21T04:25:00Z,2024-01-21T04:30:00Z,23.83,41.21,1729.95
72:a5:12:55:c5:00,2024-01-21T04:30:00Z,2024-01-21T04:35:00Z,22.87,38.27,1564.81
72:a5:12:55:c5:00,2024-01-21T04:35:00Z,2024-01-21T04:40:00Z,24.74,35.21,1720.11
72:a5:12:55:c5:00,2024-01-21T04:40:00Z,2024-01-21T04:45:00Z,23.84,40.55,1734.0
72:a5:12:55:c5:00,2024-01-21T04:45:00Z,2024-01-21T04:50:00Z,24.44,41.58,1718.08
72:a5:12:55:c5:00,2024-01-21T04:50:00Z,2024-01-21T04:55:00Z,23.58,40.5,1752.23
72:a5:12:55:c5:00,2024-01-21T04:55:00Z,2024-01-21T05:00:00Z,24.17,38.33,1703.44
72:a5:12:55:c5:00,2024-01-21T05:00:00Z,2024-01-21T05:05:00Z,24.85,36.14,1982.18
72:a5:12:55:c5:00,2024-01-21T05:05:00Z,2024-01-21T05:10:00Z,24.99,39.4,1861.85
72:a5:12:55:c5:00,2024-01-21T05:10:00Z,2024-01-21T05:15:00Z,24.16,38.69,2006.06
72:a5:12:55:c5:00,2024-01-21T05:15:00Z,2024-01-21T05:20:00Z,25.55,38.16,2024.86
72:a5:12:55:c5:00,2024-01-21T05:20:00Z,2024-01-21T05:25:00Z,24.47,42.05,1877.07
72:a5:12:55:c5:00,2024-01-21T05:25:00Z,2024-01-21T05:30:00Z,23.82,36.52,1877.04
72:a5:12:55:c5:00,2024-01-21T05:30:00Z,2024-01-21T05:35:00Z,24.76,41.96,1956.49
72:a5:12:55:c5:00,2024-01-21T05:35:00Z,2024-01-21T05:40:00Z,24.85,38.47,1860.62
72:a5:12:55:c5:00,2024-01-21T05:40:00Z,2024-01-21T05:45:00Z,24.93,34.74,1902.3
72:a5:12:55:c5:00,2024-01-21T05:45:00Z,2024-01-21T05:50:00Z,25.65,38.05,1998.0
72:a5:12:55:c5:00,2024-01-21T05:50:00Z,2024-01-21T05:55:00Z,24.69,40.33,1976.11
72:a5:12:55:c5:00,2024-01-21T05:55:00Z,2024-01-21T06:00:00Z,24.76,37.68,2050.66
72:a5:12:55:c5:00,2024-01-21T06:00:00Z,2024-01-21T06:05:00Z,24.34,35.05,2010.25
72:a5:12:55:c5:00,2024-01-21T06:05:00Z,2024-01-21T06:10:00Z,25.49,37.67,1963.35
72:a5:12:55:c5:00,2024-01-21T06:10:00Z,2024-01-21T06:15:00Z,25.11,36.29,2003.07
72:a5:12:55:c5:00,2024-01-21T06:15:00Z,2024-01-21T06:20:00Z,24.75,38.98,1990.96
72:a5:12:55:c5:00,2024-01-21T06:20:00Z,2024-01-21T06:25:00Z,23.86,39.55,1991.81
72:a5:12:55:c5:00,2024-01-21T06:25:00Z,2024-01-21T06:30:00Z,25.87,35.89,1998.57
72:a5:12:55:c5:00,2024-01-21T06:30:00Z,2024-01-21T06:35:00Z,24.26,36.59,1944.09
72:a5:12:55:c5:00,2024-01-21T06:35:00Z,2024-01-21T06:40:00Z,24.65,39.51,2016.93
72:a5:12:55:c5:00,2024-01-21T06:40:00Z,2024-01-21T06:45:00Z,25.22,36.28,1915.48
72:a5:12:55:c5:00,2024-01-21T06:45:00Z,2024-01-21T06:50:00Z,24.28,35.84,1956.99
72:a5:12:55:c5:00,2024-01-21T06:50:00Z,2024-01-21T06:55:00Z,24.1,35.64,1992.87
72:a5:12:55:c5:00,2024-01-21T06:55:00Z,2024-01-21T07:00:00Z,23.73,38.7,1864.43
72:a5:12:55:c5:00,2024-01-21T07:00:00Z,2024-01-21T07:05:00Z,25.26,39.03,1977.99
72:a5:12:55:c5:00,2024-01-21T07:05:00Z,2024-01-21T07:10:00Z,24.5,37.04,1808.66
72:a5:12:55:c5:00,2024-01-21T07:10:00Z,2024-01-21T07:15:00Z,26.59,38.42,1972.03
72:a5:12:55:c5:00,2024-01-21T07:15:00Z,2024-01-21T07:20:00Z,24.23,41.46,1854.28
72:a5:12:55:c5:00,2024-01-21T07:20:00Z,2024-01-21T07:25:00Z,24.28,36.46,1907.56
72:a5:12:55:c5:00,2024-01-21T07:25:00Z,2024-01-21T07:30:00Z,24.49,34.51,1963.0
72:a5:12:55:c5:00,2024-01-21T07:30:00Z,2024-01-21T07:35:00Z,24.98,39.32,2063.74
72:a5:12:55:c5:00,2024-01-21T07:35:00Z,2024-01-21T07:40:00Z,24.55,38.19,1938.84
72:a5:12:55:c5:00,2024-01-21T07:40:00Z,2024-01-21T07:45:00Z,25.2,36.99,1812.89
72:a5:12:55:c5:00,2024-01-21T07:45:00Z,2024-01-21T07:50:00Z,24.24,39.71,1989.07
72:a5:12:55:c5:00,2024-01-21T07:50:00Z,2024-01-21T07:55:00Z,24.0,40.09,1917.94
72:a5:12:55:c5:00,2024-01-21T07:55:00Z,2024-01-21T08:00:00Z,23.75,33.99,1936.05
72:a5:12:55:c5:00,2024-01-21T08:00:00Z,2024-01-21T08:05:00Z,23.0,38.3,1765.52
72:a5:12:55:c5:00,2024-01-21T08:05:00Z,2024-01-21T08:10:00Z,24.02,44.24,1598.53
72:a5:12:55:c5:00,2024-01-21T08:10:00Z,2024-01-21T08:15:00Z,24.15,40.77,1732.44
72:a5:12:55:c5:00,2024-01-21T08:15:00Z,2024-01-21T08:20:00Z,23.95,40.96,1707.47
72:a5:12:55:c5:00,2024-01-21T08:20:00Z,2024-01-21T08:25:00Z,25.08,41.95,1805.36
72:a5:12:55:c5:00,2024-01-21T08:25:00Z,2024-01-21T08:30:00Z,25.07,39.64,1775.68
72:a5:12:55:c5:00,2024-01-21T08:30:00Z,2024-01-21T08:35:00Z,24.13,41.2,1634.43
72:a5:12:55:c5:00,2024-01-21T08:35:00Z,2024-01-21T08:40:00Z,23.25,41.04,1807.81
72:a5:12:55:c5:00,2024-01-21T08:40:00Z,2024-01-21T08:45:00Z,23.99,40.69,1759.02
72:a5:12:55:c5:00,2024-01-21T08:45:00Z,2024-01-21T08:50:00Z,23.97,38.96,1639.22
72:a5:12:55:c5:00,2024-01-21T08:50:00Z,2024-01-21T08:55:00Z,23.94,39.95,1735.4
72:a5:12:55:c5:00,2024-01-21T08:55:00Z,2024-01-21T09:00:00Z,23.91,38.43,1794.14
72:a5:12:55:c5:00,2024-01-21T09:00:00Z,2024-01-21T09:05:00Z,23.14,41.54,1341.37
72:a5:12:55:c5:00,2024-01-21T09:05:00Z,2024-01-21T09:10:00Z,23.3,39.18,1496.87
72:a5:12:55:c5:00,2024-01-21T09:10:00Z,2024-01-21T09:15:00Z,23.15,39.93,1323.46
72:a5:12:55:c5:00,2024-01-21T09:15:00Z,2024-01-21T09:20:00Z,23.66,40.95,1366.74
72:a5:12:55:c5:00,2024-01-21T09:20:00Z,2024-01-21T09:25:00Z,23.75,39.63,1357.64
72:a5:12:55:c5:00,2024-01-21T09:25:00Z,2024-01-21T09:30:00Z,22.99,40.5,1496.83
72:a5:12:55:c5:00,2024-01-21T09:30:00Z,2024-01-21T09:35:00Z,24.3,41.19,1384.75
72:a5:12:55:c5:00,2024-01-21T09:35:00Z,2024-01-21T09:40:00Z,22.95,42.32,1344.44
72:a5:12:55:c5:00,2024-01-21T09:40:00Z,2024-01-21T09:45:00Z,22.56,43.41,1440.93
72:a5:12:55:c5:00,2024-01-21T09:45:00Z,2024-01-21T09:50:00Z,23.76,40.59,1453.88
72:a5:12:55:c5:00,2024-01-21T09:50:00Z,2024-01-21T09:55:00Z,23.05,44.18,1454.27
72:a5:12:55:c5:00,2024-01-21T09:55:00Z,2024-01-21T10:00:00Z,23.73,43.39,1397.93
72:a5:12:55:c5:00,2024-01-21T10:00:00Z,2024-01-21T10:05:00Z,21.06,45.01,1015.27
72:a5:12:55:c5:00,2024-01-21T10:05:00Z,2024-01-21T10:10:00Z,23.34,44.31,960.99
72:a5:12:55:c5:00,2024-01-21T10:10:00Z,2024-01-21T10:15:00Z,22.9,44.64,1100.49
72:a5:12:55:c5:00,2024-01-21T10:15:00Z,2024-01-21T10:20:00Z,21.6,46.37,1068.65
72:a5:12:55:c5:00,2024-01-21T10:20:00Z,2024-01-21T10:25:00Z,21.61,46.45,1064.98
72:a5:12:55:c5:00,2024-01-21T10:25:00Z,2024-01-21T10:30:00Z,23.5,46.67,1047.65
72:a5:12:55:c5:00,2024-01-21T10:30:00Z,2024-01-21T10:35:00Z,22.06,44.08,1031.18
72:a5:12:55:c5:00,2024-01-21T10:35:00Z,2024-01-21T10:40:00Z,22.0,45.11,925.34
72:a5:12:55:c5:00,2024-01-21T10:40:00Z,2024-01-21T10:45:00Z,21.14,46.69,1038.0
72:a5:12:55:c5:00,2024-01-21T10:45:00Z,2024-01-21T10:50:00Z,22.29,42.75,1006.86
72:a5:12:55:c5:00,2024-01-21T10:50:00Z,2024-01-21T10:55:00Z,22.36,43.36,1075.8
72:a5:12:55:c5:00,2024-01-21T10:55:00Z,2024-01-21T11:00:00Z,22.93,44.03,1048.45
72:a5:12:55:c5:00,2024-01-21T11:00:00Z,2024-01-21T11:05:00Z,20.45,48.69,550.66
72:a5:12:55:c5:00,2024-01-21T11:05:00Z,2024-01-21T11:10:00Z,20.38,48.72,416.58
72:a5:12:55:c5:00,2024-01-21T11:10:00Z,2024-01-21T11:15:00Z,21.56,46.43,512.3
72:a5:12:55:c5:00,2024-01-21T11:15:00Z,2024-01-21T11:20:00Z,21.9,43.88,484.16
72:a5:12:55:c5:00,2024-01-21T11:20:00Z,2024-01-21T11:25:00Z,20.35,47.39,532.78
72:a5:12:55:c5:00,2024-01-21T11:25:00Z,2024-01-21T11:30:00Z,21.94,45.06,492.71
72:a5:12:55:c5:00,2024-01-21T11:30:00Z,2024-01-21T11:35:00Z,21.32,43.91,501.08
72:a5:12:55:c5:00,2024-01-21T11:35:00Z,2024-01-21T11:40:00Z,21.95,44.37,545.18
72:a5:12:55:c5:00,2024-01-21T11:40:00Z,2024-01-21T11:45:00Z,21.25,47.55,491.71
72:a5:12:55:c5:00,2024-01-21T11:45:00Z,2024-01-21T11:50:00Z,19.78,49.62,524.93
72:a5:12:55:c5:00,2024-01-21T11:50:00Z,2024-01-21T11:55:00Z,21.2,46.97,426.47
72:a5:12:55:c5:00,2024-01-21T11:55:00Z,2024-01-21T12:00:00Z,21.93,47.32,467.69
72:a5:12:55:c5:00,2024-01-21T12:00:00Z,2024-01-21T12:05:00Z,19.46,52.37,39.36
72:a5:12:55:c5:00,2024-01-21T12:05:00Z,2024-01-21T12:10:00Z,19.77,46.91,-73.81
72:a5:12:55:c5:00,2024-01-21T12:10:00Z,2024-01-21T12:15:00Z,19.89,51.04,74.74
72:a5:12:55:c5:00,2024-01-21T12:15:00Z,2024-01-21T12:20:00Z,18.26,49.98,58.46
72:a5:12:55:c5:00,2024-01-21T12:20:00Z,2024-01-21T12:25:00Z,21.0,51.13,-16.09
72:a5:12:55:c5:00,2024-01-21T12:25:00Z,2024-01-21T12:30:00Z,19.46,49.03,179.92
72:a5:12:55:c5:00,2024-01-21T12:30:00Z,2024-01-21T12:35:00Z,20.3,48.36,74.59
72:a5:12:55:c5:00,2024-01-21T12:35:00Z,2024-01-21T12:40:00Z,19.95,50.28,-56.96
72:a5:12:55:c5:00,2024-01-21T12:40:00Z,2024-01-21T12:45:00Z,20.75,53.3,44.77
72:a5:12:55:c5:00,2024-01-21T12:45:00Z,2024-01-21T12:50:00Z,20.24,51.72,3.95
72:a5:12:55:c5:00,2024-01-21T12:50:00Z,2024-01-21T12:55:00Z,19.86,48.98,-46.6
72:a5:12:55:c5:00,2024-01-21T12:55:00Z,2024-01-21T13:00:00Z,19.46,47.32,-64.19
72:a5:12:55:c5:00,2024-01-21T13:00:00Z,2024-01-21T13:05:00Z,19.18,49.74,59.69
72:a5:12:55:c5:00,2024-01-21T13:05:00Z,2024-01-21T13:10:00Z,17.58,55.74,-35.88
72:a5:12:55:c5:00,2024-01-21T13:10:00Z,2024-01-21T13:15:00Z,19.09,51.2,-6.11
72:a5:12:55:c5:00,2024-01-21T13:15:00Z,2024-01-21T13:20:00Z,18.05,52.45,-55.26
72:a5:12:55:c5:00,2024-01-21T13:20:00Z,2024-01-21T13:25:00Z,19.46,55.75,-44.89
72:a5:12:55:c5:00,2024-01-21T13:25:00Z,2024-01-21T13:30:00Z,18.8,49.88,-7.62
72:a5:12:55:c5:00,2024-01-21T13:30:00Z,2024-01-21T13:35:00Z,19.09,56.09,23.29
72:a5:12:55:c5:00,2024-01-21T13:35:00Z,2024-01-21T13:40:00Z,18.76,52.6,-155.3
72:a5:12:55:c5:00,2024-01-21T13:40:00Z,2024-01-21T13:45:00Z,17.65,50.81,1.02
72:a5:12:55:c5:00,2024-01-21T13:45:00Z,2024-01-21T13:50:00Z,18.19,52.61,-44.77
72:a5:12:55:c5:00,2024-01-21T13:50:00Z,2024-01-21T13:55:00Z,19.11,51.66,84.14
72:a5:12:55:c5:00,2024-01-21T13:55:00Z,2024-01-21T14:00:00Z,18.81,53.99,176.57
72:a5:12:55:c5:00,2024-01-21T14:00:00Z,2024-01-21T14:05:00Z,18.21,54.7,-21.56
72:a5:12:55:c5:00,2024-01-21T14:05:00Z,2024-01-21T14:10:00Z,17.74,52.18,-103.33
72:a5:12:55:c5:00,2024-01-21T14:10:00Z,2024-01-21T14:15:00Z,16.92,55.56,7.01
72:a5:12:55:c5:00,2024-01-21T14:15:00Z,2024-01-21T14:20:00Z,17.02,53.29,-12.33
72:a5:12:55:c5:00,2024-01-21T14:20:00Z,2024-01-21T14:25:00Z,17.56,56.41,118.28
72:a5:12:55:c5:00,2024-01-21T14:25:00Z,2024-01-21T14:30:00Z,16.11,53.63,100.0
72:a5:12:55:c5:00,2024-01-21T14:30:00Z,2024-01-21T14:35:00Z,18.5,55.02,51.92
72:a5:12:55:c5:00,2024-01-21T14:35:00Z,2024-01-21T14:40:00Z,17.77,56.37,-35.2
72:a5:12:55:c5:00,2024-01-21T14:40:00Z,2024-01-21T14:45:00Z,18.24,55.58,40.67
72:a5:12:55:c5:00,2024-01-21T14:45:00Z,2024-01-21T14:50:00Z,16.55,56.5,15.9
72:a5:12:55:c5:00,2024-01-21T14:50:00Z,2024-01-21T14:55:00Z,18.25,57.36,14.48
72:a5:12:55:c5:00,2024-01-21T14:55:00Z,2024-01-21T15:00:00Z,18.84,53.68,-93.49
72:a5:12:55:c5:00,2024-01-21T15:00:00Z,2024-01-21T15:05:00Z,15.67,58.36,63.71
72:a5:12:55:c5:00,2024-01-21T15:05:00Z,2024-01-21T15:10:00Z,16.93,51.83,6.47
72:a5:12:55:c5:00,2024-01-21T15:10:00Z,2024-01-21T15:15:00Z,16.47,58.98,-6.05
72:a5:12:55:c5:00,2024-01-21T15:15:00Z,2024-01-21T15:20:00Z,15.54,57.88,-36.01
72:a5:12:55:c5:00,2024-01-21T15:20:00Z,2024-01-21T15:25:00Z,16.76,56.52,-47.62
72:a5:12:55:c5:00,2024-01-21T15:25:00Z,2024-01-21T15:30:00Z,16.96,59.12,19.04
72:a5:12:55:c5:00,2024-01-21T15:30:00Z,2024-01-21T15:35:00Z,16.1,60.83,-104.95
72:a5:12:55:c5:00,2024-01-21T15:35:00Z,2024-01-21T15:40:00Z,17.16,57.53,47.37
72:a5:12:55:c5:00,2024-01-21T15:40:00Z,2024-01-21T15:45:00Z,15.46,56.6,-63.25
72:a5:12:55:c5:00,2024-01-21T15:45:00Z,2024-01-21T15:50:00Z,15.57,58.82,-123.52
72:a5:12:55:c5:00,2024-01-21T15:50:00Z,2024-01-21T15:55:00Z,16.55,55.81,109.31
72:a5:12:55:c5:00,2024-01-21T15:55:00Z,2024-01-21T16:00:00Z,16.48,57.16,-51.49
72:a5:12:55:c5:00,2024-01-21T16:00:00Z,2024-01-21T16:05:00Z,15.24,62.84,-43.33
72:a5:12:55:c5:00,2024-01-21T16:05:00Z,2024-01-21T16:10:00Z,16.16,60.52,68.07
72:a5:12:55:c5:00,2024-01-21T16:10:00Z,2024-01-21T16:15:00Z,15.99,56.63,111.27
72:a5:12:55:c5:00,2024-01-21T16:15:00Z,2024-01-21T16:20:00Z,16.18,56.8,-91.98
72:a5:12:55:c5:00,2024-01-21T16:20:00Z,2024-01-21T16:25:00Z,15.6,60.72,-57.37
72:a5:12:55:c5:00,2024-01-21T16:25:00Z,2024-01-21T16:30:00Z,16.03,62.12,-52.96
72:a5:12:55:c5:00,2024-01-21T16:30:00Z,2024-01-21T16:35:00Z,15.4,57.16,56.09
72:a5:12:55:c5:00,2024-01-21T16:35:00Z,2024-01-21T16:40:00Z,16.9,61.29,98.35
72:a5:12:55:c5:00,2024-01-21T16:40:00Z,2024-01-21T16:45:00Z,15.18,63.05,-64.82
72:a5:12:55:c5:00,2024-01-21T16:45:00Z,2024-01-21T16:50:00Z,16.93,64.17,84.88
72:a5:12:55:c5:00,2024-01-21T16:50:00Z,2024-01-21T16:55:00Z,15.69,61.05,-42.54
72:a5:12:55:c5:00,2024-01-21T16:55:00Z,2024-01-21T17:00:00Z,14.84,61.41,20.17
72:a5:12:55:c5:00,2024-01-21T17:00:00Z,2024-01-21T17:05:00Z,15.99,57.32,-76.29
72:a5:12:55:c5:00,2024-01-21T17:05:00Z,2024-01-21T17:10:00Z,15.25,65.79,-7.32
72:a5:12:55:c5:00,2024-01-21T17:10:00Z,2024-01-21T17:15:00Z,15.68,60.44,-6.67
72:a5:12:55:c5:00,2024-01-21T17:15:00Z,2024-01-21T17:20:00Z,15.9,59.72,-18.91
72:a5:12:55:c5:00,2024-01-21T17:20:00Z,2024-01-21T17:25:00Z,15.37,61.08,23.1
72:a5:12:55:c5:00,2024-01-21T17:25:00Z,2024-01-21T17:30:00Z,14.82,64.61,-60.42
72:a5:12:55:c5:00,2024-01-21T17:30:00Z,2024-01-21T17:35:00Z,15.76,66.01,-53.02
72:a5:12:55:c5:00,2024-01-21T17:35:00Z,2024-01-21T17:40:00Z,15.17,61.84,26.27
72:a5:12:55:c5:00,2024-01-21T17:40:00Z,2024-01-21T17:45:00Z,15.58,63.59,80.52
72:a5:12:55:c5:00,2024-01-21T17:45:00Z,2024-01-21T17:50:00Z,13.88,61.68,-1.37
72:a5:12:55:c5:00,2024-01-21T17:50:00Z,2024-01-21T17:55:00Z,15.44,59.52,30.22
72:a5:12:55:c5:00,2024-01-21T17:55:00Z,2024-01-21T18:00:00Z,14.79,64.54,45.48
72:a5:12:55:c5:00,2024-01-21T18:00:00Z,2024-01-21T18:05:00Z,15.99,60.76,49.83
72:a5:12:55:c5:00,2024-01-21T18:05:00Z,2024-01-21T18:10:00Z,15.37,65.07,-57.21
72:a5:12:55:c5:00,2024-01-21T18:10:00Z,2024-01-21T18:15:00Z,15.14,64.6,-46.62
72:a5:12:55:c5:00,2024-01-21T18:15:00Z,2024-01-21T18:20:00Z,15.29,63.23,-41.4
72:a5:12:55:c5:00,2024-01-21T18:20:00Z,2024-01-21T18:25:00Z,14.4,65.66,115.72
72:a5:12:55:c5:00,2024-01-21T18:25:00Z,2024-01-21T18:30:00Z,15.97,66.46,30.49
72:a5:12:55:c5:00,2024-01-21T18:30:00Z,2024-01-21T18:35:00Z,16.19,61.65,27.8
72:a5:12:55:c5:00,2024-01-21T18:35:00Z,2024-01-21T18:40:00Z,15.24,60.38,21.97
72:a5:12:55:c5:00,2024-01-21T18:40:00Z,2024-01-21T18:45:00Z,15.95,58.27,-79.25
72:a5:12:55:c5:00,2024-01-21T18:45:00Z,2024-01-21T18:50:00Z,14.66,66.49,116.29
72:a5:12:55:c5:00,2024-01-21T18:50:00Z,2024-01-21T18:55:00Z,14.52,61.12,28.75
72:a5:12:55:c5:00,2024-01-21T18:55:00Z,2024-01-21T19:00:00Z,15.02,64.27,43.39
72:a5:12:55:c5:00,2024-01-21T19:00:00Z,2024-01-21T19:05:00Z,15.43,60.11,-105.93
72:a5:12:55:c5:00,2024-01-21T19:05:00Z,2024-01-21T19:10:00Z,14.93,64.67,46.78
72:a5:12:55:c5:00,2024-01-21T19:10:00Z,2024-01-21T19:15:00Z,15.49,60.19,-21.37
72:a5:12:55:c5:00,2024-01-21T19:15:00Z,2024-01-21T19:20:00Z,15.35,59.21,-79.37
72:a5:12:55:c5:00,2024-01-21T19:20:00Z,2024-01-21T19:25:00Z,14.57,61.17,-57.23
72:a5:12:55:c5:00,2024-01-21T19:25:00Z,2024-01-21T19:30:00Z,15.48,60.53,-75.89
72:a5:12:55:c5:00,2024-01-21T19:30:00Z,2024-01-21T19:35:00Z,15.69,62.78,-76.91
72:a5:12:55:c5:00,2024-01-21T19:35:00Z,2024-01-21T19:40:00Z,15.27,61.49,3.63
72:a5:12:55:c5:00,2024-01-21T19:40:00Z,2024-01-21T19:45:00Z,15.86,62.85,-23.21
72:a5:12:55:c5:00,2024-01-21T19:45:00Z,2024-01-21T19:50:00Z,14.44,61.01,20.04
72:a5:12:55:c5:00,2024-01-21T19:50:00Z,2024-01-21T19:55:00Z,15.45,60.26,100.56
72:a5:12:55:c5:00,2024-01-21T19:55:00Z,2024-01-21T20:00:00Z,14.47,60.42,-7.77
72:a5:12:55:c5:00,2024-01-21T20:00:00Z,2024-01-21T20:05:00Z,15.0,64.48,-134.69
72:a5:12:55:c5:00,2024-01-21T20:05:00Z,2024-01-21T20:10:00Z,15.29,60.84,-14.52
72:a5:12:55:c5:00,2024-01-21T20:10:00Z,2024-01-21T20:15:00Z,15.1,56.42,71.6
72:a5:12:55:c5:00,2024-01-21T20:15:00Z,2024-01-21T20:20:00Z,15.34,59.35,-5.16
72:a5:12:55:c5:00,2024-01-21T20:20:00Z,2024-01-21T20:25:00Z,15.54,60.59,91.76
72:a5:12:55:c5:00,2024-01-21T20:25:00Z,2024-01-21T20:30:00Z,16.17,64.08,27.18
72:a5:12:55:c5:00,2024-01-21T20:30:00Z,2024-01-21T20:35:00Z,15.48,62.45,-110.3
72:a5:12:55:c5:00,2024-01-21T20:35:00Z,2024-01-21T20:40:00Z,14.72,58.55,6.57
72:a5:12:55:c5:00,2024-01-21T20:40:00Z,2024-01-21T20:45:00Z,16.35,65.23,17.82
72:a5:12:55:c5:00,2024-01-21T20:45:00Z,2024-01-21T20:50:00Z,15.17,60.33,64.82
72:a5:12:55:c5:00,2024-01-21T20:50:00Z,2024-01-21T20:55:00Z,15.63,62.88,109.18
72:a5:12:55:c5:00,2024-01-21T20:55:00Z,2024-01-21T21:00:00Z,15.94,58.08,54.46
72:a5:12:55:c5:00,2024-01-21T21:00:00Z,2024-01-21T21:05:00Z,16.58,53.69,26.43
72:a5:12:55:c5:00,2024-01-21T21:05:00Z,2024-01-21T21:10:00Z,17.12,55.67,40.57
72:a5:12:55:c5:00,2024-01-21T21:10:00Z,2024-01-21T21:15:00Z,16.75,51.98,-10.08
72:a5:12:55:c5:00,2024-01-21T21:15:00Z,2024-01-21T21:20:00Z,15.95,62.71,-87.77
72:a5:12:55:c5:00,2024-01-21T21:20:00Z,2024-01-21T21:25:00Z,17.77,58.91,2.49
72:a5:12:55:c5:00,2024-01-21T21:25:00Z,2024-01-21T21:30:00Z,16.58,56.64,21.92
72:a5:12:55:c5:00,2024-01-21T21:30:00Z,2024-01-21T21:35:00Z,16.38,59.39,-72.22
72:a5:12:55:c5:00,2024-01-21T21:35:00Z,2024-01-21T21:40:00Z,17.04,58.86,79.6
72:a5:12:55:c5:00,2024-01-21T21:40:00Z,2024-01-21T21:45:00Z,16.61,59.73,60.32
72:a5:12:55:c5:00,2024-01-21T21:45:00Z,2024-01-21T21:50:00Z,16.7,60.9,-82.31
72:a5:12:55:c5:00,2024-01-21T21:50:00Z,2024-01-21T21:55:00Z,17.96,57.91,81.95
72:a5:12:55:c5:00,2024-01-21T21:55:00Z,2024-01-21T22:00:00Z,16.3,56.73,-18.5
72:a5:12:55:c5:00,2024-01-21T22:00:00Z,2024-01-21T22:05:00Z,17.31,57.66,-46.71
72:a5:12:55:c5:00,2024-01-21T22:05:00Z,2024-01-21T22:10:00Z,17.57,57.6,64.76
72:a5:12:55:c5:00,2024-01-21T22:10:00Z,2024-01-21T22:15:00Z,18.14,56.2,-3.06
72:a5:12:55:c5:00,2024-01-21T22:15:00Z,2024-01-21T22:20:00Z,16.6,60.36,113.95
72:a5:12:55:c5:00,2024-01-21T22:20:00Z,2024-01-21T22:25:00Z,16.32,55.12,-51.17
72:a5:12:55:c5:00,2024-01-21T22:25:00Z,2024-01-21T22:30:00Z,17.15,54.2,-103.9
72:a5:12:55:c5:00,2024-01-21T22:30:00Z,2024-01-21T22:35:00Z,16.52,56.84,-16.83
72:a5:12:55:c5:00,2024-01-21T22:35:00Z,2024-01-21T22:40:00Z,17.25,54.65,47.35
72:a5:12:55:c5:00,2024-01-21T22:40:00Z,2024-01-21T22:45:00Z,17.8,56.99,-55.63
72:a5:12:55:c5:00,2024-01-21T22:45:00Z,2024-01-21T22:50:00Z,16.97,54.33,-79.81
72:a5:12:55:c5:00,2024-01-21T22:50:00Z,2024-01-21T22:55:00Z,16.64,55.2,13.74
72:a5:12:55:c5:00,2024-01-21T22:55:00Z,2024-01-21T23:00:00Z,17.54,59.78,-87.82
72:a5:12:55:c5:00,2024-01-21T23:00:00Z,2024-01-21T23:05:00Z,19.22,52.29,18.4
72:a5:12:55:c5:00,2024-01-21T23:05:00Z,2024-01-21T23:10:00Z,17.69,51.51,-20.44
72:a5:12:55:c5:00,2024-01-21T23:10:00Z,2024-01-21T23:15:00Z,19.2,55.45,29.67
72:a5:12:55:c5:00,2024-01-21T23:15:00Z,2024-01-21T23:20:00Z,19.2,51.0,-83.03
72:a5:12:55:c5:00,2024-01-21T23:20:00Z,2024-01-21T23:25:00Z,19.28,51.72,77.89
72:a5:12:55:c5:00,2024-01-21T23:25:00Z,2024-01-21T23:30:00Z,19.44,54.26,-10.98
72:a5:12:55:c5:00,2024-01-21T23:30:00Z,2024-01-21T23:35:00Z,20.03,54.98,45.81
72:a5:12:55:c5:00,2024-01-21T23:35:00Z,2024-01-21T23:40:00Z,18.49,55.55,57.59
72:a5:12:55:c5:00,2024-01-21T23:40:00Z,2024-01-21T23:45:00Z,18.77,51.61,-69.45
72:a5:12:55:c5:00,2024-01-21T23:45:00Z,2024-01-21T23:50:00Z,18.46,54.3,52.94
72:a5:12:55:c5:00,2024-01-21T23:50:00Z,2024-01-21T23:55:00Z,18.71,52.17,-85.5
72:a5:12:55:c5:00,2024-01-21T23:55:00Z,2024-01-22T00:00:00Z,19.63,51.89,-82.21
72:a5:12:55:c5:00,2024-01-22T00:00:00Z,2024-01-22T00:05:00Z,19.19,52.41,117.84
72:a5:12:55:c5:00,2024-01-22T00:05:00Z,2024-01-22T00:10:00Z,19.48,48.9,66.71
72:a5:12:55:c5:00,2024-01-22T00:10:00Z,2024-01-22T00:15:00Z,20.83,50.56,124.42
72:a5:12:55:c5:00,2024-01-22T00:15:00Z,2024-01-22T00:20:00Z,20.61,50.31,-22.21
72:a5:12:55:c5:00,2024-01-22T00:20:00Z,2024-01-22T00:25:00Z,19.78,47.86,6.15
72:a5:12:55:c5:00,2024-01-22T00:25:00Z,2024-01-22T00:30:00Z,20.51,51.93,31.64
72:a5:12:55:c5:00,2024-01-22T00:30:00Z,2024-01-22T00:35:00Z,20.2,51.12,-0.73
72:a5:12:55:c5:00,2024-01-22T00:35:00Z,2024-01-22T00:40:00Z,20.9,46.03,-44.77
72:a5:12:55:c5:00,2024-01-22T00:40:00Z,2024-01-22T00:45:00Z,20.04,50.55,-53.77
72:a5:12:55:c5:00,2024-01-22T00:45:00Z,2024-01-22T00:50:00Z,20.62,48.45,12.83
72:a5:12:55:c5:00,2024-01-22T00:50:00Z,2024-01-22T00:55:00Z,21.59,52.19,-64.01
72:a5:12:55:c5:00,2024-01-22T00:55:00Z,2024-01-22T01:00:00Z,20.36,47.11,-65.69
72:a5:12:55:c5:00,2024-01-22T01:00:00Z,2024-01-22T01:05:00Z,21.32,46.18,541.25
72:a5:12:55:c5:00,2024-01-22T01:05:00Z,2024-01-22T01:10:00Z,21.73,47.62,511.93
72:a5:12:55:c5:00,2024-01-22T01:10:00Z,2024-01-22T01:15:00Z,21.07,47.0,573.87
72:a5:12:55:c5:00,2024-01-22T01:15:00Z,2024-01-22T01:20:00Z,22.73,48.42,492.14
72:a5:12:55:c5:00,2024-01-22T01:20:00Z,2024-01-22T01:25:00Z,21.4,43.86,482.76
72:a5:12:55:c5:00,2024-01-22T01:25:00Z,2024-01-22T01:30:00Z,21.13,50.2,543.05
72:a5:12:55:c5:00,2024-01-22T01:30:00Z,2024-01-22T01:35:00Z,20.79,47.94,468.92
72:a5:12:55:c5:00,2024-01-22T01:35:00Z,2024-01-22T01:40:00Z,21.95,49.61,478.15
72:a5:12:55:c5:00,2024-01-22T01:40:00Z,2024-01-22T01:45:00Z,21.81,48.64,480.53
72:a5:12:55:c5:00,2024-01-22T01:45:00Z,2024-01-22T01:50:00Z,21.0,46.87,505.06
72:a5:12:55:c5:00,2024-01-22T01:50:00Z,2024-01-22T01:55:00Z,21.64,44.33,623.98
72:a5:12:55:c5:00,2024-01-22T01:55:00Z,2024-01-22T02:00:00Z,20.39,45.77,435.03
72:a5:12:55:c5:00,2024-01-22T02:00:00Z,2024-01-22T02:05:00Z,22.61,47.18,1077.73
72:a5:12:55:c5:00,2024-01-22T02:05:00Z,2024-01-22T02:10:00Z,22.77,46.77,1044.27
72:a5:12:55:c5:00,2024-01-22T02:10:00Z,2024-01-22T02:15:00Z,23.52,42.76,1094.02
72:a5:12:55:c5:00,2024-01-22T02:15:00Z,2024-01-22T02:20:00Z,22.04,38.36,1188.2
72:a5:12:55:c5:00,2024-01-22T02:20:00Z,2024-01-22T02:25:00Z,21.73,43.57,1085.89
72:a5:12:55:c5:00,2024-01-22T02:25:00Z,2024-01-22T02:30:00Z,21.96,43.42,1055.54
72:a5:12:55:c5:00,2024-01-22T02:30:00Z,2024-01-22T02:35:00Z,21.7,43.5,921.25
72:a5:12:55:c5:00,2024-01-22T02:35:00Z,2024-01-22T02:40:00Z,23.3,45.06,928.83
72:a5:12:55:c5:00,2024-01-22T02:40:00Z,2024-01-22T02:45:00Z,23.43,45.75,1021.61
72:a5:12:55:c5:00,2024-01-22T02:45:00Z,2024-01-22T02:50:00Z,22.69,45.98,898.12
72:a5:12:55:c5:00,2024-01-22T02:50:00Z,2024-01-22T02:55:00Z,23.23,44.89,1036.93
72:a5:12:55:c5:00,2024-01-22T02:55:00Z,2024-01-22T03:00:00Z,22.58,40.4,871.9
72:a5:12:55:c5:00,2024-01-22T03:00:00Z,2024-01-22T03:05:00Z,23.48,40.83,1483.35
72:a5:12:55:c5:00,2024-01-22T03:05:00Z,2024-01-22T03:10:00Z,23.34,46.12,1394.91
72:a5:12:55:c5:00,2024-01-22T03:10:00Z,2024-01-22T03:15:00Z,23.35,42.26,1421.81
72:a5:12:55:c5:00,2024-01-22T03:15:00Z,2024-01-22T03:20:00Z,22.61,42.25,1369.31
72:a5:12:55:c5:00,2024-01-22T03:20:00Z,2024-01-22T03:25:00Z,23.69,42.23,1300.3
72:a5:12:55:c5:00,2024-01-22T03:25:00Z,2024-01-22T03:30:00Z,23.51,42.35,1488.3
72:a5:12:55:c5:00,2024-01-22T03:30:00Z,2024-01-22T03:35:00Z,23.98,36.75,1494.36
72:a5:12:55:c5:00,2024-01-22T03:35:00Z,2024-01-22T03:40:00Z,23.59,41.04,1393.12
72:a5:12:55:c5:00,2024-01-22T03:40:00Z,2024-01-22T03:45:00Z,23.44,41.44,1453.93
72:a5:12:55:c5:00,2024-01-22T03:45:00Z,2024-01-22T03:50:00Z,23.01,44.08,1390.76
72:a5:12:55:c5:00,2024-01-22T03:50:00Z,2024-01-22T03:55:00Z,23.58,41.61,1431.52
72:a5:12:55:c5:00,2024-01-22T03:55:00Z,2024-01-22T04:00:00Z,23.98,38.22,1459.76
72:a5:12:55:c5:00,2024-01-22T04:00:00Z,2024-01-22T04:05:00Z,23.64,40.47,1765.36
72:a5:12:55:c5:00,2024-01-22T04:05:00Z,2024-01-22T04:10:00Z,24.38,38.0,1812.51
72:a5:12:55:c5:00,2024-01-22T04:10:00Z,2024-01-22T04:15:00Z,24.47,37.17,1763.18
72:a5:12:55:c5:00,2024-01-22T04:15:00Z,2024-01-22T04:20:00Z,23.9,37.94,1733.74
72:a5:12:55:c5:00,2024-01-22T04:20:00Z,2024-01-22T04:25:00Z,23.98,40.69,1686.37
72:a5:12:55:c5:00,2024-01-22T04:25:00Z,2024-01-22T04:30:00Z,24.47,42.13,1703.34
72:a5:12:55:c5:00,2024-01-22T04:30:00Z,2024-01-22T04:35:00Z,23.65,40.57,1780.65
72:a5:12:55:c5:00,2024-01-22T04:35:00Z,2024-01-22T04:40:00Z,24.54,40.87,1641.94
72:a5:12:55:c5:00,2024-01-22T04:40:00Z,2024-01-22T04:45:00Z,23.79,40.55,1798.4
72:a5:12:55:c5:00,2024-01-22T04:45:00Z,2024-01-22T04:50:00Z,24.97,39.81,1715.18
72:a5:12:55:c5:00,2024-01-22T04:50:00Z,2024-01-22T04:55:00Z,25.73,41.0,1682.93
72:a5:12:55:c5:00,2024-01-22T04:55:00Z,2024-01-22T05:00:00Z,23.81,34.77,1666.13
72:a5:12:55:c5:00,2024-01-22T05:00:00Z,2024-01-22T05:05:00Z,25.15,38.63,1972.31
72:a5:12:55:c5:00,2024-01-22T05:05:00Z,2024-01-22T05:10:00Z,24.39,36.32,1930.97
72:a5:12:55:c5:00,2024-01-22T05:10:00Z,2024-01-22T05:15:00Z,25.45,40.73,2027.18
72:a5:12:55:c5:00,2024-01-22T05:15:00Z,2024-01-22T05:20:00Z,24.07,38.11,1856.07
72:a5:12:55:c5:00,2024-01-22T05:20:00Z,2024-01-22T05:25:00Z,25.12,38.47,1897.16
72:a5:12:55:c5:00,2024-01-22T05:25:00Z,2024-01-22T05:30:00Z,24.31,35.4,1926.32
72:a5:12:55:c5:00,2024-01-22T05:30:00Z,2024-01-22T05:35:00Z,24.71,40.44,1886.74
72:a5:12:55:c5:00,2024-01-22T05:35:00Z,2024-01-22T05:40:00Z,24.21,39.66,1932.22
72:a5:12:55:c5:00,2024-01-22T05:40:00Z,2024-01-22T05:45:00Z,25.32,39.52,1951.02
72:a5:12:55:c5:00,2024-01-22T05:45:00Z,2024-01-22T05:50:00Z,24.33,36.78,1960.92
72:a5:12:55:c5:00,2024-01-22T05:50:00Z,2024-01-22T05:55:00Z,25.16,36.86,2022.22
72:a5:12:55:c5:00,2024-01-22T05:55:00Z,2024-01-22T06:00:00Z,24.62,38.86,1853.64
72:a5:12:55:c5:00,2024-01-22T06:00:00Z,2024-01-22T06:05:00Z,24.93,36.61,2020.27
72:a5:12:55:c5:00,2024-01-22T06:05:00Z,2024-01-22T06:10:00Z,25.09,38.87,1961.18
72:a5:12:55:c5:00,2024-01-22T06:10:00Z,2024-01-22T06:15:00Z,24.54,33.68,2025.8
72:a5:12:55:c5:00,2024-01-22T06:15:00Z,2024-01-22T06:20:00Z,25.13,37.02,2025.88
72:a5:12:55:c5:00,2024-01-22T06:20:00Z,2024-01-22T06:25:00Z,25.92,41.59,1940.78
72:a5:12:55:c5:00,2024-01-22T06:25:00Z,2024-01-22T06:30:00Z,24.53,38.88,1945.93
72:a5:12:55:c5:00,2024-01-22T06:30:00Z,2024-01-22T06:35:00Z,25.7,38.33,2030.7
72:a5:12:55:c5:00,2024-01-22T06:35:00Z,2024-01-22T06:40:00Z,25.9,41.97,2001.4
72:a5:12:55:c5:00,2024-01-22T06:40:00Z,2024-01-22T06:45:00Z,24.51,33.33,1986.82
72:a5:12:55:c5:00,2024-01-22T06:45:00Z,2024-01-22T06:50:00Z,24.13,36.37,2039.48
72:a5:12:55:c5:00,2024-01-22T06:50:00Z,2024-01-22T06:55:00Z,25.18,37.2,2043.9
72:a5:12:55:c5:00,2024-01-22T06:55:00Z,2024-01-22T07:00:00Z,24.67,39.72,1968.22
72:a5:12:55:c5:00,2024-01-22T07:00:00Z,2024-01-22T07:05:00Z,25.95,40.16,1880.73
72:a5:12:55:c5:00,2024-01-22T07:05:00Z,2024-01-22T07:10:00Z,24.85,36.68,1856.14
72:a5:12:55:c5:00,2024-01-22T07:10:00Z,2024-01-22T07:15:00Z,24.35,40.4,1933.86
72:a5:12:55:c5:00,2024-01-22T07:15:00Z,2024-01-22T07:20:00Z,24.14,37.6,1846.46
72:a5:12:55:c5:00,2024-01-22T07:20:00Z,2024-01-22T07:25:00Z,25.48,40.83,1937.82
72:a5:12:55:c5:00,2024-01-22T07:25:00Z,2024-01-22T07:30:00Z,24.49,36.34,2004.86
72:a5:12:55:c5:00,2024-01-22T07:30:00Z,2024-01-22T07:35:00Z,24.86,38.16,1910.64
72:a5:12:55:c5:00,2024-01-22T07:35:00Z,2024-01-22T07:40:00Z,25.4,37.43,1899.68
72:a5:12:55:c5:00,2024-01-22T07:40:00Z,2024-01-22T07:45:00Z,24.54,40.52,2051.72
72:a5:12:55:c5:00,2024-01-22T07:45:00Z,2024-01-22T07:50:00Z,24.8,37.36,2022.43
72:a5:12:55:c5:00,2024-01-22T07:50:00Z,2024-01-22T07:55:00Z,24.82,38.32,1885.98
72:a5:12:55:c5:00,2024-01-22T07:55:00Z,2024-01-22T08:00:00Z,25.24,39.42,1940.19
72:a5:12:55:c5:00,2024-01-22T08:00:00Z,2024-01-22T08:05:00Z,24.68,40.7,1751.77
72:a5:12:55:c5:00,2024-01-22T08:05:00Z,2024-01-22T08:10:00Z,24.2,41.38,1744.27
72:a5:12:55:c5:00,2024-01-22T08:10:00Z,2024-01-22T08:15:00Z,24.37,40.03,1840.93
72:a5:12:55:c5:00,2024-01-22T08:15:00Z,2024-01-22T08:20:00Z,24.11,38.77,1737.28
72:a5:12:55:c5:00,2024-01-22T08:20:00Z,2024-01-22T08:25:00Z,23.44,38.91,1746.28
72:a5:12:55:c5:00,2024-01-22T08:25:00Z,2024-01-22T08:30:00Z,24.48,39.66,1773.37
72:a5:12:55:c5:00,2024-01-22T08:30:00Z,2024-01-22T08:35:00Z,25.47,40.11,1803.45
72:a5:12:55:c5:00,2024-01-22T08:35:00Z,2024-01-22T08:40:00Z,23.8,39.31,1788.26
72:a5:12:55:c5:00,2024-01-22T08:40:00Z,2024-01-22T08:45:00Z,23.87,39.65,1764.34
72:a5:12:55:c5:00,2024-01-22T08:45:00Z,2024-01-22T08:50:00Z,23.81,36.57,1638.53
72:a5:12:55:c5:00,2024-01-22T08:50:00Z,2024-01-22T08:55:00Z,24.76,40.94,1702.76
72:a5:12:55:c5:00,2024-01-22T08:55:00Z,2024-01-22T09:00:00Z,24.6,39.97,1781.22
72:a5:12:55:c5:00,2024-01-22T09:00:00Z,2024-01-22T09:05:00Z,23.44,43.52,1429.24
72:a5:12:55:c5:00,2024-01-22T09:05:00Z,2024-01-22T09:10:00Z,22.98,41.52,1463.78
72:a5:12:55:c5:00,2024-01-22T09:10:00Z,2024-01-22T09:15:00Z,23.59,38.04,1527.44
72:a5:12:55:c5:00,2024-01-22T09:15:00Z,2024-01-22T09:20:00Z,22.6,40.8,1343.6
72:a5:12:55:c5:00,2024-01-22T09:20:00Z,2024-01-22T09:25:00Z,23.62,41.11,1482.49
72:a5:12:55:c5:00,2024-01-22T09:25:00Z,2024-01-22T09:30:00Z,24.06,43.0,1394.39
72:a5:12:55:c5:00,2024-01-22T09:30:00Z,2024-01-22T09:35:00Z,22.78,37.37,1470.33
72:a5:12:55:c5:00,2024-01-22T09:35:00Z,2024-01-22T09:40:00Z,22.62,41.6,1411.74
72:a5:12:55:c5:00,2024-01-22T09:40:00Z,2024-01-22T09:45:00Z,24.48,42.54,1541.83
72:a5:12:55:c5:00,2024-01-22T09:45:00Z,2024-01-22T09:50:00Z,23.17,40.19,1422.02
72:a5:12:55:c5:00,2024-01-22T09:50:00Z,2024-01-22T09:55:00Z,24.22,41.66,1375.78
72:a5:12:55:c5:00,2024-01-22T09:55:00Z,2024-01-22T10:00:00Z,23.44,40.26,1439.41
72:a5:12:55:c5:00,2024-01-22T10:00:00Z,2024-01-22T10:05:00Z,22.4,42.54,1019.44
72:a5:12:55:c5:00,2024-01-22T10:05:00Z,2024-01-22T10:10:00Z,22.76,43.18,1068.29
72:a5:12:55:c5:00,2024-01-22T10:10:00Z,2024-01-22T10:15:00Z,21.97,42.58,1026.88
72:a5:12:55:c5:00,2024-01-22T10:15:00Z,2024-01-22T10:20:00Z,22.58,45.37,1148.5
72:a5:12:55:c5:00,2024-01-22T10:20:00Z,2024-01-22T10:25:00Z,22.27,42.53,993.32
72:a5:12:55:c5:00,2024-01-22T10:25:00Z,2024-01-22T10:30:00Z,21.71,42.19,994.02
72:a5:12:55:c5:00,2024-01-22T10:30:00Z,2024-01-22T10:35:00Z,22.7,47.54,963.77
72:a5:12:55:c5:00,2024-01-22T10:35:00Z,2024-01-22T10:40:00Z,22.34,45.92,1005.14
72:a5:12:55:c5:00,2024-01-22T10:40:00Z,2024-01-22T10:45:00Z,22.41,40.28,1013.86
72:a5:12:55:c5:00,2024-01-22T10:45:00Z,2024-01-22T10:50:00Z,21.77,42.47,1016.87
72:a5:12:55:c5:00,2024-01-22T10:50:00Z,2024-01-22T10:55:00Z,23.45,44.48,1004.03
72:a5:12:55:c5:00,2024-01-22T10:55:00Z,2024-01-22T11:00:00Z,23.03,44.65,963.41
72:a5:12:55:c5:00,2024-01-22T11:00:00Z,2024-01-22T11:05:00Z,21.87,43.91,464.74
72:a5:12:55:c5:00,2024-01-22T11:05:00Z,2024-01-22T11:10:00Z,21.11,49.21,495.13
72:a5:12:55:c5:00,2024-01-22T11:10:00Z,2024-01-22T11:15:00Z,20.26,48.54,586.13
72:a5:12:55:c5:00,2024-01-22T11:15:00Z,2024-01-22T11:20:00Z,22.47,47.86,599.05
72:a5:12:55:c5:00,2024-01-22T11:20:00Z,2024-01-22T11:25:00Z,21.26,49.61,513.02
72:a5:12:55:c5:00,2024-01-22T11:25:00Z,2024-01-22T11:30:00Z,20.84,47.8,461.14
72:a5:12:55:c5:00,2024-01-22T11:30:00Z,2024-01-22T11:35:00Z,21.54,47.79,512.77
72:a5:12:55:c5:00,2024-01-22T11:35:00Z,2024-01-22T11:40:00Z,21.99,50.01,643.14
72:a5:12:55:c5:00,2024-01-22T11:40:00Z,2024-01-22T11:45:00Z,21.28,49.1,577.58
72:a5:12:55:c5:00,2024-01-22T11:45:00Z,2024-01-22T11:50:00Z,22.06,45.21,550.68
72:a5:12:55:c5:00,2024-01-22T11:50:00Z,2024-01-22T11:55:00Z,21.94,48.16,575.4
72:a5:12:55:c5:00,2024-01-22T11:55:00Z,2024-01-22T12:00:00Z,20.65,45.57,610.07
72:a5:12:55:c5:00,2024-01-22T12:00:00Z,2024-01-22T12:05:00Z,19.6,51.01,-69.17
72:a5:12:55:c5:00,2024-01-22T12:05:00Z,2024-01-22T12:10:00Z,20.57,50.95,-23.52
72:a5:12:55:c5:00,2024-01-22T12:10:00Z,2024-01-22T12:15:00Z,18.37,47.23,-31.72
72:a5:12:55:c5:00,2024-01-22T12:15:00Z,2024-01-22T12:20:00Z,19.91,49.76,35.23
72:a5:12:55:c5:00,2024-01-22T12:20:00Z,2024-01-22T12:25:00Z,19.14,50.53,9.61
72:a5:12:55:c5:00,2024-01-22T12:25:00Z,2024-01-22T12:30:00Z,19.71,49.13,45.38
72:a5:12:55:c5:00,2024-01-22T12:30:00Z,2024-01-22T12:35:00Z,19.82,50.63,-30.41
72:a5:12:55:c5:00,2024-01-22T12:35:00Z,2024-01-22T12:40:00Z,19.79,51.61,82.32
72:a5:12:55:c5:00,2024-01-22T12:40:00Z,2024-01-22T12:45:00Z,19.67,49.94,-4.16
72:a5:12:55:c5:00,2024-01-22T12:45:00Z,2024-01-22T12:50:00Z,19.34,50.45,41.67
72:a5:12:55:c5:00,2024-01-22T12:50:00Z,2024-01-22T12:55:00Z,21.38,52.77,71.72
72:a5:12:55:c5:00,2024-01-22T12:55:00Z,2024-01-22T13:00:00Z,21.12,50.95,66.91
72:a5:12:55:c5:00,2024-01-22T13:00:00Z,2024-01-22T13:05:00Z,18.01,53.51,21.65
72:a5:12:55:c5:00,2024-01-22T13:05:00Z,2024-01-22T13:10:00Z,19.66,51.19,49.16
72:a5:12:55:c5:00,2024-01-22T13:10:00Z,2024-01-22T13:15:00Z,18.47,54.45,104.5
72:a5:12:55:c5:00,2024-01-22T13:15:00Z,2024-01-22T13:20:00Z,18.78,53.77,30.82
72:a5:12:55:c5:00,2024-01-22T13:20:00Z,2024-01-22T13:25:00Z,18.67,55.67,-43.78
72:a5:12:55:c5:00,2024-01-22T13:25:00Z,2024-01-22T13:30:00Z,18.31,53.2,34.98
72:a5:12:55:c5:00,2024-01-22T13:30:00Z,2024-01-22T13:35:00Z,19.3,49.47,-2.24
72:a5:12:55:c5:00,2024-01-22T13:35:00Z,2024-01-22T13:40:00Z,18.78,49.71,-140.88
72:a5:12:55:c5:00,2024-01-22T13:40:00Z,2024-01-22T13:45:00Z,18.42,54.58,27.72
72:a5:12:55:c5:00,2024-01-22T13:45:00Z,2024-01-22T13:50:00Z,17.92,51.97,7.0
72:a5:12:55:c5:00,2024-01-22T13:50:00Z,2024-01-22T13:55:00Z,18.17,53.98,69.39
72:a5:12:55:c5:00,2024-01-22T13:55:00Z,2024-01-22T14:00:00Z,17.72,53.33,-45.01
72:a5:12:55:c5:00,2024-01-22T14:00:00Z,2024-01-22T14:05:00Z,17.51,55.67,-90.34
72:a5:12:55:c5:00,2024-01-22T14:05:00Z,2024-01-22T14:10:00Z,16.78,55.81,10.12
72:a5:12:55:c5:00,2024-01-22T14:10:00Z,2024-01-22T14:15:00Z,17.34,54.27,22.81
72:a5:12:55:c5:00,2024-01-22T14:15:00Z,2024-01-22T14:20:00Z,18.32,55.97,5.63
72:a5:12:55:c5:00,2024-01-22T14:20:00Z,2024-01-22T14:25:00Z,18.22,54.83,1.24
72:a5:12:55:c5:00,2024-01-22T14:25:00Z,2024-01-22T14:30:00Z,17.48,55.26,-64.12
72:a5:12:55:c5:00,2024-01-22T14:30:00Z,2024-01-22T14:35:00Z,17.45,55.35,-8.34
72:a5:12:55:c5:00,2024-01-22T14:35:00Z,2024-01-22T14:40:00Z,18.63,55.55,-20.9
72:a5:12:55:c5:00,2024-01-22T14:40:00Z,2024-01-22T14:45:00Z,17.81,57.84,64.36
72:a5:12:55:c5:00,2024-01-22T14:45:00Z,2024-01-22T14:50:00Z,17.3,55.74,22.76
72:a5:12:55:c5:00,2024-01-22T14:50:00Z,2024-01-22T14:55:00Z,16.64,58.05,-16.68
72:a5:12:55:c5:00,2024-01-22T14:55:00Z,2024-01-22T15:00:00Z,17.74,59.08,103.43
72:a5:12:55:c5:00,2024-01-22T15:00:00Z,2024-01-22T15:05:00Z,16.96,60.2,-16.13
72:a5:12:55:c5:00,2024-01-22T15:05:00Z,2024-01-22T15:10:00Z,16.09,59.55,33.47
72:a5:12:55:c5:00,2024-01-22T15:10:00Z,2024-01-22T15:15:00Z,16.64,59.14,-10.02
72:a5:12:55:c5:00,2024-01-22T15:15:00Z,2024-01-22T15:20:00Z,16.25,60.22,97.87
72:a5:12:55:c5:00,2024-01-22T15:20:00Z,2024-01-22T15:25:00Z,16.35,58.66,5.21
72:a5:12:55:c5:00,2024-01-22T15:25:00Z,2024-01-22T15:30:00Z,14.97,60.45,6.98
72:a5:12:55:c5:00,2024-01-22T15:30:00Z,2024-01-22T15:35:00Z,16.33,59.71,-8.39
72:a5:12:55:c5:00,2024-01-22T15:35:00Z,2024-01-22T15:40:00Z,17.05,57.77,11.79
72:a5:12:55:c5:00,2024-01-22T15:40:00Z,2024-01-22T15:45:00Z,16.09,60.28,71.97
72:a5:12:55:c5:00,2024-01-22T15:45:00Z,2024-01-22T15:50:00Z,16.5,58.67,50.75
72:a5:12:55:c5:00,2024-01-22T15:50:00Z,2024-01-22T15:55:00Z,16.01,58.27,1.68
72:a5:12:55:c5:00,2024-01-22T15:55:00Z,2024-01-22T16:00:00Z,16.68,57.53,102.08
72:a5:12:55:c5:00,2024-01-22T16:00:00Z,2024-01-22T16:05:00Z,15.54,60.72,52.38
72:a5:12:55:c5:00,2024-01-22T16:05:00Z,2024-01-22T16:10:00Z,15.11,62.39,-26.29
72:a5:12:55:c5:00,2024-01-22T16:10:00Z,2024-01-22T16:15:00Z,16.47,62.17,-82.82
72:a5:12:55:c5:00,2024-01-22T16:15:00Z,2024-01-22T16:20:00Z,16.23,61.1,-24.9
72:a5:12:55:c5:00,2024-01-22T16:20:00Z,2024-01-22T16:25:00Z,15.31,61.59,24.8
72:a5:12:55:c5:00,2024-01-22T16:25:00Z,2024-01-22T16:30:00Z,15.97,62.94,35.83
72:a5:12:55:c5:00,2024-01-22T16:30:00Z,2024-01-22T16:35:00Z,15.99,60.09,81.55
72:a5:12:55:c5:00,2024-01-22T16:35:00Z,2024-01-22T16:40:00Z,16.06,58.16,-65.67
72:a5:12:55:c5:00,2024-01-22T16:40:00Z,2024-01-22T16:45:00Z,14.65,62.99,-26.35
72:a5:12:55:c5:00,2024-01-22T16:45:00Z,2024-01-22T16:50:00Z,16.27,59.33,-70.66
72:a5:12:55:c5:00,2024-01-22T16:50:00Z,2024-01-22T16:55:00Z,15.33,59.01,-80.33
72:a5:12:55:c5:00,2024-01-22T16:55:00Z,2024-01-22T17:00:00Z,15.46,56.8,-37.67
72:a5:12:55:c5:00,2024-01-22T17:00:00Z,2024-01-22T17:05:00Z,16.75,62.73,22.0
72:a5:12:55:c5:00,2024-01-22T17:05:00Z,2024-01-22T17:10:00Z,15.35,58.35,46.28
72:a5:12:55:c5:00,2024-01-22T17:10:00Z,2024-01-22T17:15:00Z,14.94,60.09,-56.9
72:a5:12:55:c5:00,2024-01-22T17:15:00Z,2024-01-22T17:20:00Z,13.85,62.77,-48.56
72:a5:12:55:c5:00,2024-01-22T17:20:00Z,2024-01-22T17:25:00Z,16.0,63.03,-106.79
72:a5:12:55:c5:00,2024-01-22T17:25:00Z,2024-01-22T17:30:00Z,14.36,60.29,12.86
72:a5:12:55:c5:00,2024-01-22T17:30:00Z,2024-01-22T17:35:00Z,14.57,61.32,-43.93
72:a5:12:55:c5:00,2024-01-22T17:35:00Z,2024-01-22T17:40:00Z,14.97,59.85,99.78
72:a5:12:55:c5:00,2024-01-22T17:40:00Z,2024-01-22T17:45:00Z,16.02,60.49,24.59
72:a5:12:55:c5:00,2024-01-22T17:45:00Z,2024-01-22T17:50:00Z,15.63,62.12,-10.29
72:a5:12:55:c5:00,2024-01-22T17:50:00Z,2024-01-22T17:55:00Z,15.08,60.59,-38.47
72:a5:12:55:c5:00,2024-01-22T17:55:00Z,2024-01-22T18:00:00Z,15.36,61.1,-89.68
72:a5:12:55:c5:00,2024-01-22T18:00:00Z,2024-01-22T18:05:00Z,14.64,59.07,-82.07
72:a5:12:55:c5:00,2024-01-22T18:05:00Z,2024-01-22T18:10:00Z,15.08,64.27,-37.33
72:a5:12:55:c5:00,2024-01-22T18:10:00Z,2024-01-22T18:15:00Z,15.04,63.02,-41.93
72:a5:12:55:c5:00,2024-01-22T18:15:00Z,2024-01-22T18:20:00Z,15.58,63.59,-59.95
72:a5:12:55:c5:00,2024-01-22T18:20:00Z,2024-01-22T18:25:00Z,15.58,64.58,22.63
72:a5:12:55:c5:00,2024-01-22T18:25:00Z,2024-01-22T18:30:00Z,15.3,60.35,30.86
72:a5:12:55:c5:00,2024-01-22T18:30:00Z,2024-01-22T18:35:00Z,14.78,61.28,-27.52
72:a5:12:55:c5:00,2024-01-22T18:35:00Z,2024-01-22T18:40:00Z,15.45,58.21,116.11
72:a5:12:55:c5:00,2024-01-22T18:40:00Z,2024-01-22T18:45:00Z,14.94,68.28,-104.8
72:a5:12:55:c5:00,2024-01-22T18:45:00Z,2024-01-22T18:50:00Z,14.35,61.7,3.49
72:a5:12:55:c5:00,2024-01-22T18:50:00Z,2024-01-22T18:55:00Z,14.76,64.08,-13.11
72:a5:12:55:c5:00,2024-01-22T18:55:00Z,2024-01-22T19:00:00Z,15.05,59.52,-33.04
72:a5:12:55:c5:00,2024-01-22T19:00:00Z,2024-01-22T19:05:00Z,15.72,63.58,-41.86
72:a5:12:55:c5:00,2024-01-22T19:05:00Z,2024-01-22T19:10:00Z,15.06,65.31,-0.42
72:a5:12:55:c5:00,2024-01-22T19:10:00Z,2024-01-22T19:15:00Z,14.44,61.47,-13.53
72:a5:12:55:c5:00,2024-01-22T19:15:00Z,2024-01-22T19:20:00Z,15.2,59.57,-23.51
72:a5:12:55:c5:00,2024-01-22T19:20:00Z,2024-01-22T19:25:00Z,15.24,61.31,-77.92
72:a5:12:55:c5:00,2024-01-22T19:25:00Z,2024-01-22T19:30:00Z,15.28,57.14,-97.09
72:a5:12:55:c5:00,2024-01-22T19:30:00Z,2024-01-22T19:35:00Z,15.72,61.52,-17.31
72:a5:12:55:c5:00,2024-01-22T19:35:00Z,2024-01-22T19:40:00Z,15.78,63.23,-24.13
72:a5:12:55:c5:00,2024-01-22T19:40:00Z,2024-01-22T19:45:00Z,14.81,61.52,-11.82
72:a5:12:55:c5:00,2024-01-22T19:45:00Z,2024-01-22T19:50:00Z,14.8,61.02,-6.52
72:a5:12:55:c5:00,2024-01-22T19:50:00Z,2024-01-22T19:55:00Z,14.55,62.65,-31.35
72:a5:12:55:c5:00,2024-01-22T19:55:00Z,2024-01-22T20:00:00Z,15.59,62.8,-12.74
72:a5:12:55:c5:00,2024-01-22T20:00:00Z,2024-01-22T20:05:00Z,16.54,57.07,-51.21
72:a5:12:55:c5:00,2024-01-22T20:05:00Z,2024-01-22T20:10:00Z,15.48,60.57,91.44
72:a5:12:55:c5:00,2024-01-22T20:10:00Z,2024-01-22T20:15:00Z,15.53,65.26,-47.98
72:a5:12:55:c5:00,2024-01-22T20:15:00Z,2024-01-22T20:20:00Z,16.55,57.72,-22.26
72:a5:12:55:c5:00,2024-01-22T20:20:00Z,2024-01-22T20:25:00Z,15.97,60.22,-43.43
72:a5:12:55:c5:00,2024-01-22T20:25:00Z,2024-01-22T20:30:00Z,15.93,64.28,-44.43
72:a5:12:55:c5:00,2024-01-22T20:30:00Z,2024-01-22T20:35:00Z,14.96,62.6,1.48
72:a5:12:55:c5:00,2024-01-22T20:35:00Z,2024-01-22T20:40:00Z,16.08,59.37,-6.13
72:a5:12:55:c5:00,2024-01-22T20:40:00Z,2024-01-22T20:45:00Z,15.11,60.8,-27.57
72:a5:12:55:c5:00,2024-01-22T20:45:00Z,2024-01-22T20:50:00Z,14.99,60.39,-17.01
72:a5:12:55:c5:00,2024-01-22T20:50:00Z,2024-01-22T20:55:00Z,15.46,58.9,-43.19
72:a5:12:55:c5:00,2024-01-22T20:55:00Z,2024-01-22T21:00:00Z,15.32,60.24,24.1
72:a5:12:55:c5:00,2024-01-22T21:00:00Z,2024-01-22T21:05:00Z,16.33,57.93,123.31
72:a5:12:55:c5:00,2024-01-22T21:05:00Z,2024-01-22T21:10:00Z,15.6,58.71,-52.49
72:a5:12:55:c5:00,2024-01-22T21:10:00Z,2024-01-22T21:15:00Z,17.04,56.99,23.64
72:a5:12:55:c5:00,2024-01-22T21:15:00Z,2024-01-22T21:20:00Z,17.14,55.93,2.7
72:a5:12:55:c5:00,2024-01-22T21:20:00Z,2024-01-22T21:25:00Z,15.3,58.4,40.12
72:a5:12:55:c5:00,2024-01-22T21:25:00Z,2024-01-22T21:30:00Z,17.05,61.92,41.81
72:a5:12:55:c5:00,2024-01-22T21:30:00Z,2024-01-22T21:35:00Z,15.98,58.65,12.32
72:a5:12:55:c5:00,2024-01-22T21:35:00Z,2024-01-22T21:40:00Z,16.98,57.82,-2.39
72:a5:12:55:c5:00,2024-01-22T21:40:00Z,2024-01-22T21:45:00Z,16.42,59.99,-26.07
72:a5:12:55:c5:00,2024-01-22T21:45:00Z,2024-01-22T21:50:00Z,16.48,58.17,-45.9
72:a5:12:55:c5:00,2024-01-22T21:50:00Z,2024-01-22T21:55:00Z,16.35,62.22,-5.81
72:a5:12:55:c5:00,2024-01-22T21:55:00Z,2024-01-22T22:00:00Z,17.19,58.48,-77.08
72:a5:12:55:c5:00,2024-01-22T22:00:00Z,2024-01-22T22:05:00Z,16.76,57.4,-35.63
72:a5:12:55:c5:00,2024-01-22T22:05:00Z,2024-01-22T22:10:00Z,17.86,54.49,66.41
72:a5:12:55:c5:00,2024-01-22T22:10:00Z,2024-01-22T22:15:00Z,18.16,57.01,5.91
72:a5:12:55:c5:00,2024-01-22T22:15:00Z,2024-01-22T22:20:00Z,17.93,56.55,53.56
72:a5:12:55:c5:00,2024-01-22T22:20:00Z,2024-01-22T22:25:00Z,18.89,55.89,88.18
72:a5:12:55:c5:00,2024-01-22T22:25:00Z,2024-01-22T22:30:00Z,17.18,55.0,-10.62
72:a5:12:55:c5:00,2024-01-22T22:30:00Z,2024-01-22T22:35:00Z,18.07,54.72,12.44
72:a5:12:55:c5:00,2024-01-22T22:35:00Z,2024-01-22T22:40:00Z,17.44,56.56,-18.11
72:a5:12:55:c5:00,2024-01-22T22:40:00Z,2024-01-22T22:45:00Z,18.24,57.26,-48.76
72:a5:12:55:c5:00,2024-01-22T22:45:00Z,2024-01-22T22:50:00Z,17.5,55.75,-57.18
72:a5:12:55:c5:00,2024-01-22T22:50:00Z,2024-01-22T22:55:00Z,17.27,56.57,50.59
72:a5:12:55:c5:00,2024-01-22T22:55:00Z,2024-01-22T23:00:00Z,18.28,55.92,12.52
72:a5:12:55:c5:00,2024-01-22T23:00:00Z,2024-01-22T23:05:00Z,18.41,53.3,110.8
72:a5:12:55:c5:00,2024-01-22T23:05:00Z,2024-01-22T23:10:00Z,17.86,52.7,58.32
72:a5:12:55:c5:00,2024-01-22T23:10:00Z,2024-01-22T23:15:00Z,18.4,53.14,-43.87
72:a5:12:55:c5:00,2024-01-22T23:15:00Z,2024-01-22T23:20:00Z,19.08,58.5,50.42
72:a5:12:55:c5:00,2024-01-22T23:20:00Z,2024-01-22T23:25:00Z,19.54,53.73,-18.3
72:a5:12:55:c5:00,2024-01-22T23:25:00Z,2024-01-22T23:30:00Z,18.77,54.4,73.01
72:a5:12:55:c5:00,2024-01-22T23:30:00Z,2024-01-22T23:35:00Z,19.5,53.98,-29.18
72:a5:12:55:c5:00,2024-01-22T23:35:00Z,2024-01-22T23:40:00Z,17.89,52.58,-63.15
72:a5:12:55:c5:00,2024-01-22T23:40:00Z,2024-01-22T23:45:00Z,18.44,55.69,-47.75
72:a5:12:55:c5:00,2024-01-22T23:45:00Z,2024-01-22T23:50:00Z,18.53,52.52,-44.68
72:a5:12:55:c5:00,2024-01-22T23:50:00Z,2024-01-22T23:55:00Z,18.64,55.22,-50.42
72:a5:12:55:c5:00,2024-01-22T23:55:00Z,2024-01-23T00:00:00Z,18.76,52.44,-34.36
72:a5:12:55:c5:00,2024-01-23T00:00:00Z,2024-01-23T00:05:00Z,20.41,48.08,51.4
72:a5:12:55:c5:00,2024-01-23T00:05:00Z,2024-01-23T00:10:00Z,19.73,50.73,107.76
72:a5:12:55:c5:00,2024-01-23T00:10:00Z,2024-01-23T00:15:00Z,20.08,47.79,-79.81
72:a5:12:55:c5:00,2024-01-23T00:15:00Z,2024-01-23T00:20:00Z,19.97,51.07,75.81
72:a5:12:55:c5:00,2024-01-23T00:20:00Z,2024-01-23T00:25:00Z,19.44,47.61,-28.66
72:a5:12:55:c5:00,2024-01-23T00:25:00Z,2024-01-23T00:30:00Z,19.93,49.36,20.87
72:a5:12:55:c5:00,2024-01-23T00:30:00Z,2024-01-23T00:35:00Z,19.91,47.14,-99.25
72:a5:12:55:c5:00,2024-01-23T00:35:00Z,2024-01-23T00:40:00Z,19.9,55.65,31.44
72:a5:12:55:c5:00,2024-01-23T00:40:00Z,2024-01-23T00:45:00Z,20.02,46.69,-120.32
72:a5:12:55:c5:00,2024-01-23T00:45:00Z,2024-01-23T00:50:00Z,20.05,50.02,18.84
72:a5:12:55:c5:00,2024-01-23T00:50:00Z,2024-01-23T00:55:00Z,19.74,52.29,15.44
72:a5:12:55:c5:00,2024-01-23T00:55:00Z,2024-01-23T01:00:00Z,20.76,52.07,11.46
72:a5:12:55:c5:00,2024-01-23T01:00:00Z,2024-01-23T01:05:00Z,20.59,48.6,473.54
72:a5:12:55:c5:00,2024-01-23T01:05:00Z,2024-01-23T01:10:00Z,20.86,46.26,550.61
72:a5:12:55:c5:00,2024-01-23T01:10:00Z,2024-01-23T01:15:00Z,22.96,49.6,541.1
72:a5:12:55:c5:00,2024-01-23T01:15:00Z,2024-01-23T01:20:00Z,20.67,48.72,505.04
72:a5:12:55:c5:00,2024-01-23T01:20:00Z,2024-01-23T01:25:00Z,20.48,47.32,557.95
72:a5:12:55:c5:00,2024-01-23T01:25:00Z,2024-01-23T01:30:00Z,21.73,47.38,511.9
72:a5:12:55:c5:00,2024-01-23T01:30:00Z,2024-01-23T01:35:00Z,20.05,46.29,549.36
72:a5:12:55:c5:00,2024-01-23T01:35:00Z,2024-01-23T01:40:00Z,21.15,45.07,510.09
72:a5:12:55:c5:00,2024-01-23T01:40:00Z,2024-01-23T01:45:00Z,22.58,49.37,530.64
72:a5:12:55:c5:00,2024-01-23T01:45:00Z,2024-01-23T01:50:00Z,20.37,49.52,552.12
72:a5:12:55:c5:00,2024-01-23T01:50:00Z,2024-01-23T01:55:00Z,20.1,45.13,493.76
72:a5:12:55:c5:00,2024-01-23T01:55:00Z,2024-01-23T02:00:00Z,20.39,46.59,443.61
72:a5:12:55:c5:00,2024-01-23T02:00:00Z,2024-01-23T02:05:00Z,23.04,43.71,1016.56
72:a5:12:55:c5:00,2024-01-23T02:05:00Z,2024-01-23T02:10:00Z,23.17,43.93,1071.36
72:a5:12:55:c5:00,2024-01-23T02:10:00Z,2024-01-23T02:15:00Z,22.19,44.13,1017.95
72:a5:12:55:c5:00,2024-01-23T02:15:00Z,2024-01-23T02:20:00Z,22.91,45.89,1019.09
72:a5:12:55:c5:00,2024-01-23T02:20:00Z,2024-01-23T02:25:00Z,23.33,42.51,997.47
72:a5:12:55:c5:00,2024-01-23T02:25:00Z,2024-01-23T02:30:00Z,23.57,42.31,1044.35
72:a5:12:55:c5:00,2024-01-23T02:30:00Z,2024-01-23T02:35:00Z,22.35,46.47,988.84
72:a5:12:55:c5:00,2024-01-23T02:35:00Z,2024-01-23T02:40:00Z,21.12,43.07,972.77
72:a5:12:55:c5:00,2024-01-23T02:40:00Z,2024-01-23T02:45:00Z,22.01,41.47,1066.32
72:a5:12:55:c5:00,2024-01-23T02:45:00Z,2024-01-23T02:50:00Z,22.24,43.03,968.17
72:a5:12:55:c5:00,2024-01-23T02:50:00Z,2024-01-23T02:55:00Z,22.34,43.34,1053.37
72:a5:12:55:c5:00,2024-01-23T02:55:00Z,2024-01-23T03:00:00Z,22.39,47.11,1066.36
72:a5:12:55:c5:00,2024-01-23T03:00:00Z,2024-01-23T03:05:00Z,24.21,43.36,1448.22
72:a5:12:55:c5:00,2024-01-23T03:05:00Z,2024-01-23T03:10:00Z,24.3,43.81,1339.26
72:a5:12:55:c5:00,2024-01-23T03:10:00Z,2024-01-23T03:15:00Z,23.43,43.15,1415.84
72:a5:12:55:c5:00,2024-01-23T03:15:00Z,2024-01-23T03:20:00Z,24.19,43.41,1402.09
72:a5:12:55:c5:00,2024-01-23T03:20:00Z,2024-01-23T03:25:00Z,23.75,40.14,1384.45
72:a5:12:55:c5:00,2024-01-23T03:25:00Z,2024-01-23T03:30:00Z,23.57,41.12,1422.78
72:a5:12:55:c5:00,2024-01-23T03:30:00Z,2024-01-23T03:35:00Z,24.08,39.53,1460.37
72:a5:12:55:c5:00,2024-01-23T03:35:00Z,2024-01-23T03:40:00Z,23.58,41.09,1386.7
72:a5:12:55:c5:00,2024-01-23T03:40:00Z,2024-01-23T03:45:00Z,24.77,42.88,1403.93
72:a5:12:55:c5:00,2024-01-23T03:45:00Z,2024-01-23T03:50:00Z,22.67,41.78,1399.75
72:a5:12:55:c5:00,2024-01-23T03:50:00Z,2024-01-23T03:55:00Z,23.23,44.14,1484.05
72:a5:12:55:c5:00,2024-01-23T03:55:00Z,2024-01-23T04:00:00Z,23.46,39.23,1398.79
72:a5:12:55:c5:00,2024-01-23T04:00:00Z,2024-01-23T04:05:00Z,24.59,40.61,1657.99
72:a5:12:55:c5:00,2024-01-23T04:05:00Z,2024-01-23T04:10:00Z,25.09,37.11,1637.64
72:a5:12:55:c5:00,2024-01-23T04:10:00Z,2024-01-23T04:15:00Z,24.32,39.8,1753.81
72:a5:12:55:c5:00,2024-01-23T04:15:00Z,2024-01-23T04:20:00Z,23.48,41.09,1686.41
72:a5:12:55:c5:00,2024-01-23T04:20:00Z,2024-01-23T04:25:00Z,24.84,39.18,1772.17
72:a5:12:55:c5:00,2024-01-23T04:25:00Z,2024-01-23T04:30:00Z,24.78,40.71,1652.18
72:a5:12:55:c5:00,2024-01-23T04:30:00Z,2024-01-23T04:35:00Z,23.17,37.69,1699.72
72:a5:12:55:c5:00,2024-01-23T04:35:00Z,2024-01-23T04:40:00Z,24.33,36.28,1652.22
72:a5:12:55:c5:00,2024-01-23T04:40:00Z,2024-01-23T04:45:00Z,23.38,40.72,1758.13
72:a5:12:55:c5:00,2024-01-23T04:45:00Z,2024-01-23T04:50:00Z,23.93,43.1,1770.98
72:a5:12:55:c5:00,2024-01-23T04:50:00Z,2024-01-23T04:55:00Z,23.79,37.62,1752.37
72:a5:12:55:c5:00,2024-01-23T04:55:00Z,2024-01-23T05:00:00Z,24.82,42.05,1666.89
72:a5:12:55:c5:00,2024-01-23T05:00:00Z,2024-01-23T05:05:00Z,24.9,38.5,1887.11
72:a5:12:55:c5:00,2024-01-23T05:05:00Z,2024-01-23T05:10:00Z,24.06,35.74,1945.91
72:a5:12:55:c5:00,2024-01-23T05:10:00Z,2024-01-23T05:15:00Z,25.36,36.15,1830.59
72:a5:12:55:c5:00,2024-01-23T05:15:00Z,2024-01-23T05:20:00Z,23.97,38.44,1917.38
72:a5:12:55:c5:00,2024-01-23T05:20:00Z,2024-01-23T05:25:00Z,25.03,37.6,2022.87
72:a5:12:55:c5:00,2024-01-23T05:25:00Z,2024-01-23T05:30:00Z,24.34,35.78,1921.05
72:a5:12:55:c5:00,2024-01-23T05:30:00Z,2024-01-23T05:35:00Z,24.61,35.02,1842.54
72:a5:12:55:c5:00,2024-01-23T05:35:00Z,2024-01-23T05:40:00Z,25.13,36.72,1895.41
72:a5:12:55:c5:00,2024-01-23T05:40:00Z,2024-01-23T05:45:00Z,25.14,38.8,1894.01
72:a5:12:55:c5:00,2024-01-23T05:45:00Z,2024-01-23T05:50:00Z,25.63,38.4,2060.27
72:a5:12:55:c5:00,2024-01-23T05:50:00Z,2024-01-23T05:55:00Z,24.78,37.41,2031.79
72:a5:12:55:c5:00,2024-01-23T05:55:00Z,2024-01-23T06:00:00Z,25.01,38.81,1975.71
72:a5:12:55:c5:00,2024-01-23T06:00:00Z,2024-01-23T06:05:00Z,24.74,40.08,1979.42
72:a5:12:55:c5:00,2024-01-23T06:05:00Z,2024-01-23T06:10:00Z,25.11,38.79,2072.04
72:a5:12:55:c5:00,2024-01-23T06:10:00Z,2024-01-23T06:15:00Z,25.26,37.76,1931.99
72:a5:12:55:c5:00,2024-01-23T06:15:00Z,2024-01-23T06:20:00Z,24.94,39.86,2064.59
72:a5:12:55:c5:00,2024-01-23T06:20:00Z,2024-01-23T06:25:00Z,23.92,36.08,2055.68
72:a5:12:55:c5:00,2024-01-23T06:25:00Z,2024-01-23T06:30:00Z,25.2,37.55,1990.92
72:a5:12:55:c5:00,2024-01-23T06:30:00Z,2024-01-23T06:35:00Z,25.22,37.6,2068.35
72:a5:12:55:c5:00,2024-01-23T06:35:00Z,2024-01-23T06:40:00Z,24.59,35.53,1973.17
72:a5:12:55:c5:00,2024-01-23T06:40:00Z,2024-01-23T06:45:00Z,24.23,37.16,1924.09
72:a5:12:55:c5:00,2024-01-23T06:45:00Z,2024-01-23T06:50:00Z,25.89,33.85,2058.68
72:a5:12:55:c5:00,2024-01-23T06:50:00Z,2024-01-23T06:55:00Z,25.29,41.82,1994.89
72:a5:12:55:c5:00,2024-01-23T06:55:00Z,2024-01-23T07:00:00Z,24.86,36.13,2036.11
72:a5:12:55:c5:00,2024-01-23T07:00:00Z,2024-01-23T07:05:00Z,24.15,41.58,2041.1
72:a5:12:55:c5:00,2024-01-23T07:05:00Z,2024-01-23T07:10:00Z,24.34,38.49,1888.52
72:a5:12:55:c5:00,2024-01-23T07:10:00Z,2024-01-23T07:15:00Z,25.61,39.54,1923.25
72:a5:12:55:c5:00,2024-01-23T07:15:00Z,2024-01-23T07:20:00Z,24.91,37.43,2026.03
72:a5:12:55:c5:00,2024-01-23T07:20:00Z,2024-01-23T07:25:00Z,24.5,38.82,1971.98
72:a5:12:55:c5:00,2024-01-23T07:25:00Z,2024-01-23T07:30:00Z,25.14,39.71,1889.86
72:a5:12:55:c5:00,2024-01-23T07:30:00Z,2024-01-23T07:35:00Z,24.34,39.74,1874.55
72:a5:12:55:c5:00,2024-01-23T07:35:00Z,2024-01-23T07:40:00Z,25.73,39.96,1900.17
72:a5:12:55:c5:00,2024-01-23T07:40:00Z,2024-01-23T07:45:00Z,25.64,37.67,1887.55
72:a5:12:55:c5:00,2024-01-23T07:45:00Z,2024-01-23T07:50:00Z,24.55,37.45,1946.09
72:a5:12:55:c5:00,2024-01-23T07:50:00Z,2024-01-23T07:55:00Z,24.45,35.22,1936.56
72:a5:12:55:c5:00,2024-01-23T07:55:00Z,2024-01-23T08:00:00Z,23.26,39.46,1948.61
72:a5:12:55:c5:00,2024-01-23T08:00:00Z,2024-01-23T08:05:00Z,23.44,41.77,1681.6
72:a5:12:55:c5:00,2024-01-23T08:05:00Z,2024-01-23T08:10:00Z,23.53,42.84,1727.8
72:a5:12:55:c5:00,2024-01-23T08:10:00Z,2024-01-23T08:15:00Z,24.41,40.22,1608.71
72:a5:12:55:c5:00,2024-01-23T08:15:00Z,2024-01-23T08:20:00Z,24.13,38.07,1740.75
72:a5:12:55:c5:00,2024-01-23T08:20:00Z,2024-01-23T08:25:00Z,23.52,36.21,1802.58
72:a5:12:55:c5:00,2024-01-23T08:25:00Z,2024-01-23T08:30:00Z,24.16,41.69,1646.57
72:a5:12:55:c5:00,2024-01-23T08:30:00Z,2024-01-23T08:35:00Z,24.63,36.02,1761.06
72:a5:12:55:c5:00,2024-01-23T08:35:00Z,2024-01-23T08:40:00Z,24.65,38.93,1695.39
72:a5:12:55:c5:00,2024-01-23T08:40:00Z,2024-01-23T08:45:00Z,23.19,39.16,1780.2
72:a5:12:55:c5:00,2024-01-23T08:45:00Z,2024-01-23T08:50:00Z,24.25,39.47,1741.57
72:a5:12:55:c5:00,2024-01-23T08:50:00Z,2024-01-23T08:55:00Z,23.5,39.68,1756.33
72:a5:12:55:c5:00,2024-01-23T08:55:00Z,2024-01-23T09:00:00Z,24.87,39.88,1735.94
72:a5:12:55:c5:00,2024-01-23T09:00:00Z,2024-01-23T09:05:00Z,24.01,36.68,1493.91
72:a5:12:55:c5:00,2024-01-23T09:05:00Z,2024-01-23T09:10:00Z,23.0,41.54,1435.06
72:a5:12:55:c5:00,2024-01-23T09:10:00Z,2024-01-23T09:15:00Z,23.08,37.06,1371.89
72:a5:12:55:c5:00,2024-01-23T09:15:00Z,2024-01-23T09:20:00Z,23.26,42.98,1420.14
72:a5:12:55:c5:00,2024-01-23T09:20:00Z,2024-01-23T09:25:00Z,22.18,40.4,1392.08
72:a5:12:55:c5:00,2024-01-23T09:25:00Z,2024-01-23T09:30:00Z,23.74,37.2,1423.96
72:a5:12:55:c5:00,2024-01-23T09:30:00Z,2024-01-23T09:35:00Z,23.37,39.89,1389.03
72:a5:12:55:c5:00,2024-01-23T09:35:00Z,2024-01-23T09:40:00Z,24.12,40.37,1373.6
72:a5:12:55:c5:00,2024-01-23T09:40:00Z,2024-01-23T09:45:00Z,22.88,43.9,1426.17
72:a5:12:55:c5:00,2024-01-23T09:45:00Z,2024-01-23T09:50:00Z,23.16,41.91,1417.56
72:a5:12:55:c5:00,2024-01-23T09:50:00Z,2024-01-23T09:55:00Z,22.63,42.2,1478.05
72:a5:12:55:c5:00,2024-01-23T09:55:00Z,2024-01-23T10:00:00Z,22.93,43.88,1389.32
72:a5:12:55:c5:00,2024-01-23T10:00:00Z,2024-01-23T10:05:00Z,21.79,43.81,881.15
72:a5:12:55:c5:00,2024-01-23T10:05:00Z,2024-01-23T10:10:00Z,23.1,45.51,978.17
72:a5:12:55:c5:00,2024-01-23T10:10:00Z,2024-01-23T10:15:00Z,22.08,45.37,902.41
72:a5:12:55:c5:00,2024-01-23T10:15:00Z,2024-01-23T10:20:00Z,22.57,41.43,1024.94
72:a5:12:55:c5:00,2024-01-23T10:20:00Z,2024-01-23T10:25:00Z,22.27,46.95,899.57
72:a5:12:55:c5:00,2024-01-23T10:25:00Z,2024-01-23T10:30:00Z,21.74,41.16,940.7
72:a5:12:55:c5:00,2024-01-23T10:30:00Z,2024-01-23T10:35:00Z,22.4,45.83,978.26
72:a5:12:55:c5:00,2024-01-23T10:35:00Z,2024-01-23T10:40:00Z,22.86,40.97,1092.64
72:a5:12:55:c5:00,2024-01-23T10:40:00Z,2024-01-23T10:45:00Z,21.78,45.2,935.63
72:a5:12:55:c5:00,2024-01-23T10:45:00Z,2024-01-23T10:50:00Z,22.99,47.72,1000.74
72:a5:12:55:c5:00,2024-01-23T10:50:00Z,2024-01-23T10:55:00Z,21.99,43.57,1034.8
72:a5:12:55:c5:00,2024-01-23T10:55:00Z,2024-01-23T11:00:00Z,22.21,43.49,1089.04
72:a5:12:55:c5:00,2024-01-23T11:00:00Z,2024-01-23T11:05:00Z,21.61,48.12,564.31
72:a5:12:55:c5:00,2024-01-23T11:05:00Z,2024-01-23T11:10:00Z,20.9,46.24,583.27
72:a5:12:55:c5:00,2024-01-23T11:10:00Z,2024-01-23T11:15:00Z,21.32,50.53,569.5
72:a5:12:55:c5:00,2024-01-23T11:15:00Z,2024-01-23T11:20:00Z,21.11,47.28,445.09
72:a5:12:55:c5:00,2024-01-23T11:20:00Z,2024-01-23T11:25:00Z,21.37,46.25,539.22
72:a5:12:55:c5:00,2024-01-23T11:25:00Z,2024-01-23T11:30:00Z,19.87,45.81,568.56
72:a5:12:55:c5:00,2024-01-23T11:30:00Z,2024-01-23T11:35:00Z,20.2,45.03,460.25
72:a5:12:55:c5:00,2024-01-23T11:35:00Z,2024-01-23T11:40:00Z,21.66,45.64,482.85
72:a5:12:55:c5:00,2024-01-23T11:40:00Z,2024-01-23T11:45:00Z,21.92,46.19,469.45
72:a5:12:55:c5:00,2024-01-23T11:45:00Z,2024-01-23T11:50:00Z,20.75,45.92,564.0
72:a5:12:55:c5:00,2024-01-23T11:50:00Z,2024-01-23T11:55:00Z,21.15,45.58,513.48
72:a5:12:55:c5:00,2024-01-23T11:55:00Z,2024-01-23T12:00:00Z,21.47,51.09,498.39
72:a5:12:55:c5:00,2024-01-23T12:00:00Z,2024-01-23T12:05:00Z,20.42,47.94,-76.9
72:a5:12:55:c5:00,2024-01-23T12:05:00Z,2024-01-23T12:10:00Z,18.78,50.29,-4.04
72:a5:12:55:c5:00,2024-01-23T12:10:00Z,2024-01-23T12:15:00Z,19.47,51.19,-34.06
72:a5:12:55:c5:00,2024-01-23T12:15:00Z,2024-01-23T12:20:00Z,19.8,51.26,14.6
72:a5:12:55:c5:00,2024-01-23T12:20:00Z,2024-01-23T12:25:00Z,20.42,49.88,-68.58
72:a5:12:55:c5:00,2024-01-23T12:25:00Z,2024-01-23T12:30:00Z,21.5,49.52,10.67
72:a5:12:55:c5:00,2024-01-23T12:30:00Z,2024-01-23T12:35:00Z,19.86,50.9,-26.34
72:a5:12:55:c5:00,2024-01-23T12:35:00Z,2024-01-23T12:40:00Z,19.16,50.53,-74.96
72:a5:12:55:c5:00,2024-01-23T12:40:00Z,2024-01-23T12:45:00Z,20.24,49.48,-79.64
72:a5:12:55:c5:00,2024-01-23T12:45:00Z,2024-01-23T12:50:00Z,20.79,46.88,-70.62
72:a5:12:55:c5:00,2024-01-23T12:50:00Z,2024-01-23T12:55:00Z,20.06,49.06,-12.38
72:a5:12:55:c5:00,2024-01-23T12:55:00Z,2024-01-23T13:00:00Z,19.46,47.71,7.26
72:a5:12:55:c5:00,2024-01-23T13:00:00Z,2024-01-23T13:05:00Z,19.28,51.77,16.19
72:a5:12:55:c5:00,2024-01-23T13:05:00Z,2024-01-23T13:10:00Z,19.1,53.17,18.45
72:a5:12:55:c5:00,2024-01-23T13:10:00Z,2024-01-23T13:15:00Z,18.09,53.82,-45.51
72:a5:12:55:c5:00,2024-01-23T13:15:00Z,2024-01-23T13:20:00Z,18.93,56.67,63.5
72:a5:12:55:c5:00,2024-01-23T13:20:00Z,2024-01-23T13:25:00Z,19.3,52.03,-26.53
72:a5:12:55:c5:00,2024-01-23T13:25:00Z,2024-01-23T13:30:00Z,19.42,54.66,27.01
72:a5:12:55:c5:00,2024-01-23T13:30:00Z,2024-01-23T13:35:00Z,18.67,53.72,-9.85
72:a5:12:55:c5:00,2024-01-23T13:35:00Z,2024-01-23T13:40:00Z,18.49,55.7,22.54
72:a5:12:55:c5:00,2024-01-23T13:40:00Z,2024-01-23T13:45:00Z,19.44,54.26,-12.86
72:a5:12:55:c5:00,2024-01-23T13:45:00Z,2024-01-23T13:50:00Z,17.98,51.09,23.62
72:a5:12:55:c5:00,2024-01-23T13:50:00Z,2024-01-23T13:55:00Z,18.97,49.66,-0.44
72:a5:12:55:c5:00,2024-01-23T13:55:00Z,2024-01-23T14:00:00Z,17.88,53.73,48.83
72:a5:12:55:c5:00,2024-01-23T14:00:00Z,2024-01-23T14:05:00Z,18.14,54.94,-49.12
72:a5:12:55:c5:00,2024-01-23T14:05:00Z,2024-01-23T14:10:00Z,17.35,54.04,-106.19
72:a5:12:55:c5:00,2024-01-23T14:10:00Z,2024-01-23T14:15:00Z,18.26,53.46,-58.4
72:a5:12:55:c5:00,2024-01-23T14:15:00Z,2024-01-23T14:20:00Z,17.79,56.32,64.14
72:a5:12:55:c5:00,2024-01-23T14:20:00Z,2024-01-23T14:25:00Z,16.77,59.02,-9.27
72:a5:12:55:c5:00,2024-01-23T14:25:00Z,2024-01-23T14:30:00Z,18.35,55.18,5.52
72:a5:12:55:c5:00,2024-01-23T14:30:00Z,2024-01-23T14:35:00Z,18.43,57.18,-63.22
72:a5:12:55:c5:00,2024-01-23T14:35:00Z,2024-01-23T14:40:00Z,18.03,55.8,3.93
72:a5:12:55:c5:00,2024-01-23T14:40:00Z,2024-01-23T14:45:00Z,17.04,53.42,-61.37
72:a5:12:55:c5:00,2024-01-23T14:45:00Z,2024-01-23T14:50:00Z,17.32,57.47,-52.55
72:a5:12:55:c5:00,2024-01-23T14:50:00Z,2024-01-23T14:55:00Z,17.59,53.81,-24.15
72:a5:12:55:c5:00,2024-01-23T14:55:00Z,2024-01-23T15:00:00Z,17.08,56.04,26.71
72:a5:12:55:c5:00,2024-01-23T15:00:00Z,2024-01-23T15:05:00Z,17.48,57.8,33.11
72:a5:12:55:c5:00,2024-01-23T15:05:00Z,2024-01-23T15:10:00Z,16.55,60.27,34.74
72:a5:12:55:c5:00,2024-01-23T15:10:00Z,2024-01-23T15:15:00Z,14.84,56.37,-95.29
72:a5:12:55:c5:00,2024-01-23T15:15:00Z,2024-01-23T15:20:00Z,16.67,59.27,-0.4
72:a5:12:55:c5:00,2024-01-23T15:20:00Z,2024-01-23T15:25:00Z,16.26,56.81,-11.81
72:a5:12:55:c5:00,2024-01-23T15:25:00Z,2024-01-23T15:30:00Z,16.42,57.46,-91.93
72:a5:12:55:c5:00,2024-01-23T15:30:00Z,2024-01-23T15:35:00Z,16.24,51.21,0.96
72:a5:12:55:c5:00,2024-01-23T15:35:00Z,2024-01-23T15:40:00Z,16.95,62.67,-15.03
72:a5:12:55:c5:00,2024-01-23T15:40:00Z,2024-01-23T15:45:00Z,17.14,59.59,30.69
72:a5:12:55:c5:00,2024-01-23T15:45:00Z,2024-01-23T15:50:00Z,16.63,56.95,4.87
72:a5:12:55:c5:00,2024-01-23T15:50:00Z,2024-01-23T15:55:00Z,16.26,56.24,-32.96
72:a5:12:55:c5:00,2024-01-23T15:55:00Z,2024-01-23T16:00:00Z,16.44,57.49,55.55
72:a5:12:55:c5:00,2024-01-23T16:00:00Z,2024-01-23T16:05:00Z,15.68,61.83,-133.27
72:a5:12:55:c5:00,2024-01-23T16:05:00Z,2024-01-23T16:10:00Z,15.19,56.61,-3.86
72:a5:12:55:c5:00,2024-01-23T16:10:00Z,2024-01-23T16:15:00Z,16.02,60.11,-105.8
72:a5:12:55:c5:00,2024-01-23T16:15:00Z,2024-01-23T16:20:00Z,15.95,63.93,-54.73
72:a5:12:55:c5:00,2024-01-23T16:20:00Z,2024-01-23T16:25:00Z,16.59,58.12,31.49
72:a5:12:55:c5:00,2024-01-23T16:25:00Z,2024-01-23T16:30:00Z,16.42,60.55,-76.45
72:a5:12:55:c5:00,2024-01-23T16:30:00Z,2024-01-23T16:35:00Z,15.26,64.8,-85.42
72:a5:12:55:c5:00,2024-01-23T16:35:00Z,2024-01-23T16:40:00Z,16.16,61.66,142.92
72:a5:12:55:c5:00,2024-01-23T16:40:00Z,2024-01-23T16:45:00Z,15.1,60.64,-81.56
72:a5:12:55:c5:00,2024-01-23T16:45:00Z,2024-01-23T16:50:00Z,16.09,61.41,99.03
72:a5:12:55:c5:00,2024-01-23T16:50:00Z,2024-01-23T16:55:00Z,15.36,59.59,-10.33
72:a5:12:55:c5:00,2024-01-23T16:55:00Z,2024-01-23T17:00:00Z,15.06,62.99,-31.49
72:a5:12:55:c5:00,2024-01-23T17:00:00Z,2024-01-23T17:05:00Z,15.34,60.79,34.01
72:a5:12:55:c5:00,2024-01-23T17:05:00Z,2024-01-23T17:10:00Z,13.57,57.67,80.2
72:a5:12:55:c5:00,2024-01-23T17:10:00Z,2024-01-23T17:15:00Z,14.12,60.81,-68.76
72:a5:12:55:c5:00,2024-01-23T17:15:00Z,2024-01-23T17:20:00Z,15.06,59.66,-30.61
72:a5:12:55:c5:00,2024-01-23T17:20:00Z,2024-01-23T17:25:00Z,15.22,61.03,50.81
72:a5:12:55:c5:00,2024-01-23T17:25:00Z,2024-01-23T17:30:00Z,14.95,61.07,17.28
72:a5:12:55:c5:00,2024-01-23T17:30:00Z,2024-01-23T17:35:00Z,14.22,63.99,66.12
72:a5:12:55:c5:00,2024-01-23T17:35:00Z,2024-01-23T17:40:00Z,14.68,62.98,30.91
72:a5:12:55:c5:00,2024-01-23T17:40:00Z,2024-01-23T17:45:00Z,15.41,62.12,108.49
72:a5:12:55:c5:00,2024-01-23T17:45:00Z,2024-01-23T17:50:00Z,15.52,61.59,10.72
72:a5:12:55:c5:00,2024-01-23T17:50:00Z,2024-01-23T17:55:00Z,15.16,59.47,13.31
72:a5:12:55:c5:00,2024-01-23T17:55:00Z,2024-01-23T18:00:00Z,15.86,57.23,19.3
72:a5:12:55:c5:00,2024-01-23T18:00:00Z,2024-01-23T18:05:00Z,15.24,62.23,-8.55
72:a5:12:55:c5:00,2024-01-23T18:05:00Z,2024-01-23T18:10:00Z,14.55,63.59,50.89
72:a5:12:55:c5:00,2024-01-23T18:10:00Z,2024-01-23T18:15:00Z,14.83,61.78,14.22
72:a5:12:55:c5:00,2024-01-23T18:15:00Z,2024-01-23T18:20:00Z,14.16,60.93,47.29
72:a5:12:55:c5:00,2024-01-23T18:20:00Z,2024-01-23T18:25:00Z,14.94,62.93,56.67
72:a5:12:55:c5:00,2024-01-23T18:25:00Z,2024-01-23T18:30:00Z,15.67,61.83,25.71
72:a5:12:55:c5:00,2024-01-23T18:30:00Z,2024-01-23T18:35:00Z,15.41,65.37,30.1
72:a5:12:55:c5:00,2024-01-23T18:35:00Z,2024-01-23T18:40:00Z,15.84,64.47,-60.62
72:a5:12:55:c5:00,2024-01-23T18:40:00Z,2024-01-23T18:45:00Z,14.82,63.92,-33.02
72:a5:12:55:c5:00,2024-01-23T18:45:00Z,2024-01-23T18:50:00Z,15.81,63.52,50.6
72:a5:12:55:c5:00,2024-01-23T18:50:00Z,2024-01-23T18:55:00Z,14.88,59.42,85.42
72:a5:12:55:c5:00,2024-01-23T18:55:00Z,2024-01-23T19:00:00Z,15.88,63.33,-116.43
72:a5:12:55:c5:00,2024-01-23T19:00:00Z,2024-01-23T19:05:00Z,15.16,62.34,-34.07
72:a5:12:55:c5:00,2024-01-23T19:05:00Z,2024-01-23T19:10:00Z,15.59,62.8,1.42
72:a5:12:55:c5:00,2024-01-23T19:10:00Z,2024-01-23T19:15:00Z,16.06,62.58,-52.76
72:a5:12:55:c5:00,2024-01-23T19:15:00Z,2024-01-23T19:20:00Z,15.05,62.5,-49.35
72:a5:12:55:c5:00,2024-01-23T19:20:00Z,2024-01-23T19:25:00Z,15.3,66.99,28.5
72:a5:12:55:c5:00,2024-01-23T19:25:00Z,2024-01-23T19:30:00Z,15.94,61.44,94.88
72:a5:12:55:c5:00,2024-01-23T19:30:00Z,2024-01-23T19:35:00Z,15.09,63.46,-121.91
72:a5:12:55:c5:00,2024-01-23T19:35:00Z,2024-01-23T19:40:00Z,14.38,60.65,-10.23
72:a5:12:55:c5:00,2024-01-23T19:40:00Z,2024-01-23T19:45:00Z,16.46,63.17,27.8
72:a5:12:55:c5:00,2024-01-23T19:45:00Z,2024-01-23T19:50:00Z,14.89,63.47,46.81
72:a5:12:55:c5:00,2024-01-23T19:50:00Z,2024-01-23T19:55:00Z,15.27,62.32,19.15
72:a5:12:55:c5:00,2024-01-23T19:55:00Z,2024-01-23T20:00:00Z,15.86,64.93,105.68
72:a5:12:55:c5:00,2024-01-23T20:00:00Z,2024-01-23T20:05:00Z,15.3,58.62,1.73
72:a5:12:55:c5:00,2024-01-23T20:05:00Z,2024-01-23T20:10:00Z,15.07,59.42,78.72
72:a5:12:55:c5:00,2024-01-23T20:10:00Z,2024-01-23T20:15:00Z,15.82,60.82,-38.78
72:a5:12:55:c5:00,2024-01-23T20:15:00Z,2024-01-23T20:20:00Z,14.59,62.15,3.48
72:a5:12:55:c5:00,2024-01-23T20:20:00Z,2024-01-23T20:25:00Z,15.5,60.75,-72.76
72:a5:12:55:c5:00,2024-01-23T20:25:00Z,2024-01-23T20:30:00Z,15.82,62.96,54.05
72:a5:12:55:c5:00,2024-01-23T20:30:00Z,2024-01-23T20:35:00Z,15.51,59.07,-7.23
72:a5:12:55:c5:00,2024-01-23T20:35:00Z,2024-01-23T20:40:00Z,14.74,58.11,21.47
72:a5:12:55:c5:00,2024-01-23T20:40:00Z,2024-01-23T20:45:00Z,16.63,61.01,-18.8
72:a5:12:55:c5:00,2024-01-23T20:45:00Z,2024-01-23T20:50:00Z,15.73,60.24,35.19
72:a5:12:55:c5:00,2024-01-23T20:50:00Z,2024-01-23T20:55:00Z,16.53,61.48,23.85
72:a5:12:55:c5:00,2024-01-23T20:55:00Z,2024-01-23T21:00:00Z,15.51,60.34,-59.68
72:a5:12:55:c5:00,2024-01-23T21:00:00Z,2024-01-23T21:05:00Z,15.94,57.81,-56.21
72:a5:12:55:c5:00,2024-01-23T21:05:00Z,2024-01-23T21:10:00Z,16.63,58.34,-1.67
72:a5:12:55:c5:00,2024-01-23T21:10:00Z,2024-01-23T21:15:00Z,16.33,58.54,39.57
72:a5:12:55:c5:00,2024-01-23T21:15:00Z,2024-01-23T21:20:00Z,15.76,57.88,111.77
72:a5:12:55:c5:00,2024-01-23T21:20:00Z,2024-01-23T21:25:00Z,17.35,58.08,18.18
72:a5:12:55:c5:00,2024-01-23T21:25:00Z,2024-01-23T21:30:00Z,16.09,57.68,60.45
72:a5:12:55:c5:00,2024-01-23T21:30:00Z,2024-01-23T21:35:00Z,15.36,60.2,-96.77
72:a5:12:55:c5:00,2024-01-23T21:35:00Z,2024-01-23T21:40:00Z,17.26,58.87,120.78
72:a5:12:55:c5:00,2024-01-23T21:40:00Z,2024-01-23T21:45:00Z,16.16,63.0,36.34
72:a5:12:55:c5:00,2024-01-23T21:45:00Z,2024-01-23T21:50:00Z,16.1,58.81,-2.98
72:a5:12:55:c5:00,2024-01-23T21:50:00Z,2024-01-23T21:55:00Z,15.41,57.38,-9.88
72:a5:12:55:c5:00,2024-01-23T21:55:00Z,2024-01-23T22:00:00Z,17.51,63.83,-66.43
72:a5:12:55:c5:00,2024-01-23T22:00:00Z,2024-01-23T22:05:00Z,16.73,56.83,-49.28
72:a5:12:55:c5:00,2024-01-23T22:05:00Z,2024-01-23T22:10:00Z,17.54,57.98,114.63
72:a5:12:55:c5:00,2024-01-23T22:10:00Z,2024-01-23T22:15:00Z,18.05,57.18,-59.34
72:a5:12:55:c5:00,2024-01-23T22:15:00Z,2024-01-23T22:20:00Z,17.75,57.25,-60.5
72:a5:12:55:c5:00,2024-01-23T22:20:00Z,2024-01-23T22:25:00Z,17.46,57.07,-42.13
72:a5:12:55:c5:00,2024-01-23T22:25:00Z,2024-01-23T22:30:00Z,16.48,53.8,-71.89
72:a5:12:55:c5:00,2024-01-23T22:30:00Z,2024-01-23T22:35:00Z,17.01,56.74,0.92
72:a5:12:55:c5:00,2024-01-23T22:35:00Z,2024-01-23T22:40:00Z,17.61,53.35,65.33
72:a5:12:55:c5:00,2024-01-23T22:40:00Z,2024-01-23T22:45:00Z,17.03,55.65,-36.63
72:a5:12:55:c5:00,2024-01-23T22:45:00Z,2024-01-23T22:50:00Z,17.62,54.55,-82.4
72:a5:12:55:c5:00,2024-01-23T22:50:00Z,2024-01-23T22:55:00Z,17.91,56.71,17.51
72:a5:12:55:c5:00,2024-01-23T22:55:00Z,2024-01-23T23:00:00Z,18.08,56.67,-3.35
72:a5:12:55:c5:00,2024-01-23T23:00:00Z,2024-01-23T23:05:00Z,17.97,54.07,60.16
72:a5:12:55:c5:00,2024-01-23T23:05:00Z,2024-01-23T23:10:00Z,20.02,53.68,-27.27
72:a5:12:55:c5:00,2024-01-23T23:10:00Z,2024-01-23T23:15:00Z,19.17,51.89,-15.61
72:a5:12:55:c5:00,2024-01-23T23:15:00Z,2024-01-23T23:20:00Z,18.7,52.58,-8.97
72:a5:12:55:c5:00,2024-01-23T23:20:00Z,2024-01-23T23:25:00Z,19.36,54.95,5.34
72:a5:12:55:c5:00,2024-01-23T23:25:00Z,2024-01-23T23:30:00Z,20.13,55.24,-23.55
72:a5:12:55:c5:00,2024-01-23T23:30:00Z,2024-01-23T23:35:00Z,17.84,50.81,-33.28
72:a5:12:55:c5:00,2024-01-23T23:35:00Z,2024-01-23T23:40:00Z,18.57,50.04,-111.02
72:a5:12:55:c5:00,2024-01-23T23:40:00Z,2024-01-23T23:45:00Z,17.28,51.65,-33.92
72:a5:12:55:c5:00,2024-01-23T23:45:00Z,2024-01-23T23:50:00Z,18.82,55.2,42.91
72:a5:12:55:c5:00,2024-01-23T23:50:00Z,2024-01-23T23:55:00Z,18.93,55.54,51.01
72:a5:12:55:c5:00,2024-01-23T23:55:00Z,2024-01-24T00:00:00Z,18.68,51.26,-28.27
72:a5:12:55:c5:00,2024-01-24T00:00:00Z,2024-01-24T00:05:00Z,19.61,50.61,77.97
72:a5:12:55:c5:00,2024-01-24T00:05:00Z,2024-01-24T00:10:00Z,18.77,53.67,-1.72
72:a5:12:55:c5:00,2024-01-24T00:10:00Z,2024-01-24T00:15:00Z,20.22,50.83,-80.27
72:a5:12:55:c5:00,2024-01-24T00:15:00Z,2024-01-24T00:20:00Z,20.87,52.84,-99.14
72:a5:12:55:c5:00,2024-01-24T00:20:00Z,2024-01-24T00:25:00Z,19.65,52.0,73.1
72:a5:12:55:c5:00,2024-01-24T00:25:00Z,2024-01-24T00:30:00Z,20.26,48.18,-22.38
72:a5:12:55:c5:00,2024-01-24T00:30:00Z,2024-01-24T00:35:00Z,19.06,49.62,-72.84
72:a5:12:55:c5:00,2024-01-24T00:35:00Z,2024-01-24T00:40:00Z,20.27,50.07,-135.56
72:a5:12:55:c5:00,2024-01-24T00:40:00Z,2024-01-24T00:45:00Z,19.76,50.21,-23.74
72:a5:12:55:c5:00,2024-01-24T00:45:00Z,2024-01-24T00:50:00Z,19.54,51.83,24.29
72:a5:12:55:c5:00,2024-01-24T00:50:00Z,2024-01-24T00:55:00Z,19.54,50.82,-41.86
72:a5:12:55:c5:00,2024-01-24T00:55:00Z,2024-01-24T01:00:00Z,19.76,44.13,-63.19
72:a5:12:55:c5:00,2024-01-24T01:00:00Z,2024-01-24T01:05:00Z,21.52,44.27,484.68
72:a5:12:55:c5:00,2024-01-24T01:05:00Z,2024-01-24T01:10:00Z,20.51,42.52,592.23
72:a5:12:55:c5:00,2024-01-24T01:10:00Z,2024-01-24T01:15:00Z,21.06,47.24,434.06
72:a5:12:55:c5:00,2024-01-24T01:15:00Z,2024-01-24T01:20:00Z,21.27,47.38,479.14
72:a5:12:55:c5:00,2024-01-24T01:20:00Z,2024-01-24T01:25:00Z,20.63,47.46,590.28
72:a5:12:55:c5:00,2024-01-24T01:25:00Z,2024-01-24T01:30:00Z,22.37,44.98,547.29
72:a5:12:55:c5:00,2024-01-24T01:30:00Z,2024-01-24T01:35:00Z,20.78,48.24,528.39
72:a5:12:55:c5:00,2024-01-24T01:35:00Z,2024-01-24T01:40:00Z,20.89,48.33,478.73
72:a5:12:55:c5:00,2024-01-24T01:40:00Z,2024-01-24T01:45:00Z,20.71,44.38,519.47
72:a5:12:55:c5:00,2024-01-24T01:45:00Z,2024-01-24T01:50:00Z,22.37,43.96,485.37
72:a5:12:55:c5:00,2024-01-24T01:50:00Z,2024-01-24T01:55:00Z,21.63,46.89,466.07
72:a5:12:55:c5:00,2024-01-24T01:55:00Z,2024-01-24T02:00:00Z,20.73,50.48,452.83
72:a5:12:55:c5:00,2024-01-24T02:00:00Z,2024-01-24T02:05:00Z,23.16,47.4,1047.05
72:a5:12:55:c5:00,2024-01-24T02:05:00Z,2024-01-24T02:10:00Z,22.62,45.13,996.38
72:a5:12:55:c5:00,2024-01-24T02:10:00Z,2024-01-24T02:15:00Z,22.65,42.54,1018.87
72:a5:12:55:c5:00,2024-01-24T02:15:00Z,2024-01-24T02:20:00Z,22.29,45.77,1009.1
72:a5:12:55:c5:00,2024-01-24T02:20:00Z,2024-01-24T02:25:00Z,22.05,43.1,1026.46
72:a5:12:55:c5:00,2024-01-24T02:25:00Z,2024-01-24T02:30:00Z,22.7,42.46,984.72
72:a5:12:55:c5:00,2024-01-24T02:30:00Z,2024-01-24T02:35:00Z,22.17,39.71,971.1
72:a5:12:55:c5:00,2024-01-24T02:35:00Z,2024-01-24T02:40:00Z,23.59,44.2,951.08
72:a5:12:55:c5:00,2024-01-24T02:40:00Z,2024-01-24T02:45:00Z,21.74,42.74,915.16
72:a5:12:55:c5:00,2024-01-24T02:45:00Z,2024-01-24T02:50:00Z,23.42,44.19,932.68
72:a5:12:55:c5:00,2024-01-24T02:50:00Z,2024-01-24T02:55:00Z,22.43,39.4,978.07
72:a5:12:55:c5:00,2024-01-24T02:55:00Z,2024-01-24T03:00:00Z,22.68,44.34,903.82
72:a5:12:55:c5:00,2024-01-24T03:00:00Z,2024-01-24T03:05:00Z,24.04,36.65,1331.28
72:a5:12:55:c5:00,2024-01-24T03:05:00Z,2024-01-24T03:10:00Z,23.16,43.69,1476.74
72:a5:12:55:c5:00,2024-01-24T03:10:00Z,2024-01-24T03:15:00Z,24.05,42.56,1427.66
72:a5:12:55:c5:00,2024-01-24T03:15:00Z,2024-01-24T03:20:00Z,21.91,40.96,1387.1
72:a5:12:55:c5:00,2024-01-24T03:20:00Z,2024-01-24T03:25:00Z,23.1,42.64,1550.51
72:a5:12:55:c5:00,2024-01-24T03:25:00Z,2024-01-24T03:30:00Z,22.98,39.56,1315.32
72:a5:12:55:c5:00,2024-01-24T03:30:00Z,2024-01-24T03:35:00Z,22.78,41.66,1472.75
72:a5:12:55:c5:00,2024-01-24T03:35:00Z,2024-01-24T03:40:00Z,23.41,43.1,1407.53
72:a5:12:55:c5:00,2024-01-24T03:40:00Z,2024-01-24T03:45:00Z,23.77,35.33,1461.32
72:a5:12:55:c5:00,2024-01-24T03:45:00Z,2024-01-24T03:50:00Z,23.96,40.62,1420.75
72:a5:12:55:c5:00,2024-01-24T03:50:00Z,2024-01-24T03:55:00Z,23.68,41.47,1301.88
72:a5:12:55:c5:00,2024-01-24T03:55:00Z,2024-01-24T04:00:00Z,23.14,41.12,1419.94
72:a5:12:55:c5:00,2024-01-24T04:00:00Z,2024-01-24T04:05:00Z,24.55,42.52,1752.18
72:a5:12:55:c5:00,2024-01-24T04:05:00Z,2024-01-24T04:10:00Z,24.4,37.36,1600.53
72:a5:12:55:c5:00,2024-01-24T04:10:00Z,2024-01-24T04:15:00Z,24.89,38.37,1848.69
72:a5:12:55:c5:00,2024-01-24T04:15:00Z,2024-01-24T04:20:00Z,24.8,35.78,1750.72
72:a5:12:55:c5:00,2024-01-24T04:20:00Z,2024-01-24T04:25:00Z,24.35,42.63,1772.37
72:a5:12:55:c5:00,2024-01-24T04:25:00Z,2024-01-24T04:30:00Z,23.79,39.12,1662.12
72:a5:12:55:c5:00,2024-01-24T04:30:00Z,2024-01-24T04:35:00Z,23.94,38.73,1773.49
72:a5:12:55:c5:00,2024-01-24T04:35:00Z,2024-01-24T04:40:00Z,24.0,39.5,1797.42
72:a5:12:55:c5:00,2024-01-24T04:40:00Z,2024-01-24T04:45:00Z,24.14,40.88,1747.26
72:a5:12:55:c5:00,2024-01-24T04:45:00Z,2024-01-24T04:50:00Z,24.49,40.3,1731.49
72:a5:12:55:c5:00,2024-01-24T04:50:00Z,2024-01-24T04:55:00Z,24.76,44.9,1678.44
72:a5:12:55:c5:00,2024-01-24T04:55:00Z,2024-01-24T05:00:00Z,24.3,40.52,1719.08
72:a5:12:55:c5:00,2024-01-24T05:00:00Z,2024-01-24T05:05:00Z,24.84,37.48,1901.13
72:a5:12:55:c5:00,2024-01-24T05:05:00Z,2024-01-24T05:10:00Z,24.92,37.29,1966.17
72:a5:12:55:c5:00,2024-01-24T05:10:00Z,2024-01-24T05:15:00Z,24.52,37.62,1880.86
72:a5:12:55:c5:00,2024-01-24T05:15:00Z,2024-01-24T05:20:00Z,24.27,35.41,1965.73
72:a5:12:55:c5:00,2024-01-24T05:20:00Z,2024-01-24T05:25:00Z,23.78,38.49,1881.51
72:a5:12:55:c5:00,2024-01-24T05:25:00Z,2024-01-24T05:30:00Z,24.41,39.98,1916.11
72:a5:12:55:c5:00,2024-01-24T05:30:00Z,2024-01-24T05:35:00Z,25.11,37.18,1968.81
72:a5:12:55:c5:00,2024-01-24T05:35:00Z,2024-01-24T05:40:00Z,24.41,36.79,1889.62
72:a5:12:55:c5:00,2024-01-24T05:40:00Z,2024-01-24T05:45:00Z,24.69,41.44,1970.88
72:a5:12:55:c5:00,2024-01-24T05:45:00Z,2024-01-24T05:50:00Z,25.11,35.56,1965.03
72:a5:12:55:c5:00,2024-01-24T05:50:00Z,2024-01-24T05:55:00Z,25.14,34.27,1915.59
72:a5:12:55:c5:00,2024-01-24T05:55:00Z,2024-01-24T06:00:00Z,24.18,36.1,2001.56
72:a5:12:55:c5:00,2024-01-24T06:00:00Z,2024-01-24T06:05:00Z,25.6,34.92,2004.67
72:a5:12:55:c5:00,2024-01-24T06:05:00Z,2024-01-24T06:10:00Z,25.68,38.77,2066.14
72:a5:12:55:c5:00,2024-01-24T06:10:00Z,2024-01-24T06:15:00Z,24.32,37.28,2107.61
72:a5:12:55:c5:00,2024-01-24T06:15:00Z,2024-01-24T06:20:00Z,24.51,37.56,1985.52
72:a5:12:55:c5:00,2024-01-24T06:20:00Z,2024-01-24T06:25:00Z,25.71,40.31,2038.7
72:a5:12:55:c5:00,2024-01-24T06:25:00Z,2024-01-24T06:30:00Z,24.91,36.62,1961.75
72:a5:12:55:c5:00,2024-01-24T06:30:00Z,2024-01-24T06:35:00Z,23.67,39.55,1938.03
72:a5:12:55:c5:00,2024-01-24T06:35:00Z,2024-01-24T06:40:00Z,24.16,41.02,1988.27
72:a5:12:55:c5:00,2024-01-24T06:40:00Z,2024-01-24T06:45:00Z,24.85,37.09,1918.24
72:a5:12:55:c5:00,2024-01-24T06:45:00Z,2024-01-24T06:50:00Z,24.3,39.47,1943.74
72:a5:12:55:c5:00,2024-01-24T06:50:00Z,2024-01-24T06:55:00Z,24.75,37.52,2035.49
72:a5:12:55:c5:00,2024-01-24T06:55:00Z,2024-01-24T07:00:00Z,25.02,39.85,1969.18
72:a5:12:55:c5:00,2024-01-24T07:00:00Z,2024-01-24T07:05:00Z,25.71,35.27,1974.48
72:a5:12:55:c5:00,2024-01-24T07:05:00Z,2024-01-24T07:10:00Z,24.66,35.12,1949.82
72:a5:12:55:c5:00,2024-01-24T07:10:00Z,2024-01-24T07:15:00Z,25.47,37.63,2042.92
72:a5:12:55:c5:00,2024-01-24T07:15:00Z,2024-01-24T07:20:00Z,25.69,36.63,1963.31
72:a5:12:55:c5:00,2024-01-24T07:20:00Z,2024-01-24T07:25:00Z,25.69,37.38,1998.7
72:a5:12:55:c5:00,2024-01-24T07:25:00Z,2024-01-24T07:30:00Z,25.0,37.97,1955.96
72:a5:12:55:c5:00,2024-01-24T07:30:00Z,2024-01-24T07:35:00Z,23.65,39.85,1950.54
72:a5:12:55:c5:00,2024-01-24T07:35:00Z,2024-01-24T07:40:00Z,25.11,37.59,2001.74
72:a5:12:55:c5:00,2024-01-24T07:40:00Z,2024-01-24T07:45:00Z,25.46,36.76,1971.98
72:a5:12:55:c5:00,2024-01-24T07:45:00Z,2024-01-24T07:50:00Z,24.78,37.71,1944.46
72:a5:12:55:c5:00,2024-01-24T07:50:00Z,2024-01-24T07:55:00Z,25.88,36.87,1944.19
72:a5:12:55:c5:00,2024-01-24T07:55:00Z,2024-01-24T08:00:00Z,25.35,36.54,1964.15
72:a5:12:55:c5:00,2024-01-24T08:00:00Z,2024-01-24T08:05:00Z,24.67,36.38,1691.77
72:a5:12:55:c5:00,2024-01-24T08:05:00Z,2024-01-24T08:10:00Z,24.98,39.75,1689.22
72:a5:12:55:c5:00,2024-01-24T08:10:00Z,2024-01-24T08:15:00Z,24.53,38.47,1817.58
72:a5:12:55:c5:00,2024-01-24T08:15:00Z,2024-01-24T08:20:00Z,22.83,41.54,1843.92
72:a5:12:55:c5:00,2024-01-24T08:20:00Z,2024-01-24T08:25:00Z,24.03,36.71,1676.32
72:a5:12:55:c5:00,2024-01-24T08:25:00Z,2024-01-24T08:30:00Z,25.05,38.52,1691.91
72:a5:12:55:c5:00,2024-01-24T08:30:00Z,2024-01-24T08:35:00Z,23.85,43.23,1800.6
72:a5:12:55:c5:00,2024-01-24T08:35:00Z,2024-01-24T08:40:00Z,24.2,37.73,1764.06
72:a5:12:55:c5:00,2024-01-24T08:40:00Z,2024-01-24T08:45:00Z,23.7,39.13,1772.64
72:a5:12:55:c5:00,2024-01-24T08:45:00Z,2024-01-24T08:50:00Z,25.4,37.18,1785.85
72:a5:12:55:c5:00,2024-01-24T08:50:00Z,2024-01-24T08:55:00Z,25.34,36.91,1717.61
72:a5:12:55:c5:00,2024-01-24T08:55:00Z,2024-01-24T09:00:00Z,23.8,42.7,1751.85
72:a5:12:55:c5:00,2024-01-24T09:00:00Z,2024-01-24T09:05:00Z,23.62,41.86,1429.35
72:a5:12:55:c5:00,2024-01-24T09:05:00Z,2024-01-24T09:10:00Z,23.13,41.78,1362.7
72:a5:12:55:c5:00,2024-01-24T09:10:00Z,2024-01-24T09:15:00Z,23.9,38.12,1433.12
72:a5:12:55:c5:00,2024-01-24T09:15:00Z,2024-01-24T09:20:00Z,23.84,42.23,1488.48
72:a5:12:55:c5:00,2024-01-24T09:20:00Z,2024-01-24T09:25:00Z,24.02,43.83,1394.17
72:a5:12:55:c5:00,2024-01-24T09:25:00Z,2024-01-24T09:30:00Z,23.73,43.81,1423.37
72:a5:12:55:c5:00,2024-01-24T09:30:00Z,2024-01-24T09:35:00Z,25.3,42.85,1426.62
72:a5:12:55:c5:00,2024-01-24T09:35:00Z,2024-01-24T09:40:00Z,22.92,39.26,1397.13
72:a5:12:55:c5:00,2024-01-24T09:40:00Z,2024-01-24T09:45:00Z,22.51,42.14,1454.83
72:a5:12:55:c5:00,2024-01-24T09:45:00Z,2024-01-24T09:50:00Z,23.3,42.85,1373.41
72:a5:12:55:c5:00,2024-01-24T09:50:00Z,2024-01-24T09:55:00Z,22.59,37.93,1494.17
72:a5:12:55:c5:00,2024-01-24T09:55:00Z,2024-01-24T10:00:00Z,22.64,39.27,1451.79
72:a5:12:55:c5:00,2024-01-24T10:00:00Z,2024-01-24T10:05:00Z,21.9,45.78,943.79
72:a5:12:55:c5:00,2024-01-24T10:05:00Z,2024-01-24T10:10:00Z,21.95,45.75,1101.88
72:a5:12:55:c5:00,2024-01-24T10:10:00Z,2024-01-24T10:15:00Z,21.93,40.9,1010.09
72:a5:12:55:c5:00,2024-01-24T10:15:00Z,2024-01-24T10:20:00Z,22.81,45.59,956.62
72:a5:12:55:c5:00,2024-01-24T10:20:00Z,2024-01-24T10:25:00Z,22.2,44.19,1066.27
72:a5:12:55:c5:00,2024-01-24T10:25:00Z,2024-01-24T10:30:00Z,22.39,45.56,1029.68
72:a5:12:55:c5:00,2024-01-24T10:30:00Z,2024-01-24T10:35:00Z,23.04,42.73,893.68
72:a5:12:55:c5:00,2024-01-24T10:35:00Z,2024-01-24T10:40:00Z,22.04,45.29,968.46
72:a5:12:55:c5:00,2024-01-24T10:40:00Z,2024-01-24T10:45:00Z,22.34,45.69,1016.75
72:a5:12:55:c5:00,2024-01-24T10:45:00Z,2024-01-24T10:50:00Z,22.72,43.3,870.43
72:a5:12:55:c5:00,2024-01-24T10:50:00Z,2024-01-24T10:55:00Z,21.34,44.04,1005.1
72:a5:12:55:c5:00,2024-01-24T10:55:00Z,2024-01-24T11:00:00Z,21.07,42.7,1009.48
72:a5:12:55:c5:00,2024-01-24T11:00:00Z,2024-01-24T11:05:00Z,21.5,50.2,446.63
72:a5:12:55:c5:00,2024-01-24T11:05:00Z,2024-01-24T11:10:00Z,21.59,46.65,533.88
72:a5:12:55:c5:00,2024-01-24T11:10:00Z,2024-01-24T11:15:00Z,22.53,45.05,518.09
72:a5:12:55:c5:00,2024-01-24T11:15:00Z,2024-01-24T11:20:00Z,21.39,45.46,446.16
72:a5:12:55:c5:00,2024-01-24T11:20:00Z,2024-01-24T11:25:00Z,21.79,47.15,572.81
72:a5:12:55:c5:00,2024-01-24T11:25:00Z,2024-01-24T11:30:00Z,21.18,48.4,567.91
72:a5:12:55:c5:00,2024-01-24T11:30:00Z,2024-01-24T11:35:00Z,21.47,44.22,500.25
72:a5:12:55:c5:00,2024-01-24T11:35:00Z,2024-01-24T11:40:00Z,22.29,50.59,505.72
72:a5:12:55:c5:00,2024-01-24T11:40:00Z,2024-01-24T11:45:00Z,20.02,47.51,561.21
72:a5:12:55:c5:00,2024-01-24T11:45:00Z,2024-01-24T11:50:00Z,21.54,47.83,505.6
72:a5:12:55:c5:00,2024-01-24T11:50:00Z,2024-01-24T11:55:00Z,22.58,46.7,401.78
72:a5:12:55:c5:00,2024-01-24T11:55:00Z,2024-01-24T12:00:00Z,21.46,46.93,546.85
72:a5:12:55:c5:00,2024-01-24T12:00:00Z,2024-01-24T12:05:00Z,20.99,49.7,-48.8
72:a5:12:55:c5:00,2024-01-24T12:05:00Z,2024-01-24T12:10:00Z,19.62,52.04,-23.39
72:a5:12:55:c5:00,2024-01-24T12:10:00Z,2024-01-24T12:15:00Z,19.98,49.98,87.47
72:a5:12:55:c5:00,2024-01-24T12:15:00Z,2024-01-24T12:20:00Z,20.02,51.53,-8.04
72:a5:12:55:c5:00,2024-01-24T12:20:00Z,2024-01-24T12:25:00Z,18.67,49.13,0.1
72:a5:12:55:c5:00,2024-01-24T12:25:00Z,2024-01-24T12:30:00Z,19.3,50.39,30.58
72:a5:12:55:c5:00,2024-01-24T12:30:00Z,2024-01-24T12:35:00Z,19.34,48.39,30.32
72:a5:12:55:c5:00,2024-01-24T12:35:00Z,2024-01-24T12:40:00Z,20.49,52.43,-55.15
72:a5:12:55:c5:00,2024-01-24T12:40:00Z,2024-01-24T12:45:00Z,20.52,48.33,-3.62
72:a5:12:55:c5:00,2024-01-24T12:45:00Z,2024-01-24T12:50:00Z,20.19,49.35,2.17
72:a5:12:55:c5:00,2024-01-24T12:50:00Z,2024-01-24T12:55:00Z,20.49,49.37,16.32
72:a5:12:55:c5:00,2024-01-24T12:55:00Z,2024-01-24T13:00:00Z,19.9,49.29,17.35
72:a5:12:55:c5:00,2024-01-24T13:00:00Z,2024-01-24T13:05:00Z,19.43,54.55,155.25
72:a5:12:55:c5:00,2024-01-24T13:05:00Z,2024-01-24T13:10:00Z,18.71,52.47,-70.55
72:a5:12:55:c5:00,2024-01-24T13:10:00Z,2024-01-24T13:15:00Z,18.74,55.89,58.81
72:a5:12:55:c5:00,2024-01-24T13:15:00Z,2024-01-24T13:20:00Z,18.55,51.47,71.0
72:a5:12:55:c5:00,2024-01-24T13:20:00Z,2024-01-24T13:25:00Z,19.12,53.44,29.57
72:a5:12:55:c5:00,2024-01-24T13:25:00Z,2024-01-24T13:30:00Z,18.45,51.55,-39.02
72:a5:12:55:c5:00,2024-01-24T13:30:00Z,2024-01-24T13:35:00Z,19.29,53.95,99.88
72:a5:12:55:c5:00,2024-01-24T13:35:00Z,2024-01-24T13:40:00Z,18.03,53.07,-131.52
72:a5:12:55:c5:00,2024-01-24T13:40:00Z,2024-01-24T13:45:00Z,18.05,52.8,-41.0
72:a5:12:55:c5:00,2024-01-24T13:45:00Z,2024-01-24T13:50:00Z,19.12,55.48,70.3
72:a5:12:55:c5:00,2024-01-24T13:50:00Z,2024-01-24T13:55:00Z,18.65,51.8,-22.21
72:a5:12:55:c5:00,2024-01-24T13:55:00Z,2024-01-24T14:00:00Z,18.43,54.28,95.79
72:a5:12:55:c5:00,2024-01-24T14:00:00Z,2024-01-24T14:05:00Z,18.03,54.46,-90.71
72:a5:12:55:c5:00,2024-01-24T14:05:00Z,2024-01-24T14:10:00Z,17.14,56.23,-66.73
72:a5:12:55:c5:00,2024-01-24T14:10:00Z,2024-01-24T14:15:00Z,17.38,53.61,-31.9
72:a5:12:55:c5:00,2024-01-24T14:15:00Z,2024-01-24T14:20:00Z,18.34,54.67,25.04
72:a5:12:55:c5:00,2024-01-24T14:20:00Z,2024-01-24T14:25:00Z,18.42,55.84,-13.32
72:a5:12:55:c5:00,2024-01-24T14:25:00Z,2024-01-24T14:30:00Z,18.44,59.63,-29.42
72:a5:12:55:c5:00,2024-01-24T14:30:00Z,2024-01-24T14:35:00Z,17.33,56.2,85.22
72:a5:12:55:c5:00,2024-01-24T14:35:00Z,2024-01-24T14:40:00Z,18.24,59.31,90.81
72:a5:12:55:c5:00,2024-01-24T14:40:00Z,2024-01-24T14:45:00Z,16.93,56.44,-24.86
72:a5:12:55:c5:00,2024-01-24T14:45:00Z,2024-01-24T14:50:00Z,16.96,55.23,-102.59
72:a5:12:55:c5:00,2024-01-24T14:50:00Z,2024-01-24T14:55:00Z,16.09,59.08,-129.45
72:a5:12:55:c5:00,2024-01-24T14:55:00Z,2024-01-24T15:00:00Z,18.5,56.87,14.36
72:a5:12:55:c5:00,2024-01-24T15:00:00Z,2024-01-24T15:05:00Z,15.95,57.2,39.36
72:a5:12:55:c5:00,2024-01-24T15:05:00Z,2024-01-24T15:10:00Z,16.39,59.43,3.78
72:a5:12:55:c5:00,2024-01-24T15:10:00Z,2024-01-24T15:15:00Z,15.92,57.9,-4.25
72:a5:12:55:c5:00,2024-01-24T15:15:00Z,2024-01-24T15:20:00Z,16.88,54.51,-48.27
72:a5:12:55:c5:00,2024-01-24T15:20:00Z,2024-01-24T15:25:00Z,16.24,60.36,39.3
72:a5:12:55:c5:00,2024-01-24T15:25:00Z,2024-01-24T15:30:00Z,15.68,60.68,100.69
72:a5:12:55:c5:00,2024-01-24T15:30:00Z,2024-01-24T15:35:00Z,16.73,62.16,-133.01
72:a5:12:55:c5:00,2024-01-24T15:35:00Z,2024-01-24T15:40:00Z,15.6,59.33,-4.65
72:a5:12:55:c5:00,2024-01-24T15:40:00Z,2024-01-24T15:45:00Z,15.96,57.99,-58.22
72:a5:12:55:c5:00,2024-01-24T15:45:00Z,2024-01-24T15:50:00Z,15.2,60.16,-89.43
72:a5:12:55:c5:00,2024-01-24T15:50:00Z,2024-01-24T15:55:00Z,15.61,60.18,-67.8
72:a5:12:55:c5:00,2024-01-24T15:55:00Z,2024-01-24T16:00:00Z,16.57,61.76,22.78
72:a5:12:55:c5:00,2024-01-24T16:00:00Z,2024-01-24T16:05:00Z,14.49,60.3,24.3
72:a5:12:55:c5:00,2024-01-24T16:05:00Z,2024-01-24T16:10:00Z,14.78,60.06,87.62
72:a5:12:55:c5:00,2024-01-24T16:10:00Z,2024-01-24T16:15:00Z,15.67,58.96,0.53
72:a5:12:55:c5:00,2024-01-24T16:15:00Z,2024-01-24T16:20:00Z,15.34,61.47,-105.49
72:a5:12:55:c5:00,2024-01-24T16:20:00Z,2024-01-24T16:25:00Z,16.87,57.3,-14.29
72:a5:12:55:c5:00,2024-01-24T16:25:00Z,2024-01-24T16:30:00Z,16.77,61.94,-83.18
72:a5:12:55:c5:00,2024-01-24T16:30:00Z,2024-01-24T16:35:00Z,15.15,61.57,-72.41
72:a5:12:55:c5:00,2024-01-24T16:35:00Z,2024-01-24T16:40:00Z,16.0,61.56,34.83
72:a5:12:55:c5:00,2024-01-24T16:40:00Z,2024-01-24T16:45:00Z,16.12,60.67,11.65
72:a5:12:55:c5:00,2024-01-24T16:45:00Z,2024-01-24T16:50:00Z,15.31,63.46,35.25
72:a5:12:55:c5:00,2024-01-24T16:50:00Z,2024-01-24T16:55:00Z,14.77,62.14,-21.45
72:a5:12:55:c5:00,2024-01-24T16:55:00Z,2024-01-24T17:00:00Z,15.66,59.18,47.43
72:a5:12:55:c5:00,2024-01-24T17:00:00Z,2024-01-24T17:05:00Z,15.07,60.41,-24.8
72:a5:12:55:c5:00,2024-01-24T17:05:00Z,2024-01-24T17:10:00Z,14.91,59.83,67.0
72:a5:12:55:c5:00,2024-01-24T17:10:00Z,2024-01-24T17:15:00Z,15.44,62.69,20.68
72:a5:12:55:c5:00,2024-01-24T17:15:00Z,2024-01-24T17:20:00Z,14.72,59.59,-12.42
72:a5:12:55:c5:00,2024-01-24T17:20:00Z,2024-01-24T17:25:00Z,14.48,63.76,12.73
72:a5:12:55:c5:00,2024-01-24T17:25:00Z,2024-01-24T17:30:00Z,15.24,64.24,-1.07
72:a5:12:55:c5:00,2024-01-24T17:30:00Z,2024-01-24T17:35:00Z,15.4,59.83,95.77
72:a5:12:55:c5:00,2024-01-24T17:35:00Z,2024-01-24T17:40:00Z,14.46,61.22,14.73
72:a5:12:55:c5:00,2024-01-24T17:40:00Z,2024-01-24T17:45:00Z,15.73,61.62,-0.1
72:a5:12:55:c5:00,2024-01-24T17:45:00Z,2024-01-24T17:50:00Z,14.11,63.36,-14.31
72:a5:12:55:c5:00,2024-01-24T17:50:00Z,2024-01-24T17:55:00Z,14.82,64.81,50.59
72:a5:12:55:c5:00,2024-01-24T17:55:00Z,2024-01-24T18:00:00Z,15.02,58.22,42.47
72:a5:12:55:c5:00,2024-01-24T18:00:00Z,2024-01-24T18:05:00Z,14.62,61.36,-16.43
72:a5:12:55:c5:00,2024-01-24T18:05:00Z,2024-01-24T18:10:00Z,14.66,61.47,-69.34
72:a5:12:55:c5:00,2024-01-24T18:10:00Z,2024-01-24T18:15:00Z,16.12,59.2,-54.12
72:a5:12:55:c5:00,2024-01-24T18:15:00Z,2024-01-24T18:20:00Z,14.49,61.03,-11.05
72:a5:12:55:c5:00,2024-01-24T18:20:00Z,2024-01-24T18:25:00Z,16.46,62.86,80.94
72:a5:12:55:c5:00,2024-01-24T18:25:00Z,2024-01-24T18:30:00Z,15.26,61.44,-15.01
72:a5:12:55:c5:00,2024-01-24T18:30:00Z,2024-01-24T18:35:00Z,15.06,58.91,-35.65
72:a5:12:55:c5:00,2024-01-24T18:35:00Z,2024-01-24T18:40:00Z,15.29,67.75,-105.64
72:a5:12:55:c5:00,2024-01-24T18:40:00Z,2024-01-24T18:45:00Z,16.52,62.53,90.81
72:a5:12:55:c5:00,2024-01-24T18:45:00Z,2024-01-24T18:50:00Z,14.4,62.22,34.14
72:a5:12:55:c5:00,2024-01-24T18:50:00Z,2024-01-24T18:55:00Z,14.33,59.8,47.76
72:a5:12:55:c5:00,2024-01-24T18:55:00Z,2024-01-24T19:00:00Z,14.55,62.52,57.7
72:a5:12:55:c5:00,2024-01-24T19:00:00Z,2024-01-24T19:05:00Z,15.19,61.26,-9.88
72:a5:12:55:c5:00,2024-01-24T19:05:00Z,2024-01-24T19:10:00Z,14.13,57.81,5.08
72:a5:12:55:c5:00,2024-01-24T19:10:00Z,2024-01-24T19:15:00Z,15.18,59.45,89.32
72:a5:12:55:c5:00,2024-01-24T19:15:00Z,2024-01-24T19:20:00Z,16.19,63.18,10.77
72:a5:12:55:c5:00,2024-01-24T19:20:00Z,2024-01-24T19:25:00Z,15.26,65.48,35.25
72:a5:12:55:c5:00,2024-01-24T19:25:00Z,2024-01-24T19:30:00Z,14.99,62.33,52.23
72:a5:12:55:c5:00,2024-01-24T19:30:00Z,2024-01-24T19:35:00Z,14.8,63.8,38.58
72:a5:12:55:c5:00,2024-01-24T19:35:00Z,2024-01-24T19:40:00Z,15.71,61.28,-7.69
72:a5:12:55:c5:00,2024-01-24T19:40:00Z,2024-01-24T19:45:00Z,14.67,61.42,-2.03
72:a5:12:55:c5:00,2024-01-24T19:45:00Z,2024-01-24T19:50:00Z,16.28,63.77,46.66
72:a5:12:55:c5:00,2024-01-24T19:50:00Z,2024-01-24T19:55:00Z,16.33,64.92,46.56
72:a5:12:55:c5:00,2024-01-24T19:55:00Z,2024-01-24T20:00:00Z,15.32,64.19,70.09
72:a5:12:55:c5:00,2024-01-24T20:00:00Z,2024-01-24T20:05:00Z,15.66,58.26,33.07
72:a5:12:55:c5:00,2024-01-24T20:05:00Z,2024-01-24T20:10:00Z,16.29,60.26,35.8
72:a5:12:55:c5:00,2024-01-24T20:10:00Z,2024-01-24T20:15:00Z,16.33,60.95,-26.77
72:a5:12:55:c5:00,2024-01-24T20:15:00Z,2024-01-24T20:20:00Z,15.19,59.87,-34.87
72:a5:12:55:c5:00,2024-01-24T20:20:00Z,2024-01-24T20:25:00Z,15.35,61.17,46.84
72:a5:12:55:c5:00,2024-01-24T20:25:00Z,2024-01-24T20:30:00Z,14.88,62.03,-34.45
72:a5:12:55:c5:00,2024-01-24T20:30:00Z,2024-01-24T20:35:00Z,15.92,62.4,-1.24
72:a5:12:55:c5:00,2024-01-24T20:35:00Z,2024-01-24T20:40:00Z,16.07,63.76,82.74
72:a5:12:55:c5:00,2024-01-24T20:40:00Z,2024-01-24T20:45:00Z,14.86,59.73,73.23
72:a5:12:55:c5:00,2024-01-24T20:45:00Z,2024-01-24T20:50:00Z,15.4,57.66,18.11
72:a5:12:55:c5:00,2024-01-24T20:50:00Z,2024-01-24T20:55:00Z,14.86,61.11,-17.77
72:a5:12:55:c5:00,2024-01-24T20:55:00Z,2024-01-24T21:00:00Z,15.13,64.16,-7.4
72:a5:12:55:c5:00,2024-01-24T21:00:00Z,2024-01-24T21:05:00Z,16.8,57.53,52.06
72:a5:12:55:c5:00,2024-01-24T21:05:00Z,2024-01-24T21:10:00Z,16.02,59.86,-2.19
72:a5:12:55:c5:00,2024-01-24T21:10:00Z,2024-01-24T21:15:00Z,16.28,59.88,-33.5
72:a5:12:55:c5:00,2024-01-24T21:15:00Z,2024-01-24T21:20:00Z,15.49,58.87,72.95
72:a5:12:55:c5:00,2024-01-24T21:20:00Z,2024-01-24T21:25:00Z,16.58,58.5,10.9
72:a5:12:55:c5:00,2024-01-24T21:25:00Z,2024-01-24T21:30:00Z,16.44,56.64,-34.64
72:a5:12:55:c5:00,2024-01-24T21:30:00Z,2024-01-24T21:35:00Z,16.03,53.92,28.74
72:a5:12:55:c5:00,2024-01-24T21:35:00Z,2024-01-24T21:40:00Z,16.35,56.26,58.27
72:a5:12:55:c5:00,2024-01-24T21:40:00Z,2024-01-24T21:45:00Z,16.57,57.7,-60.46
72:a5:12:55:c5:00,2024-01-24T21:45:00Z,2024-01-24T21:50:00Z,15.98,60.68,-12.03
72:a5:12:55:c5:00,2024-01-24T21:50:00Z,2024-01-24T21:55:00Z,15.58,58.28,-14.8
72:a5:12:55:c5:00,2024-01-24T21:55:00Z,2024-01-24T22:00:00Z,17.55,57.45,27.14
72:a5:12:55:c5:00,2024-01-24T22:00:00Z,2024-01-24T22:05:00Z,17.12,54.22,37.92
72:a5:12:55:c5:00,2024-01-24T22:05:00Z,2024-01-24T22:10:00Z,17.44,57.31,-33.09
72:a5:12:55:c5:00,2024-01-24T22:10:00Z,2024-01-24T22:15:00Z,18.11,58.72,-89.57
72:a5:12:55:c5:00,2024-01-24T22:15:00Z,2024-01-24T22:20:00Z,19.62,58.13,61.91
72:a5:12:55:c5:00,2024-01-24T22:20:00Z,2024-01-24T22:25:00Z,16.75,57.21,-67.2
72:a5:12:55:c5:00,2024-01-24T22:25:00Z,2024-01-24T22:30:00Z,17.77,53.05,16.27
72:a5:12:55:c5:00,2024-01-24T22:30:00Z,2024-01-24T22:35:00Z,17.08,55.3,-7.92
72:a5:12:55:c5:00,2024-01-24T22:35:00Z,2024-01-24T22:40:00Z,17.18,59.89,9.75
72:a5:12:55:c5:00,2024-01-24T22:40:00Z,2024-01-24T22:45:00Z,17.07,58.24,99.07
72:a5:12:55:c5:00,2024-01-24T22:45:00Z,2024-01-24T22:50:00Z,16.82,52.92,182.3
72:a5:12:55:c5:00,2024-01-24T22:50:00Z,2024-01-24T22:55:00Z,17.48,55.89,-98.01
72:a5:12:55:c5:00,2024-01-24T22:55:00Z,2024-01-24T23:00:00Z,16.62,56.73,59.03
72:a5:12:55:c5:00,2024-01-24T23:00:00Z,2024-01-24T23:05:00Z,19.27,51.58,-9.37
72:a5:12:55:c5:00,2024-01-24T23:05:00Z,2024-01-24T23:10:00Z,18.74,48.49,62.87
72:a5:12:55:c5:00,2024-01-24T23:10:00Z,2024-01-24T23:15:00Z,18.96,53.3,57.44
72:a5:12:55:c5:00,2024-01-24T23:15:00Z,2024-01-24T23:20:00Z,18.43,51.53,84.58
72:a5:12:55:c5:00,2024-01-24T23:20:00Z,2024-01-24T23:25:00Z,18.49,51.54,17.1
72:a5:12:55:c5:00,2024-01-24T23:25:00Z,2024-01-24T23:30:00Z,18.88,52.4,-53.37
72:a5:12:55:c5:00,2024-01-24T23:30:00Z,2024-01-24T23:35:00Z,18.01,52.84,55.66
72:a5:12:55:c5:00,2024-01-24T23:35:00Z,2024-01-24T23:40:00Z,18.49,53.09,7.08
72:a5:12:55:c5:00,2024-01-24T23:40:00Z,2024-01-24T23:45:00Z,18.19,51.34,-14.03
72:a5:12:55:c5:00,2024-01-24T23:45:00Z,2024-01-24T23:50:00Z,18.17,52.67,-28.57
72:a5:12:55:c5:00,2024-01-24T23:50:00Z,2024-01-24T23:55:00Z,17.44,49.59,60.38
72:a5:12:55:c5:00,2024-01-24T23:55:00Z,2024-01-25T00:00:00Z,19.51,53.73,96.2
72:a5:12:55:c5:00,2024-01-25T00:00:00Z,2024-01-25T00:05:00Z,19.59,44.29,-71.72
72:a5:12:55:c5:00,2024-01-25T00:05:00Z,2024-01-25T00:10:00Z,20.7,49.42,37.32
72:a5:12:55:c5:00,2024-01-25T00:10:00Z,2024-01-25T00:15:00Z,20.64,51.84,-22.34
72:a5:12:55:c5:00,2024-01-25T00:15:00Z,2024-01-25T00:20:00Z,19.23,47.88,-88.04
72:a5:12:55:c5:00,2024-01-25T00:20:00Z,2024-01-25T00:25:00Z,19.35,51.43,8.86
72:a5:12:55:c5:00,2024-01-25T00:25:00Z,2024-01-25T00:30:00Z,21.54,52.31,-49.99
72:a5:12:55:c5:00,2024-01-25T00:30:00Z,2024-01-25T00:35:00Z,21.05,43.38,-94.67
72:a5:12:55:c5:00,2024-01-25T00:35:00Z,2024-01-25T00:40:00Z,19.98,49.7,-46.9
72:a5:12:55:c5:00,2024-01-25T00:40:00Z,2024-01-25T00:45:00Z,20.15,44.25,-61.67
72:a5:12:55:c5:00,2024-01-25T00:45:00Z,2024-01-25T00:50:00Z,19.62,49.76,-38.8
72:a5:12:55:c5:00,2024-01-25T00:50:00Z,2024-01-25T00:55:00Z,20.26,49.99,-79.55
72:a5:12:55:c5:00,2024-01-25T00:55:00Z,2024-01-25T01:00:00Z,19.57,45.03,-23.71
72:a5:12:55:c5:00,2024-01-25T01:00:00Z,2024-01-25T01:05:00Z,20.07,50.74,474.84
72:a5:12:55:c5:00,2024-01-25T01:05:00Z,2024-01-25T01:10:00Z,20.5,47.47,540.17
72:a5:12:55:c5:00,2024-01-25T01:10:00Z,2024-01-25T01:15:00Z,21.31,45.2,553.25
72:a5:12:55:c5:00,2024-01-25T01:15:00Z,2024-01-25T01:20:00Z,20.62,49.82,533.25
72:a5:12:55:c5:00,2024-01-25T01:20:00Z,2024-01-25T01:25:00Z,21.25,43.3,503.51
72:a5:12:55:c5:00,2024-01-25T01:25:00Z,2024-01-25T01:30:00Z,20.65,44.44,501.89
72:a5:12:55:c5:00,2024-01-25T01:30:00Z,2024-01-25T01:35:00Z,20.82,42.3,467.41
72:a5:12:55:c5:00,2024-01-25T01:35:00Z,2024-01-25T01:40:00Z,21.81,50.5,468.86
72:a5:12:55:c5:00,2024-01-25T01:40:00Z,2024-01-25T01:45:00Z,21.44,47.56,559.85
72:a5:12:55:c5:00,2024-01-25T01:45:00Z,2024-01-25T01:50:00Z,21.29,48.21,412.06
72:a5:12:55:c5:00,2024-01-25T01:50:00Z,2024-01-25T01:55:00Z,21.82,47.5,512.79
72:a5:12:55:c5:00,2024-01-25T01:55:00Z,2024-01-25T02:00:00Z,21.58,48.04,498.23
72:a5:12:55:c5:00,2024-01-25T02:00:00Z,2024-01-25T02:05:00Z,23.37,44.16,1035.95
72:a5:12:55:c5:00,2024-01-25T02:05:00Z,2024-01-25T02:10:00Z,22.22,44.54,914.5
72:a5:12:55:c5:00,2024-01-25T02:10:00Z,2024-01-25T02:15:00Z,22.24,44.22,1000.75
72:a5:12:55:c5:00,2024-01-25T02:15:00Z,2024-01-25T02:20:00Z,21.72,42.78,1020.58
72:a5:12:55:c5:00,2024-01-25T02:20:00Z,2024-01-25T02:25:00Z,22.24,43.91,885.72
72:a5:12:55:c5:00,2024-01-25T02:25:00Z,2024-01-25T02:30:00Z,23.08,44.55,935.54
72:a5:12:55:c5:00,2024-01-25T02:30:00Z,2024-01-25T02:35:00Z,23.28,44.22,994.49
72:a5:12:55:c5:00,2024-01-25T02:35:00Z,2024-01-25T02:40:00Z,23.08,41.04,1030.85
72:a5:12:55:c5:00,2024-01-25T02:40:00Z,2024-01-25T02:45:00Z,21.42,41.31,1010.95
72:a5:12:55:c5:00,2024-01-25T02:45:00Z,2024-01-25T02:50:00Z,23.15,46.17,1033.63
72:a5:12:55:c5:00,2024-01-25T02:50:00Z,2024-01-25T02:55:00Z,21.4,43.39,935.24
72:a5:12:55:c5:00,2024-01-25T02:55:00Z,2024-01-25T03:00:00Z,23.04,45.17,904.67
72:a5:12:55:c5:00,2024-01-25T03:00:00Z,2024-01-25T03:05:00Z,23.31,39.33,1419.28
72:a5:12:55:c5:00,2024-01-25T03:05:00Z,2024-01-25T03:10:00Z,23.96,38.57,1340.45
72:a5:12:55:c5:00,2024-01-25T03:10:00Z,2024-01-25T03:15:00Z,22.74,39.83,1362.29
72:a5:12:55:c5:00,2024-01-25T03:15:00Z,2024-01-25T03:20:00Z,24.24,41.07,1470.15
72:a5:12:55:c5:00,2024-01-25T03:20:00Z,2024-01-25T03:25:00Z,22.66,40.18,1425.56
72:a5:12:55:c5:00,2024-01-25T03:25:00Z,2024-01-25T03:30:00Z,23.13,44.1,1380.12
72:a5:12:55:c5:00,2024-01-25T03:30:00Z,2024-01-25T03:35:00Z,22.94,41.87,1372.33
72:a5:12:55:c5:00,2024-01-25T03:35:00Z,2024-01-25T03:40:00Z,22.48,45.21,1451.47
72:a5:12:55:c5:00,2024-01-25T03:40:00Z,2024-01-25T03:45:00Z,23.59,42.32,1426.93
72:a5:12:55:c5:00,2024-01-25T03:45:00Z,2024-01-25T03:50:00Z,24.62,36.69,1341.34
72:a5:12:55:c5:00,2024-01-25T03:50:00Z,2024-01-25T03:55:00Z,25.14,43.63,1297.34
72:a5:12:55:c5:00,2024-01-25T03:55:00Z,2024-01-25T04:00:00Z,23.59,38.5,1527.12
72:a5:12:55:c5:00,2024-01-25T04:00:00Z,2024-01-25T04:05:00Z,25.0,40.07,1658.7
72:a5:12:55:c5:00,2024-01-25T04:05:00Z,2024-01-25T04:10:00Z,24.47,38.06,1763.71
72:a5:12:55:c5:00,2024-01-25T04:10:00Z,2024-01-25T04:15:00Z,24.63,43.89,1822.69
72:a5:12:55:c5:00,2024-01-25T04:15:00Z,2024-01-25T04:20:00Z,24.12,42.49,1740.91
72:a5:12:55:c5:00,2024-01-25T04:20:00Z,2024-01-25T04:25:00Z,24.45,38.12,1696.02
72:a5:12:55:c5:00,2024-01-25T04:25:00Z,2024-01-25T04:30:00Z,24.65,39.35,1646.49
72:a5:12:55:c5:00,2024-01-25T04:30:00Z,2024-01-25T04:35:00Z,23.98,40.1,1645.65
72:a5:12:55:c5:00,2024-01-25T04:35:00Z,2024-01-25T04:40:00Z,24.28,41.33,1754.65
72:a5:12:55:c5:00,2024-01-25T04:40:00Z,2024-01-25T04:45:00Z,24.3,39.67,1819.11
72:a5:12:55:c5:00,2024-01-25T04:45:00Z,2024-01-25T04:50:00Z,24.83,37.56,1708.32
72:a5:12:55:c5:00,2024-01-25T04:50:00Z,2024-01-25T04:55:00Z,23.69,38.17,1698.71
72:a5:12:55:c5:00,2024-01-25T04:55:00Z,2024-01-25T05:00:00Z,24.3,39.6,1773.9
72:a5:12:55:c5:00,2024-01-25T05:00:00Z,2024-01-25T05:05:00Z,25.98,40.88,1890.69
72:a5:12:55:c5:00,2024-01-25T05:05:00Z,2024-01-25T05:10:00Z,25.53,39.26,1948.32
72:a5:12:55:c5:00,2024-01-25T05:10:00Z,2024-01-25T05:15:00Z,25.64,36.86,1934.36
72:a5:12:55:c5:00,2024-01-25T05:15:00Z,2024-01-25T05:20:00Z,24.84,39.71,1907.28
72:a5:12:55:c5:00,2024-01-25T05:20:00Z,2024-01-25T05:25:00Z,25.02,37.63,1930.92
72:a5:12:55:c5:00,2024-01-25T05:25:00Z,2024-01-25T05:30:00Z,25.43,40.19,2037.64
72:a5:12:55:c5:00,2024-01-25T05:30:00Z,2024-01-25T05:35:00Z,25.77,43.46,1968.12
72:a5:12:55:c5:00,2024-01-25T05:35:00Z,2024-01-25T05:40:00Z,23.66,37.69,1997.4
72:a5:12:55:c5:00,2024-01-25T05:40:00Z,2024-01-25T05:45:00Z,24.04,40.01,1876.73
72:a5:12:55:c5:00,2024-01-25T05:45:00Z,2024-01-25T05:50:00Z,25.62,36.92,1997.61
72:a5:12:55:c5:00,2024-01-25T05:50:00Z,2024-01-25T05:55:00Z,24.66,38.18,1970.19
72:a5:12:55:c5:00,2024-01-25T05:55:00Z,2024-01-25T06:00:00Z,24.43,38.47,1841.88
72:a5:12:55:c5:00,2024-01-25T06:00:00Z,2024-01-25T06:05:00Z,24.25,37.61,2032.39
72:a5:12:55:c5:00,2024-01-25T06:05:00Z,2024-01-25T06:10:00Z,24.67,42.93,1969.2
72:a5:12:55:c5:00,2024-01-25T06:10:00Z,2024-01-25T06:15:00Z,24.16,37.39,1907.25
72:a5:12:55:c5:00,2024-01-25T06:15:00Z,2024-01-25T06:20:00Z,26.25,39.17,2007.79
72:a5:12:55:c5:00,2024-01-25T06:20:00Z,2024-01-25T06:25:00Z,24.99,34.14,2032.34
72:a5:12:55:c5:00,2024-01-25T06:25:00Z,2024-01-25T06:30:00Z,24.97,38.86,2009.1
72:a5:12:55:c5:00,2024-01-25T06:30:00Z,2024-01-25T06:35:00Z,25.35,40.28,1993.45
72:a5:12:55:c5:00,2024-01-25T06:35:00Z,2024-01-25T06:40:00Z,25.58,36.94,1980.16
72:a5:12:55:c5:00,2024-01-25T06:40:00Z,2024-01-25T06:45:00Z,25.57,32.98,2148.0
72:a5:12:55:c5:00,2024-01-25T06:45:00Z,2024-01-25T06:50:00Z,25.64,37.92,1929.05
72:a5:12:55:c5:00,2024-01-25T06:50:00Z,2024-01-25T06:55:00Z,24.62,38.03,2052.38
72:a5:12:55:c5:00,2024-01-25T06:55:00Z,2024-01-25T07:00:00Z,24.82,39.45,2000.93
72:a5:12:55:c5:00,2024-01-25T07:00:00Z,2024-01-25T07:05:00Z,25.29,42.43,1880.58
72:a5:12:55:c5:00,2024-01-25T07:05:00Z,2024-01-25T07:10:00Z,24.51,37.65,1928.95
72:a5:12:55:c5:00,2024-01-25T07:10:00Z,2024-01-25T07:15:00Z,24.83,36.7,1848.28
72:a5:12:55:c5:00,2024-01-25T07:15:00Z,2024-01-25T07:20:00Z,25.07,36.08,1896.12
72:a5:12:55:c5:00,2024-01-25T07:20:00Z,2024-01-25T07:25:00Z,25.3,38.81,1929.04
72:a5:12:55:c5:00,2024-01-25T07:25:00Z,2024-01-25T07:30:00Z,23.76,39.37,1838.78
72:a5:12:55:c5:00,2024-01-25T07:30:00Z,2024-01-25T07:35:00Z,25.26,37.32,1962.23
72:a5:12:55:c5:00,2024-01-25T07:35:00Z,2024-01-25T07:40:00Z,24.69,39.97,1874.03
72:a5:12:55:c5:00,2024-01-25T07:40:00Z,2024-01-25T07:45:00Z,25.25,39.34,1844.75
72:a5:12:55:c5:00,2024-01-25T07:45:00Z,2024-01-25T07:50:00Z,25.3,38.5,1867.03
72:a5:12:55:c5:00,2024-01-25T07:50:00Z,2024-01-25T07:55:00Z,25.79,36.6,2062.41
72:a5:12:55:c5:00,2024-01-25T07:55:00Z,2024-01-25T08:00:00Z,25.64,37.45,1813.17
72:a5:12:55:c5:00,2024-01-25T08:00:00Z,2024-01-25T08:05:00Z,25.14,34.75,1758.22
72:a5:12:55:c5:00,2024-01-25T08:05:00Z,2024-01-25T08:10:00Z,25.2,40.08,1686.95
72:a5:12:55:c5:00,2024-01-25T08:10:00Z,2024-01-25T08:15:00Z,24.5,39.66,1711.04
72:a5:12:55:c5:00,2024-01-25T08:15:00Z,2024-01-25T08:20:00Z,24.35,39.98,1768.29
72:a5:12:55:c5:00,2024-01-25T08:20:00Z,2024-01-25T08:25:00Z,24.85,40.62,1765.34
72:a5:12:55:c5:00,2024-01-25T08:25:00Z,2024-01-25T08:30:00Z,24.77,40.38,1691.21
72:a5:12:55:c5:00,2024-01-25T08:30:00Z,2024-01-25T08:35:00Z,24.14,39.39,1650.58
72:a5:12:55:c5:00,2024-01-25T08:35:00Z,2024-01-25T08:40:00Z,24.57,39.71,1769.38
72:a5:12:55:c5:00,2024-01-25T08:40:00Z,2024-01-25T08:45:00Z,24.31,36.8,1765.19
72:a5:12:55:c5:00,2024-01-25T08:45:00Z,2024-01-25T08:50:00Z,23.82,38.44,1714.95
72:a5:12:55:c5:00,2024-01-25T08:50:00Z,2024-01-25T08:55:00Z,25.1,39.71,1758.57
72:a5:12:55:c5:00,2024-01-25T08:55:00Z,2024-01-25T09:00:00Z,24.36,38.14,1705.3
72:a5:12:55:c5:00,2024-01-25T09:00:00Z,2024-01-25T09:05:00Z,24.76,43.24,1364.59
72:a5:12:55:c5:00,2024-01-25T09:05:00Z,2024-01-25T09:10:00Z,22.56,40.2,1414.45
72:a5:12:55:c5:00,2024-01-25T09:10:00Z,2024-01-25T09:15:00Z,23.2,41.95,1445.36
72:a5:12:55:c5:00,2024-01-25T09:15:00Z,2024-01-25T09:20:00Z,23.56,41.75,1432.77
72:a5:12:55:c5:00,2024-01-25T09:20:00Z,2024-01-25T09:25:00Z,24.22,43.01,1444.76
72:a5:12:55:c5:00,2024-01-25T09:25:00Z,2024-01-25T09:30:00Z,23.78,43.32,1368.58
72:a5:12:55:c5:00,2024-01-25T09:30:00Z,2024-01-25T09:35:00Z,23.72,42.9,1509.13
72:a5:12:55:c5:00,2024-01-25T09:35:00Z,2024-01-25T09:40:00Z,22.86,37.3,1393.67
72:a5:12:55:c5:00,2024-01-25T09:40:00Z,2024-01-25T09:45:00Z,22.84,43.9,1407.08
72:a5:12:55:c5:00,2024-01-25T09:45:00Z,2024-01-25T09:50:00Z,23.73,44.57,1335.09
72:a5:12:55:c5:00,2024-01-25T09:50:00Z,2024-01-25T09:55:00Z,22.72,40.55,1402.58
72:a5:12:55:c5:00,2024-01-25T09:55:00Z,2024-01-25T10:00:00Z,23.22,41.99,1446.15
72:a5:12:55:c5:00,2024-01-25T10:00:00Z,2024-01-25T10:05:00Z,22.8,42.22,1045.75
72:a5:12:55:c5:00,2024-01-25T10:05:00Z,2024-01-25T10:10:00Z,21.91,40.1,1093.72
72:a5:12:55:c5:00,2024-01-25T10:10:00Z,2024-01-25T10:15:00Z,23.46,42.52,1031.21
72:a5:12:55:c5:00,2024-01-25T10:15:00Z,2024-01-25T10:20:00Z,23.23,42.92,1016.61
72:a5:12:55:c5:00,2024-01-25T10:20:00Z,2024-01-25T10:25:00Z,21.56,43.29,973.22
72:a5:12:55:c5:00,2024-01-25T10:25:00Z,2024-01-25T10:30:00Z,21.94,42.08,960.3
72:a5:12:55:c5:00,2024-01-25T10:30:00Z,2024-01-25T10:35:00Z,21.13,42.53,1058.21
72:a5:12:55:c5:00,2024-01-25T10:35:00Z,2024-01-25T10:40:00Z,22.03,43.98,1057.06
72:a5:12:55:c5:00,2024-01-25T10:40:00Z,2024-01-25T10:45:00Z,22.96,42.46,935.38
72:a5:12:55:c5:00,2024-01-25T10:45:00Z,2024-01-25T10:50:00Z,22.25,45.09,1043.39
72:a5:12:55:c5:00,2024-01-25T10:50:00Z,2024-01-25T10:55:00Z,22.78,45.36,1039.02
72:a5:12:55:c5:00,2024-01-25T10:55:00Z,2024-01-25T11:00:00Z,21.59,48.76,933.17
72:a5:12:55:c5:00,2024-01-25T11:00:00Z,2024-01-25T11:05:00Z,21.77,49.15,550.07
72:a5:12:55:c5:00,2024-01-25T11:05:00Z,2024-01-25T11:10:00Z,20.96,47.38,454.67
72:a5:12:55:c5:00,2024-01-25T11:10:00Z,2024-01-25T11:15:00Z,21.3,45.65,371.88
72:a5:12:55:c5:00,2024-01-25T11:15:00Z,2024-01-25T11:20:00Z,21.24,47.48,508.03
72:a5:12:55:c5:00,2024-01-25T11:20:00Z,2024-01-25T11:25:00Z,20.53,47.55,533.11
72:a5:12:55:c5:00,2024-01-25T11:25:00Z,2024-01-25T11:30:00Z,20.6,45.87,510.73
72:a5:12:55:c5:00,2024-01-25T11:30:00Z,2024-01-25T11:35:00Z,21.87,48.46,689.66
72:a5:12:55:c5:00,2024-01-25T11:35:00Z,2024-01-25T11:40:00Z,21.53,44.1,540.37
72:a5:12:55:c5:00,2024-01-25T11:40:00Z,2024-01-25T11:45:00Z,21.92,46.41,526.47
72:a5:12:55:c5:00,2024-01-25T11:45:00Z,2024-01-25T11:50:00Z,21.49,48.01,543.41
72:a5:12:55:c5:00,2024-01-25T11:50:00Z,2024-01-25T11:55:00Z,21.38,46.32,491.16
72:a5:12:55:c5:00,2024-01-25T11:55:00Z,2024-01-25T12:00:00Z,20.26,46.48,573.41
72:a5:12:55:c5:00,2024-01-25T12:00:00Z,2024-01-25T12:05:00Z,19.84,49.72,21.66
72:a5:12:55:c5:00,2024-01-25T12:05:00Z,2024-01-25T12:10:00Z,19.98,48.33,18.91
72:a5:12:55:c5:00,2024-01-25T12:10:00Z,2024-01-25T12:15:00Z,21.17,52.35,-37.45
72:a5:12:55:c5:00,2024-01-25T12:15:00Z,2024-01-25T12:20:00Z,20.41,47.96,-93.86
72:a5:12:55:c5:00,2024-01-25T12:20:00Z,2024-01-25T12:25:00Z,20.92,50.64,-30.08
72:a5:12:55:c5:00,2024-01-25T12:25:00Z,2024-01-25T12:30:00Z,20.36,50.83,16.96
72:a5:12:55:c5:00,2024-01-25T12:30:00Z,2024-01-25T12:35:00Z,19.57,48.1,-26.68
72:a5:12:55:c5:00,2024-01-25T12:35:00Z,2024-01-25T12:40:00Z,20.07,50.15,17.5
72:a5:12:55:c5:00,2024-01-25T12:40:00Z,2024-01-25T12:45:00Z,20.14,48.18,-13.94
72:a5:12:55:c5:00,2024-01-25T12:45:00Z,2024-01-25T12:50:00Z,19.44,52.78,25.83
72:a5:12:55:c5:00,2024-01-25T12:50:00Z,2024-01-25T12:55:00Z,19.77,47.72,-58.61
72:a5:12:55:c5:00,2024-01-25T12:55:00Z,2024-01-25T13:00:00Z,19.88,48.69,11.57
72:a5:12:55:c5:00,2024-01-25T13:00:00Z,2024-01-25T13:05:00Z,19.67,50.66,-38.46
72:a5:12:55:c5:00,2024-01-25T13:05:00Z,2024-01-25T13:10:00Z,17.46,50.39,-92.3
72:a5:12:55:c5:00,2024-01-25T13:10:00Z,2024-01-25T13:15:00Z,19.43,56.29,-9.91
72:a5:12:55:c5:00,2024-01-25T13:15:00Z,2024-01-25T13:20:00Z,18.14,54.19,92.18
72:a5:12:55:c5:00,2024-01-25T13:20:00Z,2024-01-25T13:25:00Z,17.88,53.39,-87.51
72:a5:12:55:c5:00,2024-01-25T13:25:00Z,2024-01-25T13:30:00Z,19.41,51.79,7.16
72:a5:12:55:c5:00,2024-01-25T13:30:00Z,2024-01-25T13:35:00Z,19.15,54.92,47.85
72:a5:12:55:c5:00,2024-01-25T13:35:00Z,2024-01-25T13:40:00Z,19.46,51.46,138.0
72:a5:12:55:c5:00,2024-01-25T13:40:00Z,2024-01-25T13:45:00Z,19.19,54.69,-29.58
72:a5:12:55:c5:00,2024-01-25T13:45:00Z,2024-01-25T13:50:00Z,19.94,51.36,-37.92
72:a5:12:55:c5:00,2024-01-25T13:50:00Z,2024-01-25T13:55:00Z,19.04,51.82,-70.0
72:a5:12:55:c5:00,2024-01-25T13:55:00Z,2024-01-25T14:00:00Z,18.61,54.62,68.43
72:a5:12:55:c5:00,2024-01-25T14:00:00Z,2024-01-25T14:05:00Z,17.71,57.73,-52.04
72:a5:12:55:c5:00,2024-01-25T14:05:00Z,2024-01-25T14:10:00Z,18.25,57.19,-22.24
72:a5:12:55:c5:00,2024-01-25T14:10:00Z,2024-01-25T14:15:00Z,17.03,53.9,-110.94
72:a5:12:55:c5:00,2024-01-25T14:15:00Z,2024-01-25T14:20:00Z,17.11,55.11,53.04
72:a5:12:55:c5:00,2024-01-25T14:20:00Z,2024-01-25T14:25:00Z,17.31,56.31,69.5
72:a5:12:55:c5:00,2024-01-25T14:25:00Z,2024-01-25T14:30:00Z,16.24,54.3,50.75
72:a5:12:55:c5:00,2024-01-25T14:30:00Z,2024-01-25T14:35:00Z,17.58,58.74,-96.32
72:a5:12:55:c5:00,2024-01-25T14:35:00Z,2024-01-25T14:40:00Z,16.37,51.2,36.43
72:a5:12:55:c5:00,2024-01-25T14:40:00Z,2024-01-25T14:45:00Z,17.53,54.44,-100.36
72:a5:12:55:c5:00,2024-01-25T14:45:00Z,2024-01-25T14:50:00Z,18.02,54.98,3.48
72:a5:12:55:c5:00,2024-01-25T14:50:00Z,2024-01-25T14:55:00Z,17.21,50.31,12.3
72:a5:12:55:c5:00,2024-01-25T14:55:00Z,2024-01-25T15:00:00Z,18.51,53.21,18.61
72:a5:12:55:c5:00,2024-01-25T15:00:00Z,2024-01-25T15:05:00Z,15.59,59.74,32.08
72:a5:12:55:c5:00,2024-01-25T15:05:00Z,2024-01-25T15:10:00Z,17.18,58.55,-0.48
72:a5:12:55:c5:00,2024-01-25T15:10:00Z,2024-01-25T15:15:00Z,16.87,61.63,-117.75
72:a5:12:55:c5:00,2024-01-25T15:15:00Z,2024-01-25T15:20:00Z,15.43,61.58,32.11
72:a5:12:55:c5:00,2024-01-25T15:20:00Z,2024-01-25T15:25:00Z,18.09,59.35,5.86
72:a5:12:55:c5:00,2024-01-25T15:25:00Z,2024-01-25T15:30:00Z,16.43,59.11,-54.16
72:a5:12:55:c5:00,2024-01-25T15:30:00Z,2024-01-25T15:35:00Z,15.94,58.62,-94.16
72:a5:12:55:c5:00,2024-01-25T15:35:00Z,2024-01-25T15:40:00Z,15.62,53.18,92.4
72:a5:12:55:c5:00,2024-01-25T15:40:00Z,2024-01-25T15:45:00Z,16.33,55.7,73.88
72:a5:12:55:c5:00,2024-01-25T15:45:00Z,2024-01-25T15:50:00Z,16.39,58.69,42.36
72:a5:12:55:c5:00,2024-01-25T15:50:00Z,2024-01-25T15:55:00Z,16.53,59.72,-40.58
72:a5:12:55:c5:00,2024-01-25T15:55:00Z,2024-01-25T16:00:00Z,16.29,59.06,-151.02
72:a5:12:55:c5:00,2024-01-25T16:00:00Z,2024-01-25T16:05:00Z,16.05,58.61,45.88
72:a5:12:55:c5:00,2024-01-25T16:05:00Z,2024-01-25T16:10:00Z,15.44,62.27,22.0
72:a5:12:55:c5:00,2024-01-25T16:10:00Z,2024-01-25T16:15:00Z,14.51,63.36,-22.48
72:a5:12:55:c5:00,2024-01-25T16:15:00Z,2024-01-25T16:20:00Z,15.58,62.27,67.49
72:a5:12:55:c5:00,2024-01-25T16:20:00Z,2024-01-25T16:25:00Z,14.25,62.37,50.88
72:a5:12:55:c5:00,2024-01-25T16:25:00Z,2024-01-25T16:30:00Z,15.88,59.27,10.57
72:a5:12:55:c5:00,2024-01-25T16:30:00Z,2024-01-25T16:35:00Z,15.08,62.54,2.1
72:a5:12:55:c5:00,2024-01-25T16:35:00Z,2024-01-25T16:40:00Z,15.77,60.68,3.06
72:a5:12:55:c5:00,2024-01-25T16:40:00Z,2024-01-25T16:45:00Z,16.46,61.42,40.8
72:a5:12:55:c5:00,2024-01-25T16:45:00Z,2024-01-25T16:50:00Z,15.1,61.12,-51.45
72:a5:12:55:c5:00,2024-01-25T16:50:00Z,2024-01-25T16:55:00Z,16.31,60.15,25.56
72:a5:12:55:c5:00,2024-01-25T16:55:00Z,2024-01-25T17:00:00Z,15.41,58.67,-55.24
72:a5:12:55:c5:00,2024-01-25T17:00:00Z,2024-01-25T17:05:00Z,16.22,61.43,80.19
72:a5:12:55:c5:00,2024-01-25T17:05:00Z,2024-01-25T17:10:00Z,14.95,63.56,31.93
72:a5:12:55:c5:00,2024-01-25T17:10:00Z,2024-01-25T17:15:00Z,14.67,60.71,-41.29
72:a5:12:55:c5:00,2024-01-25T17:15:00Z,2024-01-25T17:20:00Z,15.58,63.38,4.84
72:a5:12:55:c5:00,2024-01-25T17:20:00Z,2024-01-25T17:25:00Z,14.91,63.07,-51.23
72:a5:12:55:c5:00,2024-01-25T17:25:00Z,2024-01-25T17:30:00Z,14.67,60.99,90.25
72:a5:12:55:c5:00,2024-01-25T17:30:00Z,2024-01-25T17:35:00Z,14.88,64.37,97.37
72:a5:12:55:c5:00,2024-01-25T17:35:00Z,2024-01-25T17:40:00Z,15.14,60.88,41.77
72:a5:12:55:c5:00,2024-01-25T17:40:00Z,2024-01-25T17:45:00Z,15.98,64.61,93.4
72:a5:12:55:c5:00,2024-01-25T17:45:00Z,2024-01-25T17:50:00Z,14.01,62.46,9.11
72:a5:12:55:c5:00,2024-01-25T17:50:00Z,2024-01-25T17:55:00Z,15.18,61.56,45.81
72:a5:12:55:c5:00,2024-01-25T17:55:00Z,2024-01-25T18:00:00Z,15.55,59.82,73.48
72:a5:12:55:c5:00,2024-01-25T18:00:00Z,2024-01-25T18:05:00Z,15.12,61.82,-0.34
72:a5:12:55:c5:00,2024-01-25T18:05:00Z,2024-01-25T18:10:00Z,15.79,61.59,4.27
72:a5:12:55:c5:00,2024-01-25T18:10:00Z,2024-01-25T18:15:00Z,14.96,59.48,56.02
72:a5:12:55:c5:00,2024-01-25T18:15:00Z,2024-01-25T18:20:00Z,14.89,61.56,38.79
72:a5:12:55:c5:00,2024-01-25T18:20:00Z,2024-01-25T18:25:00Z,15.36,60.39,-45.33
72:a5:12:55:c5:00,2024-01-25T18:25:00Z,2024-01-25T18:30:00Z,15.06,63.17,-131.21
72:a5:12:55:c5:00,2024-01-25T18:30:00Z,2024-01-25T18:35:00Z,14.77,64.61,-10.53
72:a5:12:55:c5:00,2024-01-25T18:35:00Z,2024-01-25T18:40:00Z,15.31,59.55,-125.81
72:a5:12:55:c5:00,2024-01-25T18:40:00Z,2024-01-25T18:45:00Z,14.61,65.42,-59.46
72:a5:12:55:c5:00,2024-01-25T18:45:00Z,2024-01-25T18:50:00Z,14.63,61.74,-52.46
72:a5:12:55:c5:00,2024-01-25T18:50:00Z,2024-01-25T18:55:00Z,14.68,60.05,-34.12
72:a5:12:55:c5:00,2024-01-25T18:55:00Z,2024-01-25T19:00:00Z,15.81,63.52,49.23
72:a5:12:55:c5:00,2024-01-25T19:00:00Z,2024-01-25T19:05:00Z,13.24,60.7,62.26
72:a5:12:55:c5:00,2024-01-25T19:05:00Z,2024-01-25T19:10:00Z,15.41,61.43,30.52
72:a5:12:55:c5:00,2024-01-25T19:10:00Z,2024-01-25T19:15:00Z,15.19,60.78,37.95
72:a5:12:55:c5:00,2024-01-25T19:15:00Z,2024-01-25T19:20:00Z,14.16,59.96,39.37
72:a5:12:55:c5:00,2024-01-25T19:20:00Z,2024-01-25T19:25:00Z,15.36,63.04,-149.81
72:a5:12:55:c5:00,2024-01-25T19:25:00Z,2024-01-25T19:30:00Z,15.46,61.02,0.61
72:a5:12:55:c5:00,2024-01-25T19:30:00Z,2024-01-25T19:35:00Z,15.52,58.72,-107.79
72:a5:12:55:c5:00,2024-01-25T19:35:00Z,2024-01-25T19:40:00Z,13.58,62.69,30.55
72:a5:12:55:c5:00,2024-01-25T19:40:00Z,2024-01-25T19:45:00Z,15.99,59.18,-125.59
72:a5:12:55:c5:00,2024-01-25T19:45:00Z,2024-01-25T19:50:00Z,14.73,59.28,-10.83
72:a5:12:55:c5:00,2024-01-25T19:50:00Z,2024-01-25T19:55:00Z,15.58,63.98,32.87
72:a5:12:55:c5:00,2024-01-25T19:55:00Z,2024-01-25T20:00:00Z,15.62,59.2,-67.07
72:a5:12:55:c5:00,2024-01-25T20:00:00Z,2024-01-25T20:05:00Z,15.14,55.76,57.7
72:a5:12:55:c5:00,2024-01-25T20:05:00Z,2024-01-25T20:10:00Z,16.07,61.64,30.4
72:a5:12:55:c5:00,2024-01-25T20:10:00Z,2024-01-25T20:15:00Z,15.44,59.78,22.85
72:a5:12:55:c5:00,2024-01-25T20:15:00Z,2024-01-25T20:20:00Z,14.43,59.96,41.88
72:a5:12:55:c5:00,2024-01-25T20:20:00Z,2024-01-25T20:25:00Z,16.37,59.76,-21.55
72:a5:12:55:c5:00,2024-01-25T20:25:00Z,2024-01-25T20:30:00Z,15.2,60.86,9.12
72:a5:12:55:c5:00,2024-01-25T20:30:00Z,2024-01-25T20:35:00Z,15.16,58.89,0.6
72:a5:12:55:c5:00,2024-01-25T20:35:00Z,2024-01-25T20:40:00Z,15.43,63.34,-0.75
72:a5:12:55:c5:00,2024-01-25T20:40:00Z,2024-01-25T20:45:00Z,15.83,57.44,-40.32
72:a5:12:55:c5:00,2024-01-25T20:45:00Z,2024-01-25T20:50:00Z,15.64,61.28,-74.55
72:a5:12:55:c5:00,2024-01-25T20:50:00Z,2024-01-25T20:55:00Z,16.0,61.68,-20.21
72:a5:12:55:c5:00,2024-01-25T20:55:00Z,2024-01-25T21:00:00Z,14.87,58.87,-23.52
72:a5:12:55:c5:00,2024-01-25T21:00:00Z,2024-01-25T21:05:00Z,16.02,56.44,-44.2
72:a5:12:55:c5:00,2024-01-25T21:05:00Z,2024-01-25T21:10:00Z,16.39,60.52,51.12
72:a5:12:55:c5:00,2024-01-25T21:10:00Z,2024-01-25T21:15:00Z,17.6,56.5,-70.33
72:a5:12:55:c5:00,2024-01-25T21:15:00Z,2024-01-25T21:20:00Z,16.4,57.27,-10.29
72:a5:12:55:c5:00,2024-01-25T21:20:00Z,2024-01-25T21:25:00Z,17.12,60.26,69.98
72:a5:12:55:c5:00,2024-01-25T21:25:00Z,2024-01-25T21:30:00Z,16.49,58.55,54.55
72:a5:12:55:c5:00,2024-01-25T21:30:00Z,2024-01-25T21:35:00Z,16.17,54.89,72.98
72:a5:12:55:c5:00,2024-01-25T21:35:00Z,2024-01-25T21:40:00Z,16.32,61.98,-35.45
72:a5:12:55:c5:00,2024-01-25T21:40:00Z,2024-01-25T21:45:00Z,16.36,57.43,47.06
72:a5:12:55:c5:00,2024-01-25T21:45:00Z,2024-01-25T21:50:00Z,16.83,57.68,-63.78
72:a5:12:55:c5:00,2024-01-25T21:50:00Z,2024-01-25T21:55:00Z,17.29,59.0,-16.55
72:a5:12:55:c5:00,2024-01-25T21:55:00Z,2024-01-25T22:00:00Z,16.68,59.74,-10.91
72:a5:12:55:c5:00,2024-01-25T22:00:00Z,2024-01-25T22:05:00Z,18.21,59.92,-34.55
72:a5:12:55:c5:00,2024-01-25T22:05:00Z,2024-01-25T22:10:00Z,16.92,52.68,-21.71
72:a5:12:55:c5:00,2024-01-25T22:10:00Z,2024-01-25T22:15:00Z,17.25,57.65,-29.6
72:a5:12:55:c5:00,2024-01-25T22:15:00Z,2024-01-25T22:20:00Z,17.07,57.49,-58.94
72:a5:12:55:c5:00,2024-01-25T22:20:00Z,2024-01-25T22:25:00Z,17.69,55.73,51.38
72:a5:12:55:c5:00,2024-01-25T22:25:00Z,2024-01-25T22:30:00Z,17.28,57.57,-10.95
72:a5:12:55:c5:00,2024-01-25T22:30:00Z,2024-01-25T22:35:00Z,17.94,57.87,12.09
72:a5:12:55:c5:00,2024-01-25T22:35:00Z,2024-01-25T22:40:00Z,16.94,53.24,9.83
72:a5:12:55:c5:00,2024-01-25T22:40:00Z,2024-01-25T22:45:00Z,17.53,59.5,3.28
72:a5:12:55:c5:00,2024-01-25T22:45:00Z,2024-01-25T22:50:00Z,17.91,52.88,5.57
72:a5:12:55:c5:00,2024-01-25T22:50:00Z,2024-01-25T22:55:00Z,16.26,53.73,-18.33
72:a5:12:55:c5:00,2024-01-25T22:55:00Z,2024-01-25T23:00:00Z,18.77,55.48,85.1
72:a5:12:55:c5:00,2024-01-25T23:00:00Z,2024-01-25T23:05:00Z,18.54,56.96,45.64
72:a5:12:55:c5:00,2024-01-25T23:05:00Z,2024-01-25T23:10:00Z,17.49,52.49,1.1
72:a5:12:55:c5:00,2024-01-25T23:10:00Z,2024-01-25T23:15:00Z,18.8,53.04,-26.82
72:a5:12:55:c5:00,2024-01-25T23:15:00Z,2024-01-25T23:20:00Z,18.73,55.97,-7.13
72:a5:12:55:c5:00,2024-01-25T23:20:00Z,2024-01-25T23:25:00Z,18.66,52.51,25.06
72:a5:12:55:c5:00,2024-01-25T23:25:00Z,2024-01-25T23:30:00Z,19.3,50.75,90.0
72:a5:12:55:c5:00,2024-01-25T23:30:00Z,2024-01-25T23:35:00Z,19.15,52.27,-82.38
72:a5:12:55:c5:00,2024-01-25T23:35:00Z,2024-01-25T23:40:00Z,18.88,55.85,39.59
72:a5:12:55:c5:00,2024-01-25T23:40:00Z,2024-01-25T23:45:00Z,18.98,53.25,67.6
72:a5:12:55:c5:00,2024-01-25T23:45:00Z,2024-01-25T23:50:00Z,18.64,56.97,-89.2
72:a5:12:55:c5:00,2024-01-25T23:50:00Z,2024-01-25T23:55:00Z,19.77,54.58,-10.87
72:a5:12:55:c5:00,2024-01-25T23:55:00Z,2024-01-26T00:00:00Z,17.82,51.82,-63.87
72:a5:12:55:c5:00,2024-01-26T00:00:00Z,2024-01-26T00:05:00Z,28.73,40.2,280.87
72:a5:12:55:c5:00,2024-01-26T00:05:00Z,2024-01-26T00:10:00Z,30.71,38.06,249.89
72:a5:12:55:c5:00,2024-01-26T00:10:00Z,2024-01-26T00:15:00Z,26.98,42.22,437.69
72:a5:12:55:c5:00,2024-01-26T00:15:00Z,2024-01-26T00:20:00Z,32.05,50.87,501.64
72:a5:12:55:c5:00,2024-01-26T00:20:00Z,2024-01-26T00:25:00Z,28.07,44.82,567.67
72:a5:12:55:c5:00,2024-01-26T00:25:00Z,2024-01-26T00:30:00Z,25.06,36.16,293.39
72:a5:12:55:c5:00,2024-01-26T00:30:00Z,2024-01-26T00:35:00Z,26.48,39.33,532.57
72:a5:12:55:c5:00,2024-01-26T00:35:00Z,2024-01-26T00:40:00Z,31.74,41.91,196.48
72:a5:12:55:c5:00,2024-01-26T00:40:00Z,2024-01-26T00:45:00Z,29.72,48.05,410.0
72:a5:12:55:c5:00,2024-01-26T00:45:00Z,2024-01-26T00:50:00Z,28.73,44.46,442.72
72:a5:12:55:c5:00,2024-01-26T00:50:00Z,2024-01-26T00:55:00Z,29.72,40.99,252.59
72:a5:12:55:c5:00,2024-01-26T00:55:00Z,2024-01-26T01:00:00Z,25.44,40.45,577.06
72:a5:12:55:c5:00,2024-01-26T01:00:00Z,2024-01-26T01:05:00Z,31.16,36.93,973.29
72:a5:12:55:c5:00,2024-01-26T01:05:00Z,2024-01-26T01:10:00Z,27.07,31.6,886.76
72:a5:12:55:c5:00,2024-01-26T01:10:00Z,2024-01-26T01:15:00Z,30.99,33.61,677.06
72:a5:12:55:c5:00,2024-01-26T01:15:00Z,2024-01-26T01:20:00Z,32.34,36.22,949.86
72:a5:12:55:c5:00,2024-01-26T01:20:00Z,2024-01-26T01:25:00Z,29.04,40.67,1045.57
72:a5:12:55:c5:00,2024-01-26T01:25:00Z,2024-01-26T01:30:00Z,32.16,41.85,855.39
72:a5:12:55:c5:00,2024-01-26T01:30:00Z,2024-01-26T01:35:00Z,32.32,43.61,832.58
72:a5:12:55:c5:00,2024-01-26T01:35:00Z,2024-01-26T01:40:00Z,28.79,34.91,1071.61
72:a5:12:55:c5:00,2024-01-26T01:40:00Z,2024-01-26T01:45:00Z,29.61,42.14,741.7
72:a5:12:55:c5:00,2024-01-26T01:45:00Z,2024-01-26T01:50:00Z,27.8,45.08,967.52
72:a5:12:55:c5:00,2024-01-26T01:50:00Z,2024-01-26T01:55:00Z,27.69,34.55,744.6
72:a5:12:55:c5:00,2024-01-26T01:55:00Z,2024-01-26T02:00:00Z,29.63,33.34,759.0
72:a5:12:55:c5:00,2024-01-26T02:00:00Z,2024-01-26T02:05:00Z,31.38,28.11,1494.68
72:a5:12:55:c5:00,2024-01-26T02:05:00Z,2024-01-26T02:10:00Z,29.5,29.65,1541.54
72:a5:12:55:c5:00,2024-01-26T02:10:00Z,2024-01-26T02:15:00Z,31.12,33.08,1284.0
72:a5:12:55:c5:00,2024-01-26T02:15:00Z,2024-01-26T02:20:00Z,27.49,29.94,1349.62
72:a5:12:55:c5:00,2024-01-26T02:20:00Z,2024-01-26T02:25:00Z,30.41,39.41,1312.26
72:a5:12:55:c5:00,2024-01-26T02:25:00Z,2024-01-26T02:30:00Z,32.96,31.7,1347.26
72:a5:12:55:c5:00,2024-01-26T02:30:00Z,2024-01-26T02:35:00Z,27.64,34.72,1614.02
72:a5:12:55:c5:00,2024-01-26T02:35:00Z,2024-01-26T02:40:00Z,31.55,35.57,1191.85
72:a5:12:55:c5:00,2024-01-26T02:40:00Z,2024-01-26T02:45:00Z,26.94,33.24,1508.23
72:a5:12:55:c5:00,2024-01-26T02:45:00Z,2024-01-26T02:50:00Z,28.33,40.34,1308.13
72:a5:12:55:c5:00,2024-01-26T02:50:00Z,2024-01-26T02:55:00Z,31.74,26.87,1357.12
72:a5:12:55:c5:00,2024-01-26T02:55:00Z,2024-01-26T03:00:00Z,30.65,30.77,1247.45
72:a5:12:55:c5:00,2024-01-26T03:00:00Z,2024-01-26T03:05:00Z,35.03,26.63,1792.87
72:a5:12:55:c5:00,2024-01-26T03:05:00Z,2024-01-26T03:10:00Z,32.57,23.43,1632.82
72:a5:12:55:c5:00,2024-01-26T03:10:00Z,2024-01-26T03:15:00Z,32.04,25.71,1878.44
72:a5:12:55:c5:00,2024-01-26T03:15:00Z,2024-01-26T03:20:00Z,28.78,33.38,1784.4
72:a5:12:55:c5:00,2024-01-26T03:20:00Z,2024-01-26T03:25:00Z,31.18,27.17,1698.55
72:a5:12:55:c5:00,2024-01-26T03:25:00Z,2024-01-26T03:30:00Z,29.8,33.99,1685.59
72:a5:12:55:c5:00,2024-01-26T03:30:00Z,2024-01-26T03:35:00Z,28.89,29.24,1819.16
72:a5:12:55:c5:00,2024-01-26T03:35:00Z,2024-01-26T03:40:00Z,32.48,32.4,1801.0
72:a5:12:55:c5:00,2024-01-26T03:40:00Z,2024-01-26T03:45:00Z,33.68,29.25,1810.69
72:a5:12:55:c5:00,2024-01-26T03:45:00Z,2024-01-26T03:50:00Z,31.96,32.04,1659.94
72:a5:12:55:c5:00,2024-01-26T03:50:00Z,2024-01-26T03:55:00Z,29.81,33.79,1807.47
72:a5:12:55:c5:00,2024-01-26T03:55:00Z,2024-01-26T04:00:00Z,32.21,27.96,1963.89
72:a5:12:55:c5:00,2024-01-26T04:00:00Z,2024-01-26T04:05:00Z,27.35,35.79,1964.38
72:a5:12:55:c5:00,2024-01-26T04:05:00Z,2024-01-26T04:10:00Z,34.09,30.45,2250.7
72:a5:12:55:c5:00,2024-01-26T04:10:00Z,2024-01-26T04:15:00Z,29.94,30.13,2120.3
72:a5:12:55:c5:00,2024-01-26T04:15:00Z,2024-01-26T04:20:00Z,29.65,31.29,2112.39
72:a5:12:55:c5:00,2024-01-26T04:20:00Z,2024-01-26T04:25:00Z,33.19,32.17,2331.52
72:a5:12:55:c5:00,2024-01-26T04:25:00Z,2024-01-26T04:30:00Z,33.32,23.46,2070.6
72:a5:12:55:c5:00,2024-01-26T04:30:00Z,2024-01-26T04:35:00Z,32.62,31.07,2346.38
72:a5:12:55:c5:00,2024-01-26T04:35:00Z,2024-01-26T04:40:00Z,31.2,30.55,2093.38
72:a5:12:55:c5:00,2024-01-26T04:40:00Z,2024-01-26T04:45:00Z,34.55,34.8,2181.82
72:a5:12:55:c5:00,2024-01-26T04:45:00Z,2024-01-26T04:50:00Z,29.35,26.26,2081.11
72:a5:12:55:c5:00,2024-01-26T04:50:00Z,2024-01-26T04:55:00Z,29.01,26.33,1947.63
72:a5:12:55:c5:00,2024-01-26T04:55:00Z,2024-01-26T05:00:00Z,33.59,26.71,2084.6
72:a5:12:55:c5:00,2024-01-26T05:00:00Z,2024-01-26T05:05:00Z,31.49,24.6,2437.74
72:a5:12:55:c5:00,2024-01-26T05:05:00Z,2024-01-26T05:10:00Z,35.28,28.54,2363.79
72:a5:12:55:c5:00,2024-01-26T05:10:00Z,2024-01-26T05:15:00Z,30.71,34.15,2340.07
72:a5:12:55:c5:00,2024-01-26T05:15:00Z,2024-01-26T05:20:00Z,36.76,33.26,2181.47
72:a5:12:55:c5:00,2024-01-26T05:20:00Z,2024-01-26T05:25:00Z,34.81,24.12,2211.95
72:a5:12:55:c5:00,2024-01-26T05:25:00Z,2024-01-26T05:30:00Z,34.91,31.05,2458.9
72:a5:12:55:c5:00,2024-01-26T05:30:00Z,2024-01-26T05:35:00Z,37.13,38.76,2093.77
72:a5:12:55:c5:00,2024-01-26T05:35:00Z,2024-01-26T05:40:00Z,33.04,26.74,2378.88
72:a5:12:55:c5:00,2024-01-26T05:40:00Z,2024-01-26T05:45:00Z,30.91,33.55,2276.31
72:a5:12:55:c5:00,2024-01-26T05:45:00Z,2024-01-26T05:50:00Z,32.12,19.06,2445.42
72:a5:12:55:c5:00,2024-01-26T05:50:00Z,2024-01-26T05:55:00Z,30.67,21.44,2448.15
72:a5:12:55:c5:00,2024-01-26T05:55:00Z,2024-01-26T06:00:00Z,31.55,28.17,2218.11
72:a5:12:55:c5:00,2024-01-26T06:00:00Z,2024-01-26T06:05:00Z,33.84,22.04,2369.8
72:a5:12:55:c5:00,2024-01-26T06:05:00Z,2024-01-26T06:10:00Z,32.24,35.03,2334.17
72:a5:12:55:c5:00,2024-01-26T06:10:00Z,2024-01-26T06:15:00Z,32.36,30.79,2513.68
72:a5:12:55:c5:00,2024-01-26T06:15:00Z,2024-01-26T06:20:00Z,32.09,32.89,2131.46
72:a5:12:55:c5:00,2024-01-26T06:20:00Z,2024-01-26T06:25:00Z,33.47,24.7,2416.88
72:a5:12:55:c5:00,2024-01-26T06:25:00Z,2024-01-26T06:30:00Z,34.87,23.95,2315.02
72:a5:12:55:c5:00,2024-01-26T06:30:00Z,2024-01-26T06:35:00Z,29.74,24.75,2495.72
72:a5:12:55:c5:00,2024-01-26T06:35:00Z,2024-01-26T06:40:00Z,32.86,27.72,2455.51
72:a5:12:55:c5:00,2024-01-26T06:40:00Z,2024-01-26T06:45:00Z,32.25,25.71,2229.23
72:a5:12:55:c5:00,2024-01-26T06:45:00Z,2024-01-26T06:50:00Z,31.46,29.58,2350.67
72:a5:12:55:c5:00,2024-01-26T06:50:00Z,2024-01-26T06:55:00Z,33.94,33.61,2512.92
72:a5:12:55:c5:00,2024-01-26T06:55:00Z,2024-01-26T07:00:00Z,33.27,30.4,2448.97
72:a5:12:55:c5:00,2024-01-26T07:00:00Z,2024-01-26T07:05:00Z,34.62,23.47,2321.85
72:a5:12:55:c5:00,2024-01-26T07:05:00Z,2024-01-26T07:10:00Z,32.35,34.28,2177.99
72:a5:12:55:c5:00,2024-01-26T07:10:00Z,2024-01-26T07:15:00Z,31.71,25.63,2262.29
72:a5:12:55:c5:00,2024-01-26T07:15:00Z,2024-01-26T07:20:00Z,37.48,39.41,2130.11
72:a5:12:55:c5:00,2024-01-26T07:20:00Z,2024-01-26T07:25:00Z,35.01,30.72,2291.36
72:a5:12:55:c5:00,2024-01-26T07:25:00Z,2024-01-26T07:30:00Z,33.93,26.35,2322.33
72:a5:12:55:c5:00,2024-01-26T07:30:00Z,2024-01-26T07:35:00Z,33.07,27.85,2397.04
72:a5:12:55:c5:00,2024-01-26T07:35:00Z,2024-01-26T07:40:00Z,32.93,20.25,2222.67
72:a5:12:55:c5:00,2024-01-26T07:40:00Z,2024-01-26T07:45:00Z,35.03,31.71,2321.38
72:a5:12:55:c5:00,2024-01-26T07:45:00Z,2024-01-26T07:50:00Z,32.36,40.05,2410.5
72:a5:12:55:c5:00,2024-01-26T07:50:00Z,2024-01-26T07:55:00Z,32.91,21.38,2142.0
72:a5:12:55:c5:00,2024-01-26T07:55:00Z,2024-01-26T08:00:00Z,33.85,29.46,2251.74
72:a5:12:55:c5:00,2024-01-26T08:00:00Z,2024-01-26T08:05:00Z,34.99,26.67,1974.59
72:a5:12:55:c5:00,2024-01-26T08:05:00Z,2024-01-26T08:10:00Z,34.72,33.91,2076.49
72:a5:12:55:c5:00,2024-01-26T08:10:00Z,2024-01-26T08:15:00Z,33.09,36.58,2084.61
72:a5:12:55:c5:00,2024-01-26T08:15:00Z,2024-01-26T08:20:00Z,34.04,28.7,2221.14
72:a5:12:55:c5:00,2024-01-26T08:20:00Z,2024-01-26T08:25:00Z,33.33,37.32,2200.97
72:a5:12:55:c5:00,2024-01-26T08:25:00Z,2024-01-26T08:30:00Z,33.99,32.43,2274.71
72:a5:12:55:c5:00,2024-01-26T08:30:00Z,2024-01-26T08:35:00Z,34.65,30.67,2241.12
72:a5:12:55:c5:00,2024-01-26T08:35:00Z,2024-01-26T08:40:00Z,32.06,34.05,2201.7
72:a5:12:55:c5:00,2024-01-26T08:40:00Z,2024-01-26T08:45:00Z,35.24,35.59,2079.96
72:a5:12:55:c5:00,2024-01-26T08:45:00Z,2024-01-26T08:50:00Z,31.19,27.13,1954.03
72:a5:12:55:c5:00,2024-01-26T08:50:00Z,2024-01-26T08:55:00Z,34.24,35.2,2226.4
72:a5:12:55:c5:00,2024-01-26T08:55:00Z,2024-01-26T09:00:00Z,35.96,25.58,2288.1
72:a5:12:55:c5:00,2024-01-26T09:00:00Z,2024-01-26T09:05:00Z,32.4,28.51,1851.63
72:a5:12:55:c5:00,2024-01-26T09:05:00Z,2024-01-26T09:10:00Z,32.78,32.69,1812.42
72:a5:12:55:c5:00,2024-01-26T09:10:00Z,2024-01-26T09:15:00Z,30.49,32.39,1687.37
72:a5:12:55:c5:00,2024-01-26T09:15:00Z,2024-01-26T09:20:00Z,34.08,30.29,1954.56
72:a5:12:55:c5:00,2024-01-26T09:20:00Z,2024-01-26T09:25:00Z,33.06,34.33,1777.99
72:a5:12:55:c5:00,2024-01-26T09:25:00Z,2024-01-26T09:30:00Z,30.62,30.36,2049.08
72:a5:12:55:c5:00,2024-01-26T09:30:00Z,2024-01-26T09:35:00Z,33.07,25.62,1653.04
72:a5:12:55:c5:00,2024-01-26T09:35:00Z,2024-01-26T09:40:00Z,37.63,27.34,1916.47
72:a5:12:55:c5:00,2024-01-26T09:40:00Z,2024-01-26T09:45:00Z,28.64,34.48,1942.22
72:a5:12:55:c5:00,2024-01-26T09:45:00Z,2024-01-26T09:50:00Z,30.67,29.3,1896.31
72:a5:12:55:c5:00,2024-01-26T09:50:00Z,2024-01-26T09:55:00Z,37.12,34.93,2018.58
72:a5:12:55:c5:00,2024-01-26T09:55:00Z,2024-01-26T10:00:00Z,31.3,29.0,1788.43
72:a5:12:55:c5:00,2024-01-26T10:00:00Z,2024-01-26T10:05:00Z,31.26,34.46,1266.85
72:a5:12:55:c5:00,2024-01-26T10:05:00Z,2024-01-26T10:10:00Z,30.2,34.24,1421.56
72:a5:12:55:c5:00,2024-01-26T10:10:00Z,2024-01-26T10:15:00Z,32.64,41.91,1315.13
72:a5:12:55:c5:00,2024-01-26T10:15:00Z,2024-01-26T10:20:00Z,35.87,41.9,1403.02
72:a5:12:55:c5:00,2024-01-26T10:20:00Z,2024-01-26T10:25:00Z,29.45,31.84,1478.62
72:a5:12:55:c5:00,2024-01-26T10:25:00Z,2024-01-26T10:30:00Z,30.73,34.63,1496.9
72:a5:12:55:c5:00,2024-01-26T10:30:00Z,2024-01-26T10:35:00Z,30.51,45.74,1531.69
72:a5:12:55:c5:00,2024-01-26T10:35:00Z,2024-01-26T10:40:00Z,32.21,31.9,1313.51
72:a5:12:55:c5:00,2024-01-26T10:40:00Z,2024-01-26T10:45:00Z,32.12,32.75,1384.79
72:a5:12:55:c5:00,2024-01-26T10:45:00Z,2024-01-26T10:50:00Z,33.46,36.09,1575.32
72:a5:12:55:c5:00,2024-01-26T10:50:00Z,2024-01-26T10:55:00Z,33.8,38.11,1073.58
72:a5:12:55:c5:00,2024-01-26T10:55:00Z,2024-01-26T11:00:00Z,35.97,24.91,1204.27
72:a5:12:55:c5:00,2024-01-26T11:00:00Z,2024-01-26T11:05:00Z,29.57,39.46,940.98
72:a5:12:55:c5:00,2024-01-26T11:05:00Z,2024-01-26T11:10:00Z,28.46,38.51,1086.73
72:a5:12:55:c5:00,2024-01-26T11:10:00Z,2024-01-26T11:15:00Z,32.38,42.77,988.76
72:a5:12:55:c5:00,2024-01-26T11:15:00Z,2024-01-26T11:20:00Z,29.72,31.19,897.61
72:a5:12:55:c5:00,2024-01-26T11:20:00Z,2024-01-26T11:25:00Z,26.52,38.71,856.28
72:a5:12:55:c5:00,2024-01-26T11:25:00Z,2024-01-26T11:30:00Z,27.62,28.11,901.15
72:a5:12:55:c5:00,2024-01-26T11:30:00Z,2024-01-26T11:35:00Z,29.82,24.86,998.64
72:a5:12:55:c5:00,2024-01-26T11:35:00Z,2024-01-26T11:40:00Z,28.73,35.8,994.58
72:a5:12:55:c5:00,2024-01-26T11:40:00Z,2024-01-26T11:45:00Z,26.9,30.1,875.8
72:a5:12:55:c5:00,2024-01-26T11:45:00Z,2024-01-26T11:50:00Z,29.13,41.92,752.29
72:a5:12:55:c5:00,2024-01-26T11:50:00Z,2024-01-26T11:55:00Z,27.68,39.15,981.06
72:a5:12:55:c5:00,2024-01-26T11:55:00Z,2024-01-26T12:00:00Z,30.02,41.35,699.08
72:a5:12:55:c5:00,2024-01-26T12:00:00Z,2024-01-26T12:05:00Z,23.84,37.09,412.53
72:a5:12:55:c5:00,2024-01-26T12:05:00Z,2024-01-26T12:10:00Z,27.57,44.18,441.44
72:a5:12:55:c5:00,2024-01-26T12:10:00Z,2024-01-26T12:15:00Z,28.55,35.4,517.8
72:a5:12:55:c5:00,2024-01-26T12:15:00Z,2024-01-26T12:20:00Z,27.05,34.38,302.11
72:a5:12:55:c5:00,2024-01-26T12:20:00Z,2024-01-26T12:25:00Z,29.65,33.27,481.65
72:a5:12:55:c5:00,2024-01-26T12:25:00Z,2024-01-26T12:30:00Z,26.11,40.98,553.09
72:a5:12:55:c5:00,2024-01-26T12:30:00Z,2024-01-26T12:35:00Z,26.05,38.56,245.0
72:a5:12:55:c5:00,2024-01-26T12:35:00Z,2024-01-26T12:40:00Z,27.42,44.38,271.6
72:a5:12:55:c5:00,2024-01-26T12:40:00Z,2024-01-26T12:45:00Z,29.12,41.79,504.49
72:a5:12:55:c5:00,2024-01-26T12:45:00Z,2024-01-26T12:50:00Z,29.14,47.39,272.08
72:a5:12:55:c5:00,2024-01-26T12:50:00Z,2024-01-26T12:55:00Z,33.07,40.12,268.82
72:a5:12:55:c5:00,2024-01-26T12:55:00Z,2024-01-26T13:00:00Z,26.91,44.91,417.34
72:a5:12:55:c5:00,2024-01-26T13:00:00Z,2024-01-26T13:05:00Z,24.1,44.19,630.38
72:a5:12:55:c5:00,2024-01-26T13:05:00Z,2024-01-26T13:10:00Z,30.15,38.91,198.98
72:a5:12:55:c5:00,2024-01-26T13:10:00Z,2024-01-26T13:15:00Z,23.13,47.29,222.17
72:a5:12:55:c5:00,2024-01-26T13:15:00Z,2024-01-26T13:20:00Z,29.24,43.88,345.97
72:a5:12:55:c5:00,2024-01-26T13:20:00Z,2024-01-26T13:25:00Z,24.29,48.19,288.44
72:a5:12:55:c5:00,2024-01-26T13:25:00Z,2024-01-26T13:30:00Z,22.97,44.6,652.71
72:a5:12:55:c5:00,2024-01-26T13:30:00Z,2024-01-26T13:35:00Z,26.59,38.11,326.77
72:a5:12:55:c5:00,2024-01-26T13:35:00Z,2024-01-26T13:40:00Z,28.17,46.48,317.07
72:a5:12:55:c5:00,2024-01-26T13:40:00Z,2024-01-26T13:45:00Z,24.89,40.31,491.65
72:a5:12:55:c5:00,2024-01-26T13:45:00Z,2024-01-26T13:50:00Z,28.32,49.24,418.03
72:a5:12:55:c5:00,2024-01-26T13:50:00Z,2024-01-26T13:55:00Z,29.27,47.26,469.34
72:a5:12:55:c5:00,2024-01-26T13:55:00Z,2024-01-26T14:00:00Z,23.88,43.18,217.75
72:a5:12:55:c5:00,2024-01-26T14:00:00Z,2024-01-26T14:05:00Z,24.27,49.97,316.64
72:a5:12:55:c5:00,2024-01-26T14:05:00Z,2024-01-26T14:10:00Z,28.35,47.81,206.4
72:a5:12:55:c5:00,2024-01-26T14:10:00Z,2024-01-26T14:15:00Z,26.93,52.44,486.33
72:a5:12:55:c5:00,2024-01-26T14:15:00Z,2024-01-26T14:20:00Z,25.01,44.18,561.45
72:a5:12:55:c5:00,2024-01-26T14:20:00Z,2024-01-26T14:25:00Z,26.09,44.37,278.46
72:a5:12:55:c5:00,2024-01-26T14:25:00Z,2024-01-26T14:30:00Z,22.98,39.22,381.82
72:a5:12:55:c5:00,2024-01-26T14:30:00Z,2024-01-26T14:35:00Z,28.01,55.36,279.86
72:a5:12:55:c5:00,2024-01-26T14:35:00Z,2024-01-26T14:40:00Z,28.91,38.23,147.6
72:a5:12:55:c5:00,2024-01-26T14:40:00Z,2024-01-26T14:45:00Z,26.02,42.28,312.35
72:a5:12:55:c5:00,2024-01-26T14:45:00Z,2024-01-26T14:50:00Z,26.33,40.64,534.01
72:a5:12:55:c5:00,2024-01-26T14:50:00Z,2024-01-26T14:55:00Z,23.85,50.11,346.99
72:a5:12:55:c5:00,2024-01-26T14:55:00Z,2024-01-26T15:00:00Z,23.03,55.68,507.9
72:a5:12:55:c5:00,2024-01-26T15:00:00Z,2024-01-26T15:05:00Z,24.27,51.14,220.44
72:a5:12:55:c5:00,2024-01-26T15:05:00Z,2024-01-26T15:10:00Z,24.53,65.28,375.07
72:a5:12:55:c5:00,2024-01-26T15:10:00Z,2024-01-26T15:15:00Z,26.4,44.62,270.44
72:a5:12:55:c5:00,2024-01-26T15:15:00Z,2024-01-26T15:20:00Z,25.83,42.79,178.17
72:a5:12:55:c5:00,2024-01-26T15:20:00Z,2024-01-26T15:25:00Z,24.68,43.28,508.56
72:a5:12:55:c5:00,2024-01-26T15:25:00Z,2024-01-26T15:30:00Z,27.03,47.02,455.04
72:a5:12:55:c5:00,2024-01-26T15:30:00Z,2024-01-26T15:35:00Z,22.39,45.05,357.6
72:a5:12:55:c5:00,2024-01-26T15:35:00Z,2024-01-26T15:40:00Z,26.81,44.5,286.31
72:a5:12:55:c5:00,2024-01-26T15:40:00Z,2024-01-26T15:45:00Z,23.15,54.31,434.5
72:a5:12:55:c5:00,2024-01-26T15:45:00Z,2024-01-26T15:50:00Z,27.44,46.46,121.88
72:a5:12:55:c5:00,2024-01-26T15:50:00Z,2024-01-26T15:55:00Z,25.21,45.22,183.12
72:a5:12:55:c5:00,2024-01-26T15:55:00Z,2024-01-26T16:00:00Z,20.51,44.53,586.7
72:a5:12:55:c5:00,2024-01-26T16:00:00Z,2024-01-26T16:05:00Z,24.35,47.83,231.63
72:a5:12:55:c5:00,2024-01-26T16:05:00Z,2024-01-26T16:10:00Z,25.08,56.94,520.03
72:a5:12:55:c5:00,2024-01-26T16:10:00Z,2024-01-26T16:15:00Z,22.78,45.66,189.82
72:a5:12:55:c5:00,2024-01-26T16:15:00Z,2024-01-26T16:20:00Z,21.83,49.76,586.16
72:a5:12:55:c5:00,2024-01-26T16:20:00Z,2024-01-26T16:25:00Z,24.18,53.67,325.59
72:a5:12:55:c5:00,2024-01-26T16:25:00Z,2024-01-26T16:30:00Z,19.9,53.7,382.6
72:a5:12:55:c5:00,2024-01-26T16:30:00Z,2024-01-26T16:35:00Z,19.17,54.7,610.6
72:a5:12:55:c5:00,2024-01-26T16:35:00Z,2024-01-26T16:40:00Z,27.09,52.08,262.78
72:a5:12:55:c5:00,2024-01-26T16:40:00Z,2024-01-26T16:45:00Z,21.64,51.29,434.49
72:a5:12:55:c5:00,2024-01-26T16:45:00Z,2024-01-26T16:50:00Z,27.72,54.76,454.37
72:a5:12:55:c5:00,2024-01-26T16:50:00Z,2024-01-26T16:55:00Z,26.34,47.55,826.19
72:a5:12:55:c5:00,2024-01-26T16:55:00Z,2024-01-26T17:00:00Z,26.69,48.77,218.96
72:a5:12:55:c5:00,2024-01-26T17:00:00Z,2024-01-26T17:05:00Z,21.41,44.58,390.24
72:a5:12:55:c5:00,2024-01-26T17:05:00Z,2024-01-26T17:10:00Z,20.95,56.49,569.04
72:a5:12:55:c5:00,2024-01-26T17:10:00Z,2024-01-26T17:15:00Z,20.77,50.62,412.36
72:a5:12:55:c5:00,2024-01-26T17:15:00Z,2024-01-26T17:20:00Z,22.7,52.07,348.63
72:a5:12:55:c5:00,2024-01-26T17:20:00Z,2024-01-26T17:25:00Z,17.3,41.68,335.47
72:a5:12:55:c5:00,2024-01-26T17:25:00Z,2024-01-26T17:30:00Z,22.93,48.37,393.47
72:a5:12:55:c5:00,2024-01-26T17:30:00Z,2024-01-26T17:35:00Z,23.4,50.74,269.5
72:a5:12:55:c5:00,2024-01-26T17:35:00Z,2024-01-26T17:40:00Z,20.64,57.28,472.37
72:a5:12:55:c5:00,2024-01-26T17:40:00Z,2024-01-26T17:45:00Z,20.95,50.95,331.19
72:a5:12:55:c5:00,2024-01-26T17:45:00Z,2024-01-26T17:50:00Z,22.97,51.57,392.07
72:a5:12:55:c5:00,2024-01-26T17:50:00Z,2024-01-26T17:55:00Z,25.26,50.62,269.85
72:a5:12:55:c5:00,2024-01-26T17:55:00Z,2024-01-26T18:00:00Z,20.33,52.11,297.32
72:a5:12:55:c5:00,2024-01-26T18:00:00Z,2024-01-26T18:05:00Z,24.05,48.33,541.29
72:a5:12:55:c5:00,2024-01-26T18:05:00Z,2024-01-26T18:10:00Z,22.73,53.08,328.63
72:a5:12:55:c5:00,2024-01-26T18:10:00Z,2024-01-26T18:15:00Z,23.08,49.28,380.58
72:a5:12:55:c5:00,2024-01-26T18:15:00Z,2024-01-26T18:20:00Z,21.55,59.19,200.91
72:a5:12:55:c5:00,2024-01-26T18:20:00Z,2024-01-26T18:25:00Z,20.08,57.28,483.08
72:a5:12:55:c5:00,2024-01-26T18:25:00Z,2024-01-26T18:30:00Z,26.39,59.08,260.68
72:a5:12:55:c5:00,2024-01-26T18:30:00Z,2024-01-26T18:35:00Z,23.58,49.41,220.35
72:a5:12:55:c5:00,2024-01-26T18:35:00Z,2024-01-26T18:40:00Z,25.63,51.42,308.17
72:a5:12:55:c5:00,2024-01-26T18:40:00Z,2024-01-26T18:45:00Z,21.76,54.93,400.07
72:a5:12:55:c5:00,2024-01-26T18:45:00Z,2024-01-26T18:50:00Z,23.0,57.39,351.74
72:a5:12:55:c5:00,2024-01-26T18:50:00Z,2024-01-26T18:55:00Z,23.79,55.14,286.65
72:a5:12:55:c5:00,2024-01-26T18:55:00Z,2024-01-26T19:00:00Z,18.63,50.87,330.63
72:a5:12:55:c5:00,2024-01-26T19:00:00Z,2024-01-26T19:05:00Z,21.06,48.99,289.52
72:a5:12:55:c5:00,2024-01-26T19:05:00Z,2024-01-26T19:10:00Z,20.64,45.54,302.85
72:a5:12:55:c5:00,2024-01-26T19:10:00Z,2024-01-26T19:15:00Z,22.29,46.64,448.87
72:a5:12:55:c5:00,2024-01-26T19:15:00Z,2024-01-26T19:20:00Z,20.56,50.31,456.86
72:a5:12:55:c5:00,2024-01-26T19:20:00Z,2024-01-26T19:25:00Z,24.11,53.51,544.54
72:a5:12:55:c5:00,2024-01-26T19:25:00Z,2024-01-26T19:30:00Z,22.78,50.59,488.02
72:a5:12:55:c5:00,2024-01-26T19:30:00Z,2024-01-26T19:35:00Z,25.69,51.71,434.53
72:a5:12:55:c5:00,2024-01-26T19:35:00Z,2024-01-26T19:40:00Z,28.29,46.75,159.55
72:a5:12:55:c5:00,2024-01-26T19:40:00Z,2024-01-26T19:45:00Z,20.18,58.77,366.45
72:a5:12:55:c5:00,2024-01-26T19:45:00Z,2024-01-26T19:50:00Z,23.43,55.2,154.49
72:a5:12:55:c5:00,2024-01-26T19:50:00Z,2024-01-26T19:55:00Z,22.55,54.06,258.3
72:a5:12:55:c5:00,2024-01-26T19:55:00Z,2024-01-26T20:00:00Z,23.52,52.2,591.27
72:a5:12:55:c5:00,2024-01-26T20:00:00Z,2024-01-26T20:05:00Z,22.56,56.18,417.79
72:a5:12:55:c5:00,2024-01-26T20:05:00Z,2024-01-26T20:10:00Z,23.51,45.24,365.58
72:a5:12:55:c5:00,2024-01-26T20:10:00Z,2024-01-26T20:15:00Z,24.21,47.52,676.6
72:a5:12:55:c5:00,2024-01-26T20:15:00Z,2024-01-26T20:20:00Z,22.25,56.79,470.36
72:a5:12:55:c5:00,2024-01-26T20:20:00Z,2024-01-26T20:25:00Z,22.92,52.74,297.86
72:a5:12:55:c5:00,2024-01-26T20:25:00Z,2024-01-26T20:30:00Z,24.08,48.18,260.81
72:a5:12:55:c5:00,2024-01-26T20:30:00Z,2024-01-26T20:35:00Z,24.42,48.49,452.82
72:a5:12:55:c5:00,2024-01-26T20:35:00Z,2024-01-26T20:40:00Z,21.47,57.63,399.36
72:a5:12:55:c5:00,2024-01-26T20:40:00Z,2024-01-26T20:45:00Z,24.73,48.64,495.73
72:a5:12:55:c5:00,2024-01-26T20:45:00Z,2024-01-26T20:50:00Z,21.76,49.93,147.35
72:a5:12:55:c5:00,2024-01-26T20:50:00Z,2024-01-26T20:55:00Z,23.72,46.04,392.15
72:a5:12:55:c5:00,2024-01-26T20:55:00Z,2024-01-26T21:00:00Z,26.63,54.6,327.2
72:a5:12:55:c5:00,2024-01-26T21:00:00Z,2024-01-26T21:05:00Z,24.35,41.46,175.8
72:a5:12:55:c5:00,2024-01-26T21:05:00Z,2024-01-26T21:10:00Z,25.72,43.91,406.0
72:a5:12:55:c5:00,2024-01-26T21:10:00Z,2024-01-26T21:15:00Z,25.47,52.86,578.04
72:a5:12:55:c5:00,2024-01-26T21:15:00Z,2024-01-26T21:20:00Z,21.03,52.41,709.73
72:a5:12:55:c5:00,2024-01-26T21:20:00Z,2024-01-26T21:25:00Z,27.36,47.53,358.85
72:a5:12:55:c5:00,2024-01-26T21:25:00Z,2024-01-26T21:30:00Z,22.81,51.25,323.71
72:a5:12:55:c5:00,2024-01-26T21:30:00Z,2024-01-26T21:35:00Z,25.85,52.84,267.02
72:a5:12:55:c5:00,2024-01-26T21:35:00Z,2024-01-26T21:40:00Z,25.15,48.76,576.24
72:a5:12:55:c5:00,2024-01-26T21:40:00Z,2024-01-26T21:45:00Z,22.3,47.58,270.7
72:a5:12:55:c5:00,2024-01-26T21:45:00Z,2024-01-26T21:50:00Z,26.46,56.67,383.52
72:a5:12:55:c5:00,2024-01-26T21:50:00Z,2024-01-26T21:55:00Z,24.75,49.61,422.05
72:a5:12:55:c5:00,2024-01-26T21:55:00Z,2024-01-26T22:00:00Z,27.55,45.1,449.48
72:a5:12:55:c5:00,2024-01-26T22:00:00Z,2024-01-26T22:05:00Z,27.15,51.5,226.47
72:a5:12:55:c5:00,2024-01-26T22:05:00Z,2024-01-26T22:10:00Z,24.77,47.59,326.46
72:a5:12:55:c5:00,2024-01-26T22:10:00Z,2024-01-26T22:15:00Z,24.28,45.55,189.9
72:a5:12:55:c5:00,2024-01-26T22:15:00Z,2024-01-26T22:20:00Z,21.79,42.29,270.16
72:a5:12:55:c5:00,2024-01-26T22:20:00Z,2024-01-26T22:25:00Z,24.61,45.56,486.37
72:a5:12:55:c5:00,2024-01-26T22:25:00Z,2024-01-26T22:30:00Z,25.32,46.31,496.39
72:a5:12:55:c5:00,2024-01-26T22:30:00Z,2024-01-26T22:35:00Z,26.59,49.52,483.88
72:a5:12:55:c5:00,2024-01-26T22:35:00Z,2024-01-26T22:40:00Z,22.47,51.02,277.49
72:a5:12:55:c5:00,2024-01-26T22:40:00Z,2024-01-26T22:45:00Z,24.28,50.62,597.91
72:a5:12:55:c5:00,2024-01-26T22:45:00Z,2024-01-26T22:50:00Z,27.42,47.36,333.23
72:a5:12:55:c5:00,2024-01-26T22:50:00Z,2024-01-26T22:55:00Z,26.79,48.77,320.46
72:a5:12:55:c5:00,2024-01-26T22:55:00Z,2024-01-26T23:00:00Z,22.82,51.5,548.94
72:a5:12:55:c5:00,2024-01-26T23:00:00Z,2024-01-26T23:05:00Z,26.77,40.35,496.69
72:a5:12:55:c5:00,2024-01-26T23:05:00Z,2024-01-26T23:10:00Z,26.33,32.68,356.07
72:a5:12:55:c5:00,2024-01-26T23:10:00Z,2024-01-26T23:15:00Z,27.49,46.53,349.11
72:a5:12:55:c5:00,2024-01-26T23:15:00Z,2024-01-26T23:20:00Z,21.76,44.18,388.93
72:a5:12:55:c5:00,2024-01-26T23:20:00Z,2024-01-26T23:25:00Z,29.56,44.5,373.7
72:a5:12:55:c5:00,2024-01-26T23:25:00Z,2024-01-26T23:30:00Z,27.24,44.98,500.19
72:a5:12:55:c5:00,2024-01-26T23:30:00Z,2024-01-26T23:35:00Z,23.31,41.53,343.71
72:a5:12:55:c5:00,2024-01-26T23:35:00Z,2024-01-26T23:40:00Z,27.27,38.12,515.27
72:a5:12:55:c5:00,2024-01-26T23:40:00Z,2024-01-26T23:45:00Z,27.19,41.38,462.28
72:a5:12:55:c5:00,2024-01-26T23:45:00Z,2024-01-26T23:50:00Z,28.77,45.41,299.83
72:a5:12:55:c5:00,2024-01-26T23:50:00Z,2024-01-26T23:55:00Z,26.82,39.44,372.42
72:a5:12:55:c5:00,2024-01-26T23:55:00Z,2024-01-27T00:00:00Z,27.01,42.32,387.47
72:a5:12:55:c5:00,2024-01-27T00:00:00Z,2024-01-27T00:05:00Z,26.86,44.03,206.89
72:a5:12:55:c5:00,2024-01-27T00:05:00Z,2024-01-27T00:10:00Z,29.68,38.11,291.51
72:a5:12:55:c5:00,2024-01-27T00:10:00Z,2024-01-27T00:15:00Z,26.27,37.65,478.87
72:a5:12:55:c5:00,2024-01-27T00:15:00Z,2024-01-27T00:20:00Z,25.75,28.84,241.0
72:a5:12:55:c5:00,2024-01-27T00:20:00Z,2024-01-27T00:25:00Z,27.5,40.32,326.4
72:a5:12:55:c5:00,2024-01-27T00:25:00Z,2024-01-27T00:30:00Z,25.55,33.07,637.99
72:a5:12:55:c5:00,2024-01-27T00:30:00Z,2024-01-27T00:35:00Z,30.57,33.44,305.0
72:a5:12:55:c5:00,2024-01-27T00:35:00Z,2024-01-27T00:40:00Z,31.55,34.96,293.64
72:a5:12:55:c5:00,2024-01-27T00:40:00Z,2024-01-27T00:45:00Z,26.78,37.21,327.25
72:a5:12:55:c5:00,2024-01-27T00:45:00Z,2024-01-27T00:50:00Z,26.5,33.32,414.91
72:a5:12:55:c5:00,2024-01-27T00:50:00Z,2024-01-27T00:55:00Z,27.01,48.75,277.46
72:a5:12:55:c5:00,2024-01-27T00:55:00Z,2024-01-27T01:00:00Z,26.93,29.85,389.87
72:a5:12:55:c5:00,2024-01-27T01:00:00Z,2024-01-27T01:05:00Z,32.68,32.85,842.55
72:a5:12:55:c5:00,2024-01-27T01:05:00Z,2024-01-27T01:10:00Z,27.79,37.22,1041.89
72:a5:12:55:c5:00,2024-01-27T01:10:00Z,2024-01-27T01:15:00Z,30.84,32.0,928.21
72:a5:12:55:c5:00,2024-01-27T01:15:00Z,2024-01-27T01:20:00Z,29.58,37.2,800.99
72:a5:12:55:c5:00,2024-01-27T01:20:00Z,2024-01-27T01:25:00Z,27.54,36.38,1026.33
72:a5:12:55:c5:00,2024-01-27T01:25:00Z,2024-01-27T01:30:00Z,28.43,42.47,806.26
72:a5:12:55:c5:00,2024-01-27T01:30:00Z,2024-01-27T01:35:00Z,31.17,35.96,663.72
72:a5:12:55:c5:00,2024-01-27T01:35:00Z,2024-01-27T01:40:00Z,29.0,30.35,908.14
72:a5:12:55:c5:00,2024-01-27T01:40:00Z,2024-01-27T01:45:00Z,29.01,30.54,1162.41
72:a5:12:55:c5:00,2024-01-27T01:45:00Z,2024-01-27T01:50:00Z,27.25,36.22,704.16
72:a5:12:55:c5:00,2024-01-27T01:50:00Z,2024-01-27T01:55:00Z,32.63,36.32,815.14
72:a5:12:55:c5:00,2024-01-27T01:55:00Z,2024-01-27T02:00:00Z,32.83,42.21,1045.15
72:a5:12:55:c5:00,2024-01-27T02:00:00Z,2024-01-27T02:05:00Z,29.81,35.03,1270.7
72:a5:12:55:c5:00,2024-01-27T02:05:00Z,2024-01-27T02:10:00Z,29.97,33.27,1463.44
72:a5:12:55:c5:00,2024-01-27T02:10:00Z,2024-01-27T02:15:00Z,32.62,34.46,1280.82
72:a5:12:55:c5:00,2024-01-27T02:15:00Z,2024-01-27T02:20:00Z,28.51,30.91,1416.77
72:a5:12:55:c5:00,2024-01-27T02:20:00Z,2024-01-27T02:25:00Z,32.78,40.19,1609.16
72:a5:12:55:c5:00,2024-01-27T02:25:00Z,2024-01-27T02:30:00Z,29.23,38.19,1293.34
72:a5:12:55:c5:00,2024-01-27T02:30:00Z,2024-01-27T02:35:00Z,32.63,41.87,1533.49
72:a5:12:55:c5:00,2024-01-27T02:35:00Z,2024-01-27T02:40:00Z,31.03,35.99,1555.4
72:a5:12:55:c5:00,2024-01-27T02:40:00Z,2024-01-27T02:45:00Z,33.61,33.04,1235.75
72:a5:12:55:c5:00,2024-01-27T02:45:00Z,2024-01-27T02:50:00Z,28.03,29.78,1417.23
72:a5:12:55:c5:00,2024-01-27T02:50:00Z,2024-01-27T02:55:00Z,28.11,31.68,1380.7
72:a5:12:55:c5:00,2024-01-27T02:55:00Z,2024-01-27T03:00:00Z,30.3,35.29,1447.16
72:a5:12:55:c5:00,2024-01-27T03:00:00Z,2024-01-27T03:05:00Z,32.02,30.18,1757.75
72:a5:12:55:c5:00,2024-01-27T03:05:00Z,2024-01-27T03:10:00Z,30.04,25.11,1691.42
72:a5:12:55:c5:00,2024-01-27T03:10:00Z,2024-01-27T03:15:00Z,33.66,23.26,1823.27
72:a5:12:55:c5:00,2024-01-27T03:15:00Z,2024-01-27T03:20:00Z,30.87,35.07,1900.24
72:a5:12:55:c5:00,2024-01-27T03:20:00Z,2024-01-27T03:25:00Z,26.48,34.69,1982.16
72:a5:12:55:c5:00,2024-01-27T03:25:00Z,2024-01-27T03:30:00Z,31.41,24.69,1617.93
72:a5:12:55:c5:00,2024-01-27T03:30:00Z,2024-01-27T03:35:00Z,30.53,31.25,2032.77
72:a5:12:55:c5:00,2024-01-27T03:35:00Z,2024-01-27T03:40:00Z,31.18,29.11,1679.91
72:a5:12:55:c5:00,2024-01-27T03:40:00Z,2024-01-27T03:45:00Z,34.69,32.44,1813.72
72:a5:12:55:c5:00,2024-01-27T03:45:00Z,2024-01-27T03:50:00Z,34.82,33.48,1823.26
72:a5:12:55:c5:00,2024-01-27T03:50:00Z,2024-01-27T03:55:00Z,30.07,36.61,1623.34
72:a5:12:55:c5:00,2024-01-27T03:55:00Z,2024-01-27T04:00:00Z,32.05,28.79,1932.68
72:a5:12:55:c5:00,2024-01-27T04:00:00Z,2024-01-27T04:05:00Z,30.97,25.04,2017.06
72:a5:12:55:c5:00,2024-01-27T04:05:00Z,2024-01-27T04:10:00Z,30.48,30.56,2183.63
72:a5:12:55:c5:00,2024-01-27T04:10:00Z,2024-01-27T04:15:00Z,30.68,27.88,1956.77
72:a5:12:55:c5:00,2024-01-27T04:15:00Z,2024-01-27T04:20:00Z,28.69,29.01,1951.39
72:a5:12:55:c5:00,2024-01-27T04:20:00Z,2024-01-27T04:25:00Z,32.89,28.76,2170.9
72:a5:12:55:c5:00,2024-01-27T04:25:00Z,2024-01-27T04:30:00Z,32.88,27.32,2122.72
72:a5:12:55:c5:00,2024-01-27T04:30:00Z,2024-01-27T04:35:00Z,31.47,26.98,2249.98
72:a5:12:55:c5:00,2024-01-27T04:35:00Z,2024-01-27T04:40:00Z,35.32,27.66,1966.45
72:a5:12:55:c5:00,2024-01-27T04:40:00Z,2024-01-27T04:45:00Z,32.09,28.6,1964.67
72:a5:12:55:c5:00,2024-01-27T04:45:00Z,2024-01-27T04:50:00Z,31.34,24.03,2404.54
72:a5:12:55:c5:00,2024-01-27T04:50:00Z,2024-01-27T04:55:00Z,33.39,32.55,2070.28
72:a5:12:55:c5:00,2024-01-27T04:55:00Z,2024-01-27T05:00:00Z,28.66,37.02,2173.13
72:a5:12:55:c5:00,2024-01-27T05:00:00Z,2024-01-27T05:05:00Z,35.09,32.25,2470.32
72:a5:12:55:c5:00,2024-01-27T05:05:00Z,2024-01-27T05:10:00Z,33.03,27.0,2291.53
72:a5:12:55:c5:00,2024-01-27T05:10:00Z,2024-01-27T05:15:00Z,35.01,29.18,2275.33
72:a5:12:55:c5:00,2024-01-27T05:15:00Z,2024-01-27T05:20:00Z,36.56,31.55,2514.53
72:a5:12:55:c5:00,2024-01-27T05:20:00Z,2024-01-27T05:25:00Z,33.19,21.0,2276.78
72:a5:12:55:c5:00,2024-01-27T05:25:00Z,2024-01-27T05:30:00Z,30.51,30.8,2511.4
72:a5:12:55:c5:00,2024-01-27T05:30:00Z,2024-01-27T05:35:00Z,30.84,26.27,2129.26
72:a5:12:55:c5:00,2024-01-27T05:35:00Z,2024-01-27T05:40:00Z,30.12,33.44,2447.88
72:a5:12:55:c5:00,2024-01-27T05:40:00Z,2024-01-27T05:45:00Z,35.82,26.27,2157.74
72:a5:12:55:c5:00,2024-01-27T05:45:00Z,2024-01-27T05:50:00Z,32.55,36.25,2374.49
72:a5:12:55:c5:00,2024-01-27T05:50:00Z,2024-01-27T05:55:00Z,31.11,34.21,2333.5
72:a5:12:55:c5:00,2024-01-27T05:55:00Z,2024-01-27T06:00:00Z,32.44,28.34,2413.54
72:a5:12:55:c5:00,2024-01-27T06:00:00Z,2024-01-27T06:05:00Z,34.24,27.92,2391.26
72:a5:12:55:c5:00,2024-01-27T06:05:00Z,2024-01-27T06:10:00Z,33.88,29.69,2425.48
72:a5:12:55:c5:00,2024-01-27T06:10:00Z,2024-01-27T06:15:00Z,34.46,25.67,2315.44
72:a5:12:55:c5:00,2024-01-27T06:15:00Z,2024-01-27T06:20:00Z,34.8,31.9,2454.14
72:a5:12:55:c5:00,2024-01-27T06:20:00Z,2024-01-27T06:25:00Z,33.58,21.52,2545.04
72:a5:12:55:c5:00,2024-01-27T06:25:00Z,2024-01-27T06:30:00Z,32.57,24.79,2544.98
72:a5:12:55:c5:00,2024-01-27T06:30:00Z,2024-01-27T06:35:00Z,33.23,26.38,2394.17
72:a5:12:55:c5:00,2024-01-27T06:35:00Z,2024-01-27T06:40:00Z,32.26,29.27,2489.49
72:a5:12:55:c5:00,2024-01-27T06:40:00Z,2024-01-27T06:45:00Z,35.21,35.29,2491.04
72:a5:12:55:c5:00,2024-01-27T06:45:00Z,2024-01-27T06:50:00Z,33.37,29.22,2382.52
72:a5:12:55:c5:00,2024-01-27T06:50:00Z,2024-01-27T06:55:00Z,30.59,32.23,2247.44
72:a5:12:55:c5:00,2024-01-27T06:55:00Z,2024-01-27T07:00:00Z,34.08,24.99,2391.88
72:a5:12:55:c5:00,2024-01-27T07:00:00Z,2024-01-27T07:05:00Z,32.94,31.81,2367.56
72:a5:12:55:c5:00,2024-01-27T07:05:00Z,2024-01-27T07:10:00Z,34.94,35.38,2280.21
72:a5:12:55:c5:00,2024-01-27T07:10:00Z,2024-01-27T07:15:00Z,32.18,23.8,2597.31
72:a5:12:55:c5:00,2024-01-27T07:15:00Z,2024-01-27T07:20:00Z,33.61,31.44,2510.5
72:a5:12:55:c5:00,2024-01-27T07:20:00Z,2024-01-27T07:25:00Z,31.42,25.01,2428.12
72:a5:12:55:c5:00,2024-01-27T07:25:00Z,2024-01-27T07:30:00Z,34.26,32.96,2192.59
72:a5:12:55:c5:00,2024-01-27T07:30:00Z,2024-01-27T07:35:00Z,31.58,30.21,2437.75
72:a5:12:55:c5:00,2024-01-27T07:35:00Z,2024-01-27T07:40:00Z,31.2,31.85,2422.85
72:a5:12:55:c5:00,2024-01-27T07:40:00Z,2024-01-27T07:45:00Z,34.75,21.61,2329.48
72:a5:12:55:c5:00,2024-01-27T07:45:00Z,2024-01-27T07:50:00Z,32.57,28.77,2539.13
72:a5:12:55:c5:00,2024-01-27T07:50:00Z,2024-01-27T07:55:00Z,37.22,28.08,2210.6
72:a5:12:55:c5:00,2024-01-27T07:55:00Z,2024-01-27T08:00:00Z,34.78,28.94,2585.57
72:a5:12:55:c5:00,2024-01-27T08:00:00Z,2024-01-27T08:05:00Z,32.78,24.69,2217.09
72:a5:12:55:c5:00,2024-01-27T08:05:00Z,2024-01-27T08:10:00Z,33.48,27.44,2018.37
72:a5:12:55:c5:00,2024-01-27T08:10:00Z,2024-01-27T08:15:00Z,30.75,32.98,2394.99
72:a5:12:55:c5:00,2024-01-27T08:15:00Z,2024-01-27T08:20:00Z,34.67,34.02,2232.21
72:a5:12:55:c5:00,2024-01-27T08:20:00Z,2024-01-27T08:25:00Z,34.36,26.2,2091.52
72:a5:12:55:c5:00,2024-01-27T08:25:00Z,2024-01-27T08:30:00Z,34.94,29.24,2125.44
72:a5:12:55:c5:00,2024-01-27T08:30:00Z,2024-01-27T08:35:00Z,30.94,34.44,2137.94
72:a5:12:55:c5:00,2024-01-27T08:35:00Z,2024-01-27T08:40:00Z,30.25,27.06,2110.71
72:a5:12:55:c5:00,2024-01-27T08:40:00Z,2024-01-27T08:45:00Z,30.66,31.09,2048.99
72:a5:12:55:c5:00,2024-01-27T08:45:00Z,2024-01-27T08:50:00Z,31.71,28.9,2020.03
72:a5:12:55:c5:00,2024-01-27T08:50:00Z,2024-01-27T08:55:00Z,36.53,21.81,1903.35
72:a5:12:55:c5:00,2024-01-27T08:55:00Z,2024-01-27T09:00:00Z,36.32,28.92,2136.77
72:a5:12:55:c5:00,2024-01-27T09:00:00Z,2024-01-27T09:05:00Z,31.28,29.0,1797.46
72:a5:12:55:c5:00,2024-01-27T09:05:00Z,2024-01-27T09:10:00Z,30.92,33.68,1787.01
72:a5:12:55:c5:00,2024-01-27T09:10:00Z,2024-01-27T09:15:00Z,31.43,35.55,1723.09
72:a5:12:55:c5:00,2024-01-27T09:15:00Z,2024-01-27T09:20:00Z,33.34,39.51,1709.2
72:a5:12:55:c5:00,2024-01-27T09:20:00Z,2024-01-27T09:25:00Z,35.84,30.26,1774.06
72:a5:12:55:c5:00,2024-01-27T09:25:00Z,2024-01-27T09:30:00Z,34.8,34.77,2087.25
72:a5:12:55:c5:00,2024-01-27T09:30:00Z,2024-01-27T09:35:00Z,34.1,34.71,1835.72
72:a5:12:55:c5:00,2024-01-27T09:35:00Z,2024-01-27T09:40:00Z,33.27,23.83,1689.35
72:a5:12:55:c5:00,2024-01-27T09:40:00Z,2024-01-27T09:45:00Z,33.38,33.02,1752.22
72:a5:12:55:c5:00,2024-01-27T09:45:00Z,2024-01-27T09:50:00Z,31.0,39.79,1738.53
72:a5:12:55:c5:00,2024-01-27T09:50:00Z,2024-01-27T09:55:00Z,29.52,31.58,1725.89
72:a5:12:55:c5:00,2024-01-27T09:55:00Z,2024-01-27T10:00:00Z,31.11,30.82,1713.85
72:a5:12:55:c5:00,2024-01-27T10:00:00Z,2024-01-27T10:05:00Z,31.12,36.54,1712.53
72:a5:12:55:c5:00,2024-01-27T10:05:00Z,2024-01-27T10:10:00Z,27.56,38.23,1416.69
72:a5:12:55:c5:00,2024-01-27T10:10:00Z,2024-01-27T10:15:00Z,30.34,37.1,1506.93
72:a5:12:55:c5:00,2024-01-27T10:15:00Z,2024-01-27T10:20:00Z,26.64,30.1,1672.55
72:a5:12:55:c5:00,2024-01-27T10:20:00Z,2024-01-27T10:25:00Z,32.04,36.55,1081.06
72:a5:12:55:c5:00,2024-01-27T10:25:00Z,2024-01-27T10:30:00Z,29.17,31.88,1464.83
72:a5:12:55:c5:00,2024-01-27T10:30:00Z,2024-01-27T10:35:00Z,32.06,32.76,1391.74
72:a5:12:55:c5:00,2024-01-27T10:35:00Z,2024-01-27T10:40:00Z,28.45,31.59,1563.21
72:a5:12:55:c5:00,2024-01-27T10:40:00Z,2024-01-27T10:45:00Z,33.79,26.77,1322.53
72:a5:12:55:c5:00,2024-01-27T10:45:00Z,2024-01-27T10:50:00Z,28.0,26.82,1329.82
72:a5:12:55:c5:00,2024-01-27T10:50:00Z,2024-01-27T10:55:00Z,30.66,37.13,1174.33
72:a5:12:55:c5:00,2024-01-27T10:55:00Z,2024-01-27T11:00:00Z,28.18,35.74,1333.9
72:a5:12:55:c5:00,2024-01-27T11:00:00Z,2024-01-27T11:05:00Z,27.79,35.02,1059.57
72:a5:12:55:c5:00,2024-01-27T11:05:00Z,2024-01-27T11:10:00Z,29.4,34.86,824.21
72:a5:12:55:c5:00,2024-01-27T11:10:00Z,2024-01-27T11:15:00Z,29.32,39.08,858.32
72:a5:12:55:c5:00,2024-01-27T11:15:00Z,2024-01-27T11:20:00Z,29.31,38.76,1194.16
72:a5:12:55:c5:00,2024-01-27T11:20:00Z,2024-01-27T11:25:00Z,31.23,41.57,1004.76
72:a5:12:55:c5:00,2024-01-27T11:25:00Z,2024-01-27T11:30:00Z,28.52,44.3,913.1
72:a5:12:55:c5:00,2024-01-27T11:30:00Z,2024-01-27T11:35:00Z,29.63,39.69,994.65
72:a5:12:55:c5:00,2024-01-27T11:35:00Z,2024-01-27T11:40:00Z,29.65,37.45,696.9
72:a5:12:55:c5:00,2024-01-27T11:40:00Z,2024-01-27T11:45:00Z,28.72,36.76,856.71
72:a5:12:55:c5:00,2024-01-27T11:45:00Z,2024-01-27T11:50:00Z,29.4,41.54,891.8
72:a5:12:55:c5:00,2024-01-27T11:50:00Z,2024-01-27T11:55:00Z,31.4,47.82,867.65
72:a5:12:55:c5:00,2024-01-27T11:55:00Z,2024-01-27T12:00:00Z,28.97,39.16,863.03
72:a5:12:55:c5:00,2024-01-27T12:00:00Z,2024-01-27T12:05:00Z,28.98,39.74,377.27
72:a5:12:55:c5:00,2024-01-27T12:05:00Z,2024-01-27T12:10:00Z,27.66,40.23,261.93
72:a5:12:55:c5:00,2024-01-27T12:10:00Z,2024-01-27T12:15:00Z,27.01,40.99,372.86
72:a5:12:55:c5:00,2024-01-27T12:15:00Z,2024-01-27T12:20:00Z,28.06,43.84,466.99
72:a5:12:55:c5:00,2024-01-27T12:20:00Z,2024-01-27T12:25:00Z,29.76,43.7,525.03
72:a5:12:55:c5:00,2024-01-27T12:25:00Z,2024-01-27T12:30:00Z,28.67,40.7,394.4
72:a5:12:55:c5:00,2024-01-27T12:30:00Z,2024-01-27T12:35:00Z,27.23,41.77,494.16
72:a5:12:55:c5:00,2024-01-27T12:35:00Z,2024-01-27T12:40:00Z,28.53,36.44,457.93
72:a5:12:55:c5:00,2024-01-27T12:40:00Z,2024-01-27T12:45:00Z,26.09,40.45,418.5
72:a5:12:55:c5:00,2024-01-27T12:45:00Z,2024-01-27T12:50:00Z,29.48,39.79,320.79
72:a5:12:55:c5:00,2024-01-27T12:50:00Z,2024-01-27T12:55:00Z,27.0,38.75,370.24
72:a5:12:55:c5:00,2024-01-27T12:55:00Z,2024-01-27T13:00:00Z,28.71,36.68,201.5
72:a5:12:55:c5:00,2024-01-27T13:00:00Z,2024-01-27T13:05:00Z,26.24,45.67,313.2
72:a5:12:55:c5:00,2024-01-27T13:05:00Z,2024-01-27T13:10:00Z,25.39,34.43,370.06
72:a5:12:55:c5:00,2024-01-27T13:10:00Z,2024-01-27T13:15:00Z,22.45,42.94,322.49
72:a5:12:55:c5:00,2024-01-27T13:15:00Z,2024-01-27T13:20:00Z,28.96,45.45,519.8
72:a5:12:55:c5:00,2024-01-27T13:20:00Z,2024-01-27T13:25:00Z,26.85,45.86,421.03
72:a5:12:55:c5:00,2024-01-27T13:25:00Z,2024-01-27T13:30:00Z,26.92,44.95,462.77
72:a5:12:55:c5:00,2024-01-27T13:30:00Z,2024-01-27T13:35:00Z,27.92,36.73,438.81
72:a5:12:55:c5:00,2024-01-27T13:35:00Z,2024-01-27T13:40:00Z,24.95,43.4,580.26
72:a5:12:55:c5:00,2024-01-27T13:40:00Z,2024-01-27T13:45:00Z,28.6,47.69,482.58
72:a5:12:55:c5:00,2024-01-27T13:45:00Z,2024-01-27T13:50:00Z,28.98,42.88,529.26
72:a5:12:55:c5:00,2024-01-27T13:50:00Z,2024-01-27T13:55:00Z,25.78,42.24,508.9
72:a5:12:55:c5:00,2024-01-27T13:55:00Z,2024-01-27T14:00:00Z,27.57,52.34,622.88
72:a5:12:55:c5:00,2024-01-27T14:00:00Z,2024-01-27T14:05:00Z,28.16,47.01,675.19
72:a5:12:55:c5:00,2024-01-27T14:05:00Z,2024-01-27T14:10:00Z,23.28,42.94,446.08
72:a5:12:55:c5:00,2024-01-27T14:10:00Z,2024-01-27T14:15:00Z,25.36,46.96,474.64
72:a5:12:55:c5:00,2024-01-27T14:15:00Z,2024-01-27T14:20:00Z,26.06,44.46,426.6
72:a5:12:55:c5:00,2024-01-27T14:20:00Z,2024-01-27T14:25:00Z,23.3,40.46,410.61
72:a5:12:55:c5:00,2024-01-27T14:25:00Z,2024-01-27T14:30:00Z,23.41,49.59,373.67
72:a5:12:55:c5:00,2024-01-27T14:30:00Z,2024-01-27T14:35:00Z,23.12,42.57,524.79
72:a5:12:55:c5:00,2024-01-27T14:35:00Z,2024-01-27T14:40:00Z,22.31,44.1,310.4
72:a5:12:55:c5:00,2024-01-27T14:40:00Z,2024-01-27T14:45:00Z,28.21,42.52,609.09
72:a5:12:55:c5:00,2024-01-27T14:45:00Z,2024-01-27T14:50:00Z,21.91,43.91,399.45
72:a5:12:55:c5:00,2024-01-27T14:50:00Z,2024-01-27T14:55:00Z,25.57,50.27,733.92
72:a5:12:55:c5:00,2024-01-27T14:55:00Z,2024-01-27T15:00:00Z,26.83,49.58,301.72
72:a5:12:55:c5:00,2024-01-27T15:00:00Z,2024-01-27T15:05:00Z,23.87,61.12,535.81
72:a5:12:55:c5:00,2024-01-27T15:05:00Z,2024-01-27T15:10:00Z,23.1,50.12,386.43
72:a5:12:55:c5:00,2024-01-27T15:10:00Z,2024-01-27T15:15:00Z,25.38,50.71,270.43
72:a5:12:55:c5:00,2024-01-27T15:15:00Z,2024-01-27T15:20:00Z,23.26,39.21,511.01
72:a5:12:55:c5:00,2024-01-27T15:20:00Z,2024-01-27T15:25:00Z,26.67,43.74,330.71
72:a5:12:55:c5:00,2024-01-27T15:25:00Z,2024-01-27T15:30:00Z,19.03,57.31,274.7
72:a5:12:55:c5:00,2024-01-27T15:30:00Z,2024-01-27T15:35:00Z,22.12,47.09,381.44
72:a5:12:55:c5:00,2024-01-27T15:35:00Z,2024-01-27T15:40:00Z,25.14,57.06,404.89
72:a5:12:55:c5:00,2024-01-27T15:40:00Z,2024-01-27T15:45:00Z,24.44,49.5,129.24
72:a5:12:55:c5:00,2024-01-27T15:45:00Z,2024-01-27T15:50:00Z,23.81,37.47,391.87
72:a5:12:55:c5:00,2024-01-27T15:50:00Z,2024-01-27T15:55:00Z,24.57,49.15,344.62
72:a5:12:55:c5:00,2024-01-27T15:55:00Z,2024-01-27T16:00:00Z,23.67,56.55,372.99
72:a5:12:55:c5:00,2024-01-27T16:00:00Z,2024-01-27T16:05:00Z,23.38,52.05,302.56
72:a5:12:55:c5:00,2024-01-27T16:05:00Z,2024-01-27T16:10:00Z,27.84,52.83,134.19
72:a5:12:55:c5:00,2024-01-27T16:10:00Z,2024-01-27T16:15:00Z,26.61,43.8,519.49
72:a5:12:55:c5:00,2024-01-27T16:15:00Z,2024-01-27T16:20:00Z,25.59,45.14,513.26
72:a5:12:55:c5:00,2024-01-27T16:20:00Z,2024-01-27T16:25:00Z,24.42,50.52,141.06
72:a5:12:55:c5:00,2024-01-27T16:25:00Z,2024-01-27T16:30:00Z,25.29,53.84,473.7
72:a5:12:55:c5:00,2024-01-27T16:30:00Z,2024-01-27T16:35:00Z,25.02,57.48,454.99
72:a5:12:55:c5:00,2024-01-27T16:35:00Z,2024-01-27T16:40:00Z,24.83,52.57,549.61
72:a5:12:55:c5:00,2024-01-27T16:40:00Z,2024-01-27T16:45:00Z,22.03,45.06,327.88
72:a5:12:55:c5:00,2024-01-27T16:45:00Z,2024-01-27T16:50:00Z,27.12,54.24,398.28
72:a5:12:55:c5:00,2024-01-27T16:50:00Z,2024-01-27T16:55:00Z,24.41,54.66,334.11
72:a5:12:55:c5:00,2024-01-27T16:55:00Z,2024-01-27T17:00:00Z,27.34,43.04,273.08
72:a5:12:55:c5:00,2024-01-27T17:00:00Z,2024-01-27T17:05:00Z,24.44,48.16,670.16
72:a5:12:55:c5:00,2024-01-27T17:05:00Z,2024-01-27T17:10:00Z,22.58,50.94,439.29
72:a5:12:55:c5:00,2024-01-27T17:10:00Z,2024-01-27T17:15:00Z,26.31,50.37,391.95
72:a5:12:55:c5:00,2024-01-27T17:15:00Z,2024-01-27T17:20:00Z,24.65,48.08,541.31
72:a5:12:55:c5:00,2024-01-27T17:20:00Z,2024-01-27T17:25:00Z,24.06,47.5,148.58
72:a5:12:55:c5:00,2024-01-27T17:25:00Z,2024-01-27T17:30:00Z,19.92,52.43,291.62
72:a5:12:55:c5:00,2024-01-27T17:30:00Z,2024-01-27T17:35:00Z,24.76,53.39,438.55
72:a5:12:55:c5:00,2024-01-27T17:35:00Z,2024-01-27T17:40:00Z,22.69,54.11,528.1
72:a5:12:55:c5:00,2024-01-27T17:40:00Z,2024-01-27T17:45:00Z,22.81,46.8,468.69
72:a5:12:55:c5:00,2024-01-27T17:45:00Z,2024-01-27T17:50:00Z,21.52,48.35,159.5
72:a5:12:55:c5:00,2024-01-27T17:50:00Z,2024-01-27T17:55:00Z,23.65,51.81,375.16
72:a5:12:55:c5:00,2024-01-27T17:55:00Z,2024-01-27T18:00:00Z,20.7,52.38,410.07
72:a5:12:55:c5:00,2024-01-27T18:00:00Z,2024-01-27T18:05:00Z,22.12,62.0,772.11
72:a5:12:55:c5:00,2024-01-27T18:05:00Z,2024-01-27T18:10:00Z,24.78,55.35,616.65
72:a5:12:55:c5:00,2024-01-27T18:10:00Z,2024-01-27T18:15:00Z,21.45,52.24,695.53
72:a5:12:55:c5:00,2024-01-27T18:15:00Z,2024-01-27T18:20:00Z,23.32,52.01,451.21
72:a5:12:55:c5:00,2024-01-27T18:20:00Z,2024-01-27T18:25:00Z,21.3,47.14,392.58
72:a5:12:55:c5:00,2024-01-27T18:25:00Z,2024-01-27T18:30:00Z,21.67,55.54,400.59
72:a5:12:55:c5:00,2024-01-27T18:30:00Z,2024-01-27T18:35:00Z,26.51,46.55,494.14
72:a5:12:55:c5:00,2024-01-27T18:35:00Z,2024-01-27T18:40:00Z,18.9,48.85,342.41
72:a5:12:55:c5:00,2024-01-27T18:40:00Z,2024-01-27T18:45:00Z,24.38,53.21,471.74
72:a5:12:55:c5:00,2024-01-27T18:45:00Z,2024-01-27T18:50:00Z,22.24,48.8,344.78
72:a5:12:55:c5:00,2024-01-27T18:50:00Z,2024-01-27T18:55:00Z,22.72,43.98,465.06
72:a5:12:55:c5:00,2024-01-27T18:55:00Z,2024-01-27T19:00:00Z,21.18,55.24,353.13
72:a5:12:55:c5:00,2024-01-27T19:00:00Z,2024-01-27T19:05:00Z,24.25,46.55,409.71
72:a5:12:55:c5:00,2024-01-27T19:05:00Z,2024-01-27T19:10:00Z,23.49,49.66,578.08
72:a5:12:55:c5:00,2024-01-27T19:10:00Z,2024-01-27T19:15:00Z,22.36,57.28,285.47
72:a5:12:55:c5:00,2024-01-27T19:15:00Z,2024-01-27T19:20:00Z,22.65,60.73,221.78
72:a5:12:55:c5:00,2024-01-27T19:20:00Z,2024-01-27T19:25:00Z,22.73,42.87,461.36
72:a5:12:55:c5:00,2024-01-27T19:25:00Z,2024-01-27T19:30:00Z,20.03,50.56,573.6
72:a5:12:55:c5:00,2024-01-27T19:30:00Z,2024-01-27T19:35:00Z,22.29,51.22,577.26
72:a5:12:55:c5:00,2024-01-27T19:35:00Z,2024-01-27T19:40:00Z,24.97,40.72,252.92
72:a5:12:55:c5:00,2024-01-27T19:40:00Z,2024-01-27T19:45:00Z,21.14,55.08,381.11
72:a5:12:55:c5:00,2024-01-27T19:45:00Z,2024-01-27T19:50:00Z,20.13,53.93,214.92
72:a5:12:55:c5:00,2024-01-27T19:50:00Z,2024-01-27T19:55:00Z,21.55,54.4,359.11
72:a5:12:55:c5:00,2024-01-27T19:55:00Z,2024-01-27T20:00:00Z,20.75,46.18,484.54
72:a5:12:55:c5:00,2024-01-27T20:00:00Z,2024-01-27T20:05:00Z,23.84,49.54,362.22
72:a5:12:55:c5:00,2024-01-27T20:05:00Z,2024-01-27T20:10:00Z,21.58,53.79,311.08
72:a5:12:55:c5:00,2024-01-27T20:10:00Z,2024-01-27T20:15:00Z,23.82,52.56,431.5
72:a5:12:55:c5:00,2024-01-27T20:15:00Z,2024-01-27T20:20:00Z,23.72,48.65,381.82
72:a5:12:55:c5:00,2024-01-27T20:20:00Z,2024-01-27T20:25:00Z,24.73,49.23,634.72
72:a5:12:55:c5:00,2024-01-27T20:25:00Z,2024-01-27T20:30:00Z,26.16,53.56,336.26
72:a5:12:55:c5:00,2024-01-27T20:30:00Z,2024-01-27T20:35:00Z,23.22,49.11,378.03
72:a5:12:55:c5:00,2024-01-27T20:35:00Z,2024-01-27T20:40:00Z,26.44,53.57,446.99
72:a5:12:55:c5:00,2024-01-27T20:40:00Z,2024-01-27T20:45:00Z,24.93,51.74,471.77
72:a5:12:55:c5:00,2024-01-27T20:45:00Z,2024-01-27T20:50:00Z,25.64,45.13,502.37
72:a5:12:55:c5:00,2024-01-27T20:50:00Z,2024-01-27T20:55:00Z,27.66,49.3,433.12
72:a5:12:55:c5:00,2024-01-27T20:55:00Z,2024-01-27T21:00:00Z,24.32,47.14,448.49
72:a5:12:55:c5:00,2024-01-27T21:00:00Z,2024-01-27T21:05:00Z,22.14,49.74,409.03
72:a5:12:55:c5:00,2024-01-27T21:05:00Z,2024-01-27T21:10:00Z,24.56,49.23,269.86
72:a5:12:55:c5:00,2024-01-27T21:10:00Z,2024-01-27T21:15:00Z,22.86,49.31,353.33
72:a5:12:55:c5:00,2024-01-27T21:15:00Z,2024-01-27T21:20:00Z,24.28,44.97,248.3
72:a5:12:55:c5:00,2024-01-27T21:20:00Z,2024-01-27T21:25:00Z,28.67,47.59,302.93
72:a5:12:55:c5:00,2024-01-27T21:25:00Z,2024-01-27T21:30:00Z,21.53,41.44,527.84
72:a5:12:55:c5:00,2024-01-27T21:30:00Z,2024-01-27T21:35:00Z,25.92,44.22,502.96
72:a5:12:55:c5:00,2024-01-27T21:35:00Z,2024-01-27T21:40:00Z,22.89,45.34,251.83
72:a5:12:55:c5:00,2024-01-27T21:40:00Z,2024-01-27T21:45:00Z,24.29,47.34,187.84
72:a5:12:55:c5:00,2024-01-27T21:45:00Z,2024-01-27T21:50:00Z,26.79,52.12,235.42
72:a5:12:55:c5:00,2024-01-27T21:50:00Z,2024-01-27T21:55:00Z,25.11,44.64,212.31
72:a5:12:55:c5:00,2024-01-27T21:55:00Z,2024-01-27T22:00:00Z,24.2,44.2,296.5
72:a5:12:55:c5:00,2024-01-27T22:00:00Z,2024-01-27T22:05:00Z,24.69,49.56,583.85
72:a5:12:55:c5:00,2024-01-27T22:05:00Z,2024-01-27T22:10:00Z,25.7,46.14,315.92
72:a5:12:55:c5:00,2024-01-27T22:10:00Z,2024-01-27T22:15:00Z,28.95,44.88,561.82
72:a5:12:55:c5:00,2024-01-27T22:15:00Z,2024-01-27T22:20:00Z,23.77,44.71,114.03
72:a5:12:55:c5:00,2024-01-27T22:20:00Z,2024-01-27T22:25:00Z,28.75,46.82,254.99
72:a5:12:55:c5:00,2024-01-27T22:25:00Z,2024-01-27T22:30:00Z,29.29,50.62,452.07
72:a5:12:55:c5:00,2024-01-27T22:30:00Z,2024-01-27T22:35:00Z,27.39,50.15,554.95
72:a5:12:55:c5:00,2024-01-27T22:35:00Z,2024-01-27T22:40:00Z,25.34,42.69,326.29
72:a5:12:55:c5:00,2024-01-27T22:40:00Z,2024-01-27T22:45:00Z,28.63,57.18,544.24
72:a5:12:55:c5:00,2024-01-27T22:45:00Z,2024-01-27T22:50:00Z,23.91,51.4,461.28
72:a5:12:55:c5:00,2024-01-27T22:50:00Z,2024-01-27T22:55:00Z,23.55,49.86,356.48
72:a5:12:55:c5:00,2024-01-27T22:55:00Z,2024-01-27T23:00:00Z,27.4,44.58,416.69
72:a5:12:55:c5:00,2024-01-27T23:00:00Z,2024-01-27T23:05:00Z,28.18,48.87,410.52
72:a5:12:55:c5:00,2024-01-27T23:05:00Z,2024-01-27T23:10:00Z,26.39,41.23,310.6
72:a5:12:55:c5:00,2024-01-27T23:10:00Z,2024-01-27T23:15:00Z,23.26,39.71,713.36
72:a5:12:55:c5:00,2024-01-27T23:15:00Z,2024-01-27T23:20:00Z,24.8,36.69,407.15
72:a5:12:55:c5:00,2024-01-27T23:20:00Z,2024-01-27T23:25:00Z,24.77,38.65,446.48
72:a5:12:55:c5:00,2024-01-27T23:25:00Z,2024-01-27T23:30:00Z,28.39,46.28,241.8
72:a5:12:55:c5:00,2024-01-27T23:30:00Z,2024-01-27T23:35:00Z,26.86,49.84,430.64
72:a5:12:55:c5:00,2024-01-27T23:35:00Z,2024-01-27T23:40:00Z,25.33,45.66,290.96
72:a5:12:55:c5:00,2024-01-27T23:40:00Z,2024-01-27T23:45:00Z,31.82,49.91,362.31
72:a5:12:55:c5:00,2024-01-27T23:45:00Z,2024-01-27T23:50:00Z,29.05,39.33,236.06
72:a5:12:55:c5:00,2024-01-27T23:50:00Z,2024-01-27T23:55:00Z,29.31,42.32,508.47
72:a5:12:55:c5:00,2024-01-27T23:55:00Z,2024-01-28T00:00:00Z,31.47,42.66,423.8
72:a5:12:55:c5:00,2024-01-28T00:00:00Z,2024-01-28T00:05:00Z,30.23,39.47,458.77
72:a5:12:55:c5:00,2024-01-28T00:05:00Z,2024-01-28T00:10:00Z,25.85,39.62,330.66
72:a5:12:55:c5:00,2024-01-28T00:10:00Z,2024-01-28T00:15:00Z,26.09,41.93,584.03
72:a5:12:55:c5:00,2024-01-28T00:15:00Z,2024-01-28T00:20:00Z,29.37,38.82,402.83
72:a5:12:55:c5:00,2024-01-28T00:20:00Z,2024-01-28T00:25:00Z,23.65,36.15,431.6
72:a5:12:55:c5:00,2024-01-28T00:25:00Z,2024-01-28T00:30:00Z,28.45,42.2,636.71
72:a5:12:55:c5:00,2024-01-28T00:30:00Z,2024-01-28T00:35:00Z,23.72,37.41,278.26
72:a5:12:55:c5:00,2024-01-28T00:35:00Z,2024-01-28T00:40:00Z,29.76,41.49,532.98
72:a5:12:55:c5:00,2024-01-28T00:40:00Z,2024-01-28T00:45:00Z,29.82,45.32,396.21
72:a5:12:55:c5:00,2024-01-28T00:45:00Z,2024-01-28T00:50:00Z,28.59,45.28,266.19
72:a5:12:55:c5:00,2024-01-28T00:50:00Z,2024-01-28T00:55:00Z,29.94,33.41,314.46
72:a5:12:55:c5:00,2024-01-28T00:55:00Z,2024-01-28T01:00:00Z,31.55,43.47,250.82
72:a5:12:55:c5:00,2024-01-28T01:00:00Z,2024-01-28T01:05:00Z,28.97,23.49,1008.83
72:a5:12:55:c5:00,2024-01-28T01:05:00Z,2024-01-28T01:10:00Z,35.59,42.91,1222.84
72:a5:12:55:c5:00,2024-01-28T01:10:00Z,2024-01-28T01:15:00Z,29.79,36.7,977.51
72:a5:12:55:c5:00,2024-01-28T01:15:00Z,2024-01-28T01:20:00Z,30.72,39.09,912.61
72:a5:12:55:c5:00,2024-01-28T01:20:00Z,2024-01-28T01:25:00Z,27.52,35.52,1036.47
72:a5:12:55:c5:00,2024-01-28T01:25:00Z,2024-01-28T01:30:00Z,32.26,39.69,912.29
72:a5:12:55:c5:00,2024-01-28T01:30:00Z,2024-01-28T01:35:00Z,31.42,33.85,1008.04
72:a5:12:55:c5:00,2024-01-28T01:35:00Z,2024-01-28T01:40:00Z,32.95,36.72,981.11
72:a5:12:55:c5:00,2024-01-28T01:40:00Z,2024-01-28T01:45:00Z,28.6,43.47,914.44
72:a5:12:55:c5:00,2024-01-28T01:45:00Z,2024-01-28T01:50:00Z,26.59,36.26,838.26
72:a5:12:55:c5:00,2024-01-28T01:50:00Z,2024-01-28T01:55:00Z,30.3,32.65,865.49
72:a5:12:55:c5:00,2024-01-28T01:55:00Z,2024-01-28T02:00:00Z,24.8,41.29,593.22
72:a5:12:55:c5:00,2024-01-28T02:00:00Z,2024-01-28T02:05:00Z,29.33,30.23,1515.09
72:a5:12:55:c5:00,2024-01-28T02:05:00Z,2024-01-28T02:10:00Z,30.47,34.49,1411.57
72:a5:12:55:c5:00,2024-01-28T02:10:00Z,2024-01-28T02:15:00Z,34.78,37.88,1284.28
72:a5:12:55:c5:00,2024-01-28T02:15:00Z,2024-01-28T02:20:00Z,31.25,34.8,1192.82
72:a5:12:55:c5:00,2024-01-28T02:20:00Z,2024-01-28T02:25:00Z,30.68,32.29,1332.1
72:a5:12:55:c5:00,2024-01-28T02:25:00Z,2024-01-28T02:30:00Z,30.04,29.56,1330.14
72:a5:12:55:c5:00,2024-01-28T02:30:00Z,2024-01-28T02:35:00Z,28.07,25.36,1286.78
72:a5:12:55:c5:00,2024-01-28T02:35:00Z,2024-01-28T02:40:00Z,31.71,31.73,1564.98
72:a5:12:55:c5:00,2024-01-28T02:40:00Z,2024-01-28T02:45:00Z,31.69,36.92,1360.59
72:a5:12:55:c5:00,2024-01-28T02:45:00Z,2024-01-28T02:50:00Z,27.41,36.09,1294.94
72:a5:12:55:c5:00,2024-01-28T02:50:00Z,2024-01-28T02:55:00Z,28.47,30.38,1182.36
72:a5:12:55:c5:00,2024-01-28T02:55:00Z,2024-01-28T03:00:00Z,29.43,41.7,1274.3
72:a5:12:55:c5:00,2024-01-28T03:00:00Z,2024-01-28T03:05:00Z,31.76,30.63,2066.02
72:a5:12:55:c5:00,2024-01-28T03:05:00Z,2024-01-28T03:10:00Z,30.38,25.25,1996.64
72:a5:12:55:c5:00,2024-01-28T03:10:00Z,2024-01-28T03:15:00Z,29.5,39.96,1682.22
72:a5:12:55:c5:00,2024-01-28T03:15:00Z,2024-01-28T03:20:00Z,32.2,28.13,1585.49
72:a5:12:55:c5:00,2024-01-28T03:20:00Z,2024-01-28T03:25:00Z,32.27,37.06,1845.6
72:a5:12:55:c5:00,2024-01-28T03:25:00Z,2024-01-28T03:30:00Z,31.24,25.5,1927.24
72:a5:12:55:c5:00,2024-01-28T03:30:00Z,2024-01-28T03:35:00Z,30.14,32.08,1799.9
72:a5:12:55:c5:00,2024-01-28T03:35:00Z,2024-01-28T03:40:00Z,32.87,31.13,1869.82
72:a5:12:55:c5:00,2024-01-28T03:40:00Z,2024-01-28T03:45:00Z,31.51,26.08,1885.5
72:a5:12:55:c5:00,2024-01-28T03:45:00Z,2024-01-28T03:50:00Z,29.67,35.47,1664.88
72:a5:12:55:c5:00,2024-01-28T03:50:00Z,2024-01-28T03:55:00Z,33.31,34.12,1843.5
72:a5:12:55:c5:00,2024-01-28T03:55:00Z,2024-01-28T04:00:00Z,32.41,38.01,1980.89
72:a5:12:55:c5:00,2024-01-28T04:00:00Z,2024-01-28T04:05:00Z,32.67,27.85,1875.95
72:a5:12:55:c5:00,2024-01-28T04:05:00Z,2024-01-28T04:10:00Z,29.89,36.88,2132.17
72:a5:12:55:c5:00,2024-01-28T04:10:00Z,2024-01-28T04:15:00Z,30.81,30.72,1961.17
72:a5:12:55:c5:00,2024-01-28T04:15:00Z,2024-01-28T04:20:00Z,36.23,28.81,2299.84
72:a5:12:55:c5:00,2024-01-28T04:20:00Z,2024-01-28T04:25:00Z,29.43,23.63,2117.11
72:a5:12:55:c5:00,2024-01-28T04:25:00Z,2024-01-28T04:30:00Z,31.14,27.66,2306.65
72:a5:12:55:c5:00,2024-01-28T04:30:00Z,2024-01-28T04:35:00Z,32.18,35.26,1988.65
72:a5:12:55:c5:00,2024-01-28T04:35:00Z,2024-01-28T04:40:00Z,33.42,30.08,2342.39
72:a5:12:55:c5:00,2024-01-28T04:40:00Z,2024-01-28T04:45:00Z,29.72,31.61,2040.59
72:a5:12:55:c5:00,2024-01-28T04:45:00Z,2024-01-28T04:50:00Z,32.52,28.67,2048.82
72:a5:12:55:c5:00,2024-01-28T04:50:00Z,2024-01-28T04:55:00Z,29.09,28.17,1998.85
72:a5:12:55:c5:00,2024-01-28T04:55:00Z,2024-01-28T05:00:00Z,32.03,29.75,1920.86
72:a5:12:55:c5:00,2024-01-28T05:00:00Z,2024-01-28T05:05:00Z,31.95,28.54,2407.7
72:a5:12:55:c5:00,2024-01-28T05:05:00Z,2024-01-28T05:10:00Z,31.05,30.82,2485.54
72:a5:12:55:c5:00,2024-01-28T05:10:00Z,2024-01-28T05:15:00Z,34.33,23.84,2379.56
72:a5:12:55:c5:00,2024-01-28T05:15:00Z,2024-01-28T05:20:00Z,32.14,31.07,2425.86
72:a5:12:55:c5:00,2024-01-28T05:20:00Z,2024-01-28T05:25:00Z,33.74,32.52,2375.45
72:a5:12:55:c5:00,2024-01-28T05:25:00Z,2024-01-28T05:30:00Z,33.57,31.75,2255.74
72:a5:12:55:c5:00,2024-01-28T05:30:00Z,2024-01-28T05:35:00Z,35.76,31.4,2221.61
72:a5:12:55:c5:00,2024-01-28T05:35:00Z,2024-01-28T05:40:00Z,30.18,25.48,2298.26
72:a5:12:55:c5:00,2024-01-28T05:40:00Z,2024-01-28T05:45:00Z,35.62,33.98,2341.48
72:a5:12:55:c5:00,2024-01-28T05:45:00Z,2024-01-28T05:50:00Z,33.74,31.68,2326.12
72:a5:12:55:c5:00,2024-01-28T05:50:00Z,2024-01-28T05:55:00Z,31.54,24.08,2398.01
72:a5:12:55:c5:00,2024-01-28T05:55:00Z,2024-01-28T06:00:00Z,30.57,26.31,2342.17
72:a5:12:55:c5:00,2024-01-28T06:00:00Z,2024-01-28T06:05:00Z,33.82,35.39,2443.61
72:a5:12:55:c5:00,2024-01-28T06:05:00Z,2024-01-28T06:10:00Z,30.96,38.82,2541.74
72:a5:12:55:c5:00,2024-01-28T06:10:00Z,2024-01-28T06:15:00Z,35.24,25.73,2605.28
72:a5:12:55:c5:00,2024-01-28T06:15:00Z,2024-01-28T06:20:00Z,36.67,25.71,2361.33
72:a5:12:55:c5:00,2024-01-28T06:20:00Z,2024-01-28T06:25:00Z,35.18,25.42,2461.97
72:a5:12:55:c5:00,2024-01-28T06:25:00Z,2024-01-28T06:30:00Z,36.11,18.5,2416.04
72:a5:12:55:c5:00,2024-01-28T06:30:00Z,2024-01-28T06:35:00Z,30.96,28.5,2555.1
72:a5:12:55:c5:00,2024-01-28T06:35:00Z,2024-01-28T06:40:00Z,34.01,31.48,2677.94
72:a5:12:55:c5:00,2024-01-28T06:40:00Z,2024-01-28T06:45:00Z,29.99,23.4,2526.29
72:a5:12:55:c5:00,2024-01-28T06:45:00Z,2024-01-28T06:50:00Z,32.0,29.95,2325.19
72:a5:12:55:c5:00,2024-01-28T06:50:00Z,2024-01-28T06:55:00Z,34.77,26.75,2329.01
72:a5:12:55:c5:00,2024-01-28T06:55:00Z,2024-01-28T07:00:00Z,32.11,36.61,2532.42
72:a5:12:55:c5:00,2024-01-28T07:00:00Z,2024-01-28T07:05:00Z,36.28,24.32,2321.75
72:a5:12:55:c5:00,2024-01-28T07:05:00Z,2024-01-28T07:10:00Z,34.95,36.35,2599.7
72:a5:12:55:c5:00,2024-01-28T07:10:00Z,2024-01-28T07:15:00Z,34.13,24.63,2186.34
72:a5:12:55:c5:00,2024-01-28T07:15:00Z,2024-01-28T07:20:00Z,29.91,29.61,2379.9
72:a5:12:55:c5:00,2024-01-28T07:20:00Z,2024-01-28T07:25:00Z,33.6,30.48,2238.15
72:a5:12:55:c5:00,2024-01-28T07:25:00Z,2024-01-28T07:30:00Z,31.91,30.29,2291.83
72:a5:12:55:c5:00,2024-01-28T07:30:00Z,2024-01-28T07:35:00Z,35.52,26.22,2297.44
72:a5:12:55:c5:00,2024-01-28T07:35:00Z,2024-01-28T07:40:00Z,30.01,29.74,2371.77
72:a5:12:55:c5:00,2024-01-28T07:40:00Z,2024-01-28T07:45:00Z,32.87,27.27,2419.1
72:a5:12:55:c5:00,2024-01-28T07:45:00Z,2024-01-28T07:50:00Z,33.72,25.92,2159.34
72:a5:12:55:c5:00,2024-01-28T07:50:00Z,2024-01-28T07:55:00Z,29.77,32.05,2393.69
72:a5:12:55:c5:00,2024-01-28T07:55:00Z,2024-01-28T08:00:00Z,32.2,28.11,2368.71
72:a5:12:55:c5:00,2024-01-28T08:00:00Z,2024-01-28T08:05:00Z,30.39,32.02,2199.72
72:a5:12:55:c5:00,2024-01-28T08:05:00Z,2024-01-28T08:10:00Z,30.34,28.2,2255.5
72:a5:12:55:c5:00,2024-01-28T08:10:00Z,2024-01-28T08:15:00Z,35.12,28.89,2041.02
72:a5:12:55:c5:00,2024-01-28T08:15:00Z,2024-01-28T08:20:00Z,32.51,29.97,1865.35
72:a5:12:55:c5:00,2024-01-28T08:20:00Z,2024-01-28T08:25:00Z,32.31,30.53,2038.18
72:a5:12:55:c5:00,2024-01-28T08:25:00Z,2024-01-28T08:30:00Z,30.45,33.3,2120.18
72:a5:12:55:c5:00,2024-01-28T08:30:00Z,2024-01-28T08:35:00Z,34.22,29.2,2189.64
72:a5:12:55:c5:00,2024-01-28T08:35:00Z,2024-01-28T08:40:00Z,32.53,30.08,2158.58
72:a5:12:55:c5:00,2024-01-28T08:40:00Z,2024-01-28T08:45:00Z,31.61,32.81,1743.49
72:a5:12:55:c5:00,2024-01-28T08:45:00Z,2024-01-28T08:50:00Z,34.07,34.42,1963.07
72:a5:12:55:c5:00,2024-01-28T08:50:00Z,2024-01-28T08:55:00Z,31.12,24.55,2100.96
72:a5:12:55:c5:00,2024-01-28T08:55:00Z,2024-01-28T09:00:00Z,32.75,20.64,1982.48
72:a5:12:55:c5:00,2024-01-28T09:00:00Z,2024-01-28T09:05:00Z,32.47,30.91,1773.59
72:a5:12:55:c5:00,2024-01-28T09:05:00Z,2024-01-28T09:10:00Z,30.73,25.31,1955.14
72:a5:12:55:c5:00,2024-01-28T09:10:00Z,2024-01-28T09:15:00Z,33.54,31.26,1826.06
72:a5:12:55:c5:00,2024-01-28T09:15:00Z,2024-01-28T09:20:00Z,31.5,26.65,1747.82
72:a5:12:55:c5:00,2024-01-28T09:20:00Z,2024-01-28T09:25:00Z,31.68,32.84,1798.3
72:a5:12:55:c5:00,2024-01-28T09:25:00Z,2024-01-28T09:30:00Z,31.11,28.95,1897.54
72:a5:12:55:c5:00,2024-01-28T09:30:00Z,2024-01-28T09:35:00Z,32.68,38.9,1913.84
72:a5:12:55:c5:00,2024-01-28T09:35:00Z,2024-01-28T09:40:00Z,33.75,37.88,1794.28
72:a5:12:55:c5:00,2024-01-28T09:40:00Z,2024-01-28T09:45:00Z,30.94,36.73,1729.02
72:a5:12:55:c5:00,2024-01-28T09:45:00Z,2024-01-28T09:50:00Z,33.17,35.77,1580.6
72:a5:12:55:c5:00,2024-01-28T09:50:00Z,2024-01-28T09:55:00Z,31.69,32.45,1742.13
72:a5:12:55:c5:00,2024-01-28T09:55:00Z,2024-01-28T10:00:00Z,27.63,31.58,1468.04
72:a5:12:55:c5:00,2024-01-28T10:00:00Z,2024-01-28T10:05:00Z,28.49,38.8,1665.03
72:a5:12:55:c5:00,2024-01-28T10:05:00Z,2024-01-28T10:10:00Z,32.79,35.58,1224.84
72:a5:12:55:c5:00,2024-01-28T10:10:00Z,2024-01-28T10:15:00Z,29.2,23.93,1570.86
72:a5:12:55:c5:00,2024-01-28T10:15:00Z,2024-01-28T10:20:00Z,30.54,23.12,1612.75
72:a5:12:55:c5:00,2024-01-28T10:20:00Z,2024-01-28T10:25:00Z,31.89,40.46,1432.25
72:a5:12:55:c5:00,2024-01-28T10:25:00Z,2024-01-28T10:30:00Z,29.81,39.02,1430.02
72:a5:12:55:c5:00,2024-01-28T10:30:00Z,2024-01-28T10:35:00Z,30.81,36.63,1185.72
72:a5:12:55:c5:00,2024-01-28T10:35:00Z,2024-01-28T10:40:00Z,28.06,37.26,1361.6
72:a5:12:55:c5:00,2024-01-28T10:40:00Z,2024-01-28T10:45:00Z,31.91,25.0,1608.53
72:a5:12:55:c5:00,2024-01-28T10:45:00Z,2024-01-28T10:50:00Z,31.63,35.91,1431.06
72:a5:12:55:c5:00,2024-01-28T10:50:00Z,2024-01-28T10:55:00Z,29.4,31.81,1347.71
72:a5:12:55:c5:00,2024-01-28T10:55:00Z,2024-01-28T11:00:00Z,28.49,35.08,1593.17
72:a5:12:55:c5:00,2024-01-28T11:00:00Z,2024-01-28T11:05:00Z,35.01,37.08,1043.4
72:a5:12:55:c5:00,2024-01-28T11:05:00Z,2024-01-28T11:10:00Z,29.58,34.11,906.71
72:a5:12:55:c5:00,2024-01-28T11:10:00Z,2024-01-28T11:15:00Z,28.13,34.6,879.37
72:a5:12:55:c5:00,2024-01-28T11:15:00Z,2024-01-28T11:20:00Z,31.05,39.59,793.82
72:a5:12:55:c5:00,2024-01-28T11:20:00Z,2024-01-28T11:25:00Z,29.07,30.87,846.69
72:a5:12:55:c5:00,2024-01-28T11:25:00Z,2024-01-28T11:30:00Z,27.45,34.95,934.19
72:a5:12:55:c5:00,2024-01-28T11:30:00Z,2024-01-28T11:35:00Z,30.06,40.1,889.53
72:a5:12:55:c5:00,2024-01-28T11:35:00Z,2024-01-28T11:40:00Z,27.59,34.83,734.13
72:a5:12:55:c5:00,2024-01-28T11:40:00Z,2024-01-28T11:45:00Z,32.28,33.03,902.63
72:a5:12:55:c5:00,2024-01-28T11:45:00Z,2024-01-28T11:50:00Z,30.01,27.1,865.86
72:a5:12:55:c5:00,2024-01-28T11:50:00Z,2024-01-28T11:55:00Z,28.33,38.39,731.45
72:a5:12:55:c5:00,2024-01-28T11:55:00Z,2024-01-28T12:00:00Z,29.79,36.69,858.45
72:a5:12:55:c5:00,2024-01-28T12:00:00Z,2024-01-28T12:05:00Z,30.59,40.9,102.8
72:a5:12:55:c5:00,2024-01-28T12:05:00Z,2024-01-28T12:10:00Z,29.07,40.77,246.83
72:a5:12:55:c5:00,2024-01-28T12:10:00Z,2024-01-28T12:15:00Z,31.49,31.92,260.98
72:a5:12:55:c5:00,2024-01-28T12:15:00Z,2024-01-28T12:20:00Z,31.05,32.6,333.94
72:a5:12:55:c5:00,2024-01-28T12:20:00Z,2024-01-28T12:25:00Z,28.78,46.12,156.16
72:a5:12:55:c5:00,2024-01-28T12:25:00Z,2024-01-28T12:30:00Z,26.49,45.01,369.79
72:a5:12:55:c5:00,2024-01-28T12:30:00Z,2024-01-28T12:35:00Z,27.16,41.53,514.52
72:a5:12:55:c5:00,2024-01-28T12:35:00Z,2024-01-28T12:40:00Z,29.04,38.93,337.42
72:a5:12:55:c5:00,2024-01-28T12:40:00Z,2024-01-28T12:45:00Z,26.54,40.33,423.87
72:a5:12:55:c5:00,2024-01-28T12:45:00Z,2024-01-28T12:50:00Z,29.7,43.37,356.31
72:a5:12:55:c5:00,2024-01-28T12:50:00Z,2024-01-28T12:55:00Z,26.42,45.99,227.53
72:a5:12:55:c5:00,2024-01-28T12:55:00Z,2024-01-28T13:00:00Z,27.53,42.65,375.18
72:a5:12:55:c5:00,2024-01-28T13:00:00Z,2024-01-28T13:05:00Z,25.48,48.01,465.48
72:a5:12:55:c5:00,2024-01-28T13:05:00Z,2024-01-28T13:10:00Z,29.01,41.18,153.86
72:a5:12:55:c5:00,2024-01-28T13:10:00Z,2024-01-28T13:15:00Z,24.98,43.3,428.34
72:a5:12:55:c5:00,2024-01-28T13:15:00Z,2024-01-28T13:20:00Z,23.62,44.72,411.59
72:a5:12:55:c5:00,2024-01-28T13:20:00Z,2024-01-28T13:25:00Z,27.55,40.44,781.26
72:a5:12:55:c5:00,2024-01-28T13:25:00Z,2024-01-28T13:30:00Z,27.27,45.04,331.1
72:a5:12:55:c5:00,2024-01-28T13:30:00Z,2024-01-28T13:35:00Z,25.47,45.56,135.6
72:a5:12:55:c5:00,2024-01-28T13:35:00Z,2024-01-28T13:40:00Z,25.03,43.12,121.59
72:a5:12:55:c5:00,2024-01-28T13:40:00Z,2024-01-28T13:45:00Z,28.96,43.07,371.8
72:a5:12:55:c5:00,2024-01-28T13:45:00Z,2024-01-28T13:50:00Z,25.56,44.56,751.6
72:a5:12:55:c5:00,2024-01-28T13:50:00Z,2024-01-28T13:55:00Z,25.59,32.57,453.52
72:a5:12:55:c5:00,2024-01-28T13:55:00Z,2024-01-28T14:00:00Z,26.08,43.95,482.82
72:a5:12:55:c5:00,2024-01-28T14:00:00Z,2024-01-28T14:05:00Z,23.28,38.87,388.94
72:a5:12:55:c5:00,2024-01-28T14:05:00Z,2024-01-28T14:10:00Z,23.45,42.91,311.24
72:a5:12:55:c5:00,2024-01-28T14:10:00Z,2024-01-28T14:15:00Z,23.57,46.97,174.07
72:a5:12:55:c5:00,2024-01-28T14:15:00Z,2024-01-28T14:20:00Z,27.9,41.38,509.25
72:a5:12:55:c5:00,2024-01-28T14:20:00Z,2024-01-28T14:25:00Z,26.29,51.15,292.4
72:a5:12:55:c5:00,2024-01-28T14:25:00Z,2024-01-28T14:30:00Z,30.47,52.0,414.05
72:a5:12:55:c5:00,2024-01-28T14:30:00Z,2024-01-28T14:35:00Z,23.23,42.28,376.64
72:a5:12:55:c5:00,2024-01-28T14:35:00Z,2024-01-28T14:40:00Z,24.37,54.72,413.46
72:a5:12:55:c5:00,2024-01-28T14:40:00Z,2024-01-28T14:45:00Z,28.41,45.0,458.82
72:a5:12:55:c5:00,2024-01-28T14:45:00Z,2024-01-28T14:50:00Z,26.78,48.75,545.47
72:a5:12:55:c5:00,2024-01-28T14:50:00Z,2024-01-28T14:55:00Z,27.08,44.32,437.14
72:a5:12:55:c5:00,2024-01-28T14:55:00Z,2024-01-28T15:00:00Z,24.53,41.47,432.08
72:a5:12:55:c5:00,2024-01-28T15:00:00Z,2024-01-28T15:05:00Z,27.93,48.58,461.34
72:a5:12:55:c5:00,2024-01-28T15:05:00Z,2024-01-28T15:10:00Z,25.62,41.63,553.04
72:a5:12:55:c5:00,2024-01-28T15:10:00Z,2024-01-28T15:15:00Z,23.66,51.43,237.04
72:a5:12:55:c5:00,2024-01-28T15:15:00Z,2024-01-28T15:20:00Z,26.52,40.7,344.51
72:a5:12:55:c5:00,2024-01-28T15:20:00Z,2024-01-28T15:25:00Z,24.04,54.99,180.76
72:a5:12:55:c5:00,2024-01-28T15:25:00Z,2024-01-28T15:30:00Z,23.12,44.31,513.05
72:a5:12:55:c5:00,2024-01-28T15:30:00Z,2024-01-28T15:35:00Z,24.08,50.76,345.72
72:a5:12:55:c5:00,2024-01-28T15:35:00Z,2024-01-28T15:40:00Z,23.34,48.16,556.86
72:a5:12:55:c5:00,2024-01-28T15:40:00Z,2024-01-28T15:45:00Z,18.11,53.64,455.22
72:a5:12:55:c5:00,2024-01-28T15:45:00Z,2024-01-28T15:50:00Z,22.42,45.29,223.78
72:a5:12:55:c5:00,2024-01-28T15:50:00Z,2024-01-28T15:55:00Z,24.03,47.81,327.64
72:a5:12:55:c5:00,2024-01-28T15:55:00Z,2024-01-28T16:00:00Z,21.93,50.19,370.77
72:a5:12:55:c5:00,2024-01-28T16:00:00Z,2024-01-28T16:05:00Z,24.58,44.27,272.45
72:a5:12:55:c5:00,2024-01-28T16:05:00Z,2024-01-28T16:10:00Z,22.79,43.71,506.1
72:a5:12:55:c5:00,2024-01-28T16:10:00Z,2024-01-28T16:15:00Z,25.59,52.69,764.72
72:a5:12:55:c5:00,2024-01-28T16:15:00Z,2024-01-28T16:20:00Z,21.59,46.67,552.18
72:a5:12:55:c5:00,2024-01-28T16:20:00Z,2024-01-28T16:25:00Z,25.1,54.65,353.44
72:a5:12:55:c5:00,2024-01-28T16:25:00Z,2024-01-28T16:30:00Z,20.81,50.74,635.74
72:a5:12:55:c5:00,2024-01-28T16:30:00Z,2024-01-28T16:35:00Z,19.03,50.74,638.42
72:a5:12:55:c5:00,2024-01-28T16:35:00Z,2024-01-28T16:40:00Z,26.34,45.07,293.98
72:a5:12:55:c5:00,2024-01-28T16:40:00Z,2024-01-28T16:45:00Z,21.37,48.93,410.93
72:a5:12:55:c5:00,2024-01-28T16:45:00Z,2024-01-28T16:50:00Z,27.62,53.41,512.21
72:a5:12:55:c5:00,2024-01-28T16:50:00Z,2024-01-28T16:55:00Z,24.85,46.35,593.1
72:a5:12:55:c5:00,2024-01-28T16:55:00Z,2024-01-28T17:00:00Z,24.22,44.67,599.61
72:a5:12:55:c5:00,2024-01-28T17:00:00Z,2024-01-28T17:05:00Z,24.7,53.42,284.84
72:a5:12:55:c5:00,2024-01-28T17:05:00Z,2024-01-28T17:10:00Z,23.09,52.75,716.31
72:a5:12:55:c5:00,2024-01-28T17:10:00Z,2024-01-28T17:15:00Z,23.37,53.64,539.41
72:a5:12:55:c5:00,2024-01-28T17:15:00Z,2024-01-28T17:20:00Z,26.87,50.92,226.84
72:a5:12:55:c5:00,2024-01-28T17:20:00Z,2024-01-28T17:25:00Z,23.54,53.06,489.43
72:a5:12:55:c5:00,2024-01-28T17:25:00Z,2024-01-28T17:30:00Z,21.21,47.88,553.74
72:a5:12:55:c5:00,2024-01-28T17:30:00Z,2024-01-28T17:35:00Z,24.47,50.77,391.75
72:a5:12:55:c5:00,2024-01-28T17:35:00Z,2024-01-28T17:40:00Z,18.73,52.4,417.77
72:a5:12:55:c5:00,2024-01-28T17:40:00Z,2024-01-28T17:45:00Z,26.0,48.18,450.68
72:a5:12:55:c5:00,2024-01-28T17:45:00Z,2024-01-28T17:50:00Z,26.2,51.2,283.89
72:a5:12:55:c5:00,2024-01-28T17:50:00Z,2024-01-28T17:55:00Z,26.29,46.15,288.35
72:a5:12:55:c5:00,2024-01-28T17:55:00Z,2024-01-28T18:00:00Z,25.48,54.69,280.41
72:a5:12:55:c5:00,2024-01-28T18:00:00Z,2024-01-28T18:05:00Z,23.82,57.29,687.4
72:a5:12:55:c5:00,2024-01-28T18:05:00Z,2024-01-28T18:10:00Z,23.33,48.34,405.47
72:a5:12:55:c5:00,2024-01-28T18:10:00Z,2024-01-28T18:15:00Z,20.12,52.91,-3.3
72:a5:12:55:c5:00,2024-01-28T18:15:00Z,2024-01-28T18:20:00Z,27.82,41.89,416.6
72:a5:12:55:c5:00,2024-01-28T18:20:00Z,2024-01-28T18:25:00Z,22.23,59.86,384.46
72:a5:12:55:c5:00,2024-01-28T18:25:00Z,2024-01-28T18:30:00Z,23.18,53.24,242.59
72:a5:12:55:c5:00,2024-01-28T18:30:00Z,2024-01-28T18:35:00Z,24.5,54.84,290.91
72:a5:12:55:c5:00,2024-01-28T18:35:00Z,2024-01-28T18:40:00Z,21.57,59.05,363.89
72:a5:12:55:c5:00,2024-01-28T18:40:00Z,2024-01-28T18:45:00Z,19.49,47.26,291.15
72:a5:12:55:c5:00,2024-01-28T18:45:00Z,2024-01-28T18:50:00Z,22.71,56.21,506.58
72:a5:12:55:c5:00,2024-01-28T18:50:00Z,2024-01-28T18:55:00Z,21.99,58.37,407.38
72:a5:12:55:c5:00,2024-01-28T18:55:00Z,2024-01-28T19:00:00Z,23.25,43.84,344.14
72:a5:12:55:c5:00,2024-01-28T19:00:00Z,2024-01-28T19:05:00Z,26.07,54.13,462.36
72:a5:12:55:c5:00,2024-01-28T19:05:00Z,2024-01-28T19:10:00Z,23.96,51.92,568.48
72:a5:12:55:c5:00,2024-01-28T19:10:00Z,2024-01-28T19:15:00Z,24.75,57.73,153.46
72:a5:12:55:c5:00,2024-01-28T19:15:00Z,2024-01-28T19:20:00Z,24.96,40.96,381.66
72:a5:12:55:c5:00,2024-01-28T19:20:00Z,2024-01-28T19:25:00Z,22.35,59.69,489.15
72:a5:12:55:c5:00,2024-01-28T19:25:00Z,2024-01-28T19:30:00Z,21.79,51.54,212.37
72:a5:12:55:c5:00,2024-01-28T19:30:00Z,2024-01-28T19:35:00Z,23.53,57.51,583.4
72:a5:12:55:c5:00,2024-01-28T19:35:00Z,2024-01-28T19:40:00Z,23.6,53.67,395.45
72:a5:12:55:c5:00,2024-01-28T19:40:00Z,2024-01-28T19:45:00Z,24.93,53.95,257.66
72:a5:12:55:c5:00,2024-01-28T19:45:00Z,2024-01-28T19:50:00Z,22.84,39.27,368.83
72:a5:12:55:c5:00,2024-01-28T19:50:00Z,2024-01-28T19:55:00Z,22.35,53.61,499.29
72:a5:12:55:c5:00,2024-01-28T19:55:00Z,2024-01-28T20:00:00Z,23.52,56.09,375.64
72:a5:12:55:c5:00,2024-01-28T20:00:00Z,2024-01-28T20:05:00Z,21.39,50.33,476.41
72:a5:12:55:c5:00,2024-01-28T20:05:00Z,2024-01-28T20:10:00Z,26.12,44.66,277.66
72:a5:12:55:c5:00,2024-01-28T20:10:00Z,2024-01-28T20:15:00Z,27.22,47.62,410.84
72:a5:12:55:c5:00,2024-01-28T20:15:00Z,2024-01-28T20:20:00Z,21.83,49.23,397.92
72:a5:12:55:c5:00,2024-01-28T20:20:00Z,2024-01-28T20:25:00Z,23.85,43.83,312.65
72:a5:12:55:c5:00,2024-01-28T20:25:00Z,2024-01-28T20:30:00Z,19.64,43.87,408.03
72:a5:12:55:c5:00,2024-01-28T20:30:00Z,2024-01-28T20:35:00Z,24.55,53.36,445.84
72:a5:12:55:c5:00,2024-01-28T20:35:00Z,2024-01-28T20:40:00Z,21.71,56.92,387.97
72:a5:12:55:c5:00,2024-01-28T20:40:00Z,2024-01-28T20:45:00Z,22.51,59.09,298.48
72:a5:12:55:c5:00,2024-01-28T20:45:00Z,2024-01-28T20:50:00Z,19.73,45.77,369.64
72:a5:12:55:c5:00,2024-01-28T20:50:00Z,2024-01-28T20:55:00Z,20.59,53.41,599.07
72:a5:12:55:c5:00,2024-01-28T20:55:00Z,2024-01-28T21:00:00Z,24.64,53.66,477.64
72:a5:12:55:c5:00,2024-01-28T21:00:00Z,2024-01-28T21:05:00Z,22.09,46.33,483.98
72:a5:12:55:c5:00,2024-01-28T21:05:00Z,2024-01-28T21:10:00Z,22.83,44.44,127.44
72:a5:12:55:c5:00,2024-01-28T21:10:00Z,2024-01-28T21:15:00Z,27.01,40.77,261.99
72:a5:12:55:c5:00,2024-01-28T21:15:00Z,2024-01-28T21:20:00Z,29.79,44.84,572.53
72:a5:12:55:c5:00,2024-01-28T21:20:00Z,2024-01-28T21:25:00Z,27.19,49.79,261.27
72:a5:12:55:c5:00,2024-01-28T21:25:00Z,2024-01-28T21:30:00Z,22.75,53.43,368.65
72:a5:12:55:c5:00,2024-01-28T21:30:00Z,2024-01-28T21:35:00Z,27.8,52.6,351.63
72:a5:12:55:c5:00,2024-01-28T21:35:00Z,2024-01-28T21:40:00Z,22.53,41.38,211.02
72:a5:12:55:c5:00,2024-01-28T21:40:00Z,2024-01-28T21:45:00Z,22.92,43.6,580.0
72:a5:12:55:c5:00,2024-01-28T21:45:00Z,2024-01-28T21:50:00Z,23.73,52.7,455.97
72:a5:12:55:c5:00,2024-01-28T21:50:00Z,2024-01-28T21:55:00Z,28.26,44.95,554.88
72:a5:12:55:c5:00,2024-01-28T21:55:00Z,2024-01-28T22:00:00Z,27.64,48.27,496.94
72:a5:12:55:c5:00,2024-01-28T22:00:00Z,2024-01-28T22:05:00Z,24.45,39.97,376.8
72:a5:12:55:c5:00,2024-01-28T22:05:00Z,2024-01-28T22:10:00Z,23.5,50.25,206.36
72:a5:12:55:c5:00,2024-01-28T22:10:00Z,2024-01-28T22:15:00Z,26.64,36.29,403.65
72:a5:12:55:c5:00,2024-01-28T22:15:00Z,2024-01-28T22:20:00Z,25.0,36.63,363.91
72:a5:12:55:c5:00,2024-01-28T22:20:00Z,2024-01-28T22:25:00Z,26.51,55.4,620.09
72:a5:12:55:c5:00,2024-01-28T22:25:00Z,2024-01-28T22:30:00Z,23.23,51.42,194.72
72:a5:12:55:c5:00,2024-01-28T22:30:00Z,2024-01-28T22:35:00Z,26.26,43.8,279.21
72:a5:12:55:c5:00,2024-01-28T22:35:00Z,2024-01-28T22:40:00Z,26.05,46.85,380.4
72:a5:12:55:c5:00,2024-01-28T22:40:00Z,2024-01-28T22:45:00Z,22.24,50.35,420.4
72:a5:12:55:c5:00,2024-01-28T22:45:00Z,2024-01-28T22:50:00Z,27.61,48.2,559.2
72:a5:12:55:c5:00,2024-01-28T22:50:00Z,2024-01-28T22:55:00Z,25.96,43.62,525.88
72:a5:12:55:c5:00,2024-01-28T22:55:00Z,2024-01-28T23:00:00Z,26.27,44.54,485.37
72:a5:12:55:c5:00,2024-01-28T23:00:00Z,2024-01-28T23:05:00Z,25.69,36.96,391.43
72:a5:12:55:c5:00,2024-01-28T23:05:00Z,2024-01-28T23:10:00Z,26.77,43.41,527.29
72:a5:12:55:c5:00,2024-01-28T23:10:00Z,2024-01-28T23:15:00Z,26.51,43.23,519.59
72:a5:12:55:c5:00,2024-01-28T23:15:00Z,2024-01-28T23:20:00Z,26.69,43.47,465.04
72:a5:12:55:c5:00,2024-01-28T23:20:00Z,2024-01-28T23:25:00Z,27.09,39.05,473.39
72:a5:12:55:c5:00,2024-01-28T23:25:00Z,2024-01-28T23:30:00Z,29.05,39.47,520.96
72:a5:12:55:c5:00,2024-01-28T23:30:00Z,2024-01-28T23:35:00Z,28.97,47.72,216.95
72:a5:12:55:c5:00,2024-01-28T23:35:00Z,2024-01-28T23:40:00Z,23.75,48.56,532.0
72:a5:12:55:c5:00,2024-01-28T23:40:00Z,2024-01-28T23:45:00Z,28.74,44.97,424.93
72:a5:12:55:c5:00,2024-01-28T23:45:00Z,2024-01-28T23:50:00Z,29.18,37.86,440.09
72:a5:12:55:c5:00,2024-01-28T23:50:00Z,2024-01-28T23:55:00Z,25.5,41.5,305.28
72:a5:12:55:c5:00,2024-01-28T23:55:00Z,2024-01-29T00:00:00Z,28.32,48.06,416.18
72:a5:12:55:c5:00,2024-01-29T00:00:00Z,2024-01-29T00:05:00Z,28.46,38.35,425.38
72:a5:12:55:c5:00,2024-01-29T00:05:00Z,2024-01-29T00:10:00Z,26.35,41.97,246.09
72:a5:12:55:c5:00,2024-01-29T00:10:00Z,2024-01-29T00:15:00Z,27.93,43.54,485.36
72:a5:12:55:c5:00,2024-01-29T00:15:00Z,2024-01-29T00:20:00Z,30.06,37.11,265.68
72:a5:12:55:c5:00,2024-01-29T00:20:00Z,2024-01-29T00:25:00Z,27.03,36.22,302.96
72:a5:12:55:c5:00,2024-01-29T00:25:00Z,2024-01-29T00:30:00Z,29.73,37.76,251.96
72:a5:12:55:c5:00,2024-01-29T00:30:00Z,2024-01-29T00:35:00Z,31.18,42.37,599.41
72:a5:12:55:c5:00,2024-01-29T00:35:00Z,2024-01-29T00:40:00Z,30.69,36.81,360.78
72:a5:12:55:c5:00,2024-01-29T00:40:00Z,2024-01-29T00:45:00Z,31.59,38.96,300.07
72:a5:12:55:c5:00,2024-01-29T00:45:00Z,2024-01-29T00:50:00Z,27.34,33.87,519.13
72:a5:12:55:c5:00,2024-01-29T00:50:00Z,2024-01-29T00:55:00Z,27.11,33.38,653.84
72:a5:12:55:c5:00,2024-01-29T00:55:00Z,2024-01-29T01:00:00Z,28.73,36.65,354.63
72:a5:12:55:c5:00,2024-01-29T01:00:00Z,2024-01-29T01:05:00Z,29.12,45.25,747.84
72:a5:12:55:c5:00,2024-01-29T01:05:00Z,2024-01-29T01:10:00Z,31.06,40.81,967.03
72:a5:12:55:c5:00,2024-01-29T01:10:00Z,2024-01-29T01:15:00Z,26.09,33.06,633.62
72:a5:12:55:c5:00,2024-01-29T01:15:00Z,2024-01-29T01:20:00Z,30.5,42.53,811.07
72:a5:12:55:c5:00,2024-01-29T01:20:00Z,2024-01-29T01:25:00Z,26.12,34.61,1224.65
72:a5:12:55:c5:00,2024-01-29T01:25:00Z,2024-01-29T01:30:00Z,28.05,39.09,930.71
72:a5:12:55:c5:00,2024-01-29T01:30:00Z,2024-01-29T01:35:00Z,30.44,45.01,914.64
72:a5:12:55:c5:00,2024-01-29T01:35:00Z,2024-01-29T01:40:00Z,29.36,43.25,908.81
72:a5:12:55:c5:00,2024-01-29T01:40:00Z,2024-01-29T01:45:00Z,29.81,38.58,801.91
72:a5:12:55:c5:00,2024-01-29T01:45:00Z,2024-01-29T01:50:00Z,28.99,39.69,980.04
72:a5:12:55:c5:00,2024-01-29T01:50:00Z,2024-01-29T01:55:00Z,30.32,36.12,1002.83
72:a5:12:55:c5:00,2024-01-29T01:55:00Z,2024-01-29T02:00:00Z,28.66,28.77,832.38
72:a5:12:55:c5:00,2024-01-29T02:00:00Z,2024-01-29T02:05:00Z,26.85,31.6,1064.65
72:a5:12:55:c5:00,2024-01-29T02:05:00Z,2024-01-29T02:10:00Z,30.64,28.06,1382.23
72:a5:12:55:c5:00,2024-01-29T02:10:00Z,2024-01-29T02:15:00Z,25.53,30.6,1631.6
72:a5:12:55:c5:00,2024-01-29T02:15:00Z,2024-01-29T02:20:00Z,28.1,40.74,1340.47
72:a5:12:55:c5:00,2024-01-29T02:20:00Z,2024-01-29T02:25:00Z,28.67,35.79,1197.52
72:a5:12:55:c5:00,2024-01-29T02:25:00Z,2024-01-29T02:30:00Z,28.19,34.09,1484.6
72:a5:12:55:c5:00,2024-01-29T02:30:00Z,2024-01-29T02:35:00Z,29.44,38.07,1604.55
72:a5:12:55:c5:00,2024-01-29T02:35:00Z,2024-01-29T02:40:00Z,30.0,26.45,1477.37
72:a5:12:55:c5:00,2024-01-29T02:40:00Z,2024-01-29T02:45:00Z,28.38,36.3,1663.55
72:a5:12:55:c5:00,2024-01-29T02:45:00Z,2024-01-29T02:50:00Z,34.28,35.94,1530.82
72:a5:12:55:c5:00,2024-01-29T02:50:00Z,2024-01-29T02:55:00Z,29.41,28.19,1542.1
72:a5:12:55:c5:00,2024-01-29T02:55:00Z,2024-01-29T03:00:00Z,26.14,35.38,1286.98
72:a5:12:55:c5:00,2024-01-29T03:00:00Z,2024-01-29T03:05:00Z,29.38,26.32,1817.95
72:a5:12:55:c5:00,2024-01-29T03:05:00Z,2024-01-29T03:10:00Z,28.88,22.66,1849.89
72:a5:12:55:c5:00,2024-01-29T03:10:00Z,2024-01-29T03:15:00Z,29.48,36.89,1846.85
72:a5:12:55:c5:00,2024-01-29T03:15:00Z,2024-01-29T03:20:00Z,31.83,28.4,1743.03
72:a5:12:55:c5:00,2024-01-29T03:20:00Z,2024-01-29T03:25:00Z,29.94,25.91,1877.98
72:a5:12:55:c5:00,2024-01-29T03:25:00Z,2024-01-29T03:30:00Z,28.04,35.46,1602.04
72:a5:12:55:c5:00,2024-01-29T03:30:00Z,2024-01-29T03:35:00Z,32.41,32.68,1940.48
72:a5:12:55:c5:00,2024-01-29T03:35:00Z,2024-01-29T03:40:00Z,34.33,34.32,1707.31
72:a5:12:55:c5:00,2024-01-29T03:40:00Z,2024-01-29T03:45:00Z,33.27,30.45,1701.11
72:a5:12:55:c5:00,2024-01-29T03:45:00Z,2024-01-29T03:50:00Z,26.88,32.99,1827.84
72:a5:12:55:c5:00,2024-01-29T03:50:00Z,2024-01-29T03:55:00Z,28.73,35.03,1833.88
72:a5:12:55:c5:00,2024-01-29T03:55:00Z,2024-01-29T04:00:00Z,30.47,34.24,1590.4
72:a5:12:55:c5:00,2024-01-29T04:00:00Z,2024-01-29T04:05:00Z,30.79,26.36,2224.11
72:a5:12:55:c5:00,2024-01-29T04:05:00Z,2024-01-29T04:10:00Z,30.91,29.78,1873.68
72:a5:12:55:c5:00,2024-01-29T04:10:00Z,2024-01-29T04:15:00Z,29.83,32.78,2262.57
72:a5:12:55:c5:00,2024-01-29T04:15:00Z,2024-01-29T04:20:00Z,29.42,35.18,1841.57
72:a5:12:55:c5:00,2024-01-29T04:20:00Z,2024-01-29T04:25:00Z,35.74,30.26,2310.26
72:a5:12:55:c5:00,2024-01-29T04:25:00Z,2024-01-29T04:30:00Z,32.59,29.54,2169.23
72:a5:12:55:c5:00,2024-01-29T04:30:00Z,2024-01-29T04:35:00Z,33.48,31.6,2189.43
72:a5:12:55:c5:00,2024-01-29T04:35:00Z,2024-01-29T04:40:00Z,32.35,32.95,1846.42
72:a5:12:55:c5:00,2024-01-29T04:40:00Z,2024-01-29T04:45:00Z,33.11,23.98,2211.78
72:a5:12:55:c5:00,2024-01-29T04:45:00Z,2024-01-29T04:50:00Z,31.5,32.95,2090.41
72:a5:12:55:c5:00,2024-01-29T04:50:00Z,2024-01-29T04:55:00Z,30.34,19.08,1966.31
72:a5:12:55:c5:00,2024-01-29T04:55:00Z,2024-01-29T05:00:00Z,29.29,27.7,2116.52
72:a5:12:55:c5:00,2024-01-29T05:00:00Z,2024-01-29T05:05:00Z,33.4,32.54,2215.92
72:a5:12:55:c5:00,2024-01-29T05:05:00Z,2024-01-29T05:10:00Z,33.74,25.89,2400.02
72:a5:12:55:c5:00,2024-01-29T05:10:00Z,2024-01-29T05:15:00Z,35.23,27.05,2337.84
72:a5:12:55:c5:00,2024-01-29T05:15:00Z,2024-01-29T05:20:00Z,33.73,25.16,2340.52
72:a5:12:55:c5:00,2024-01-29T05:20:00Z,2024-01-29T05:25:00Z,31.1,23.74,2424.11
72:a5:12:55:c5:00,2024-01-29T05:25:00Z,2024-01-29T05:30:00Z,35.26,33.99,2263.39
72:a5:12:55:c5:00,2024-01-29T05:30:00Z,2024-01-29T05:35:00Z,34.2,22.46,2461.55
72:a5:12:55:c5:00,2024-01-29T05:35:00Z,2024-01-29T05:40:00Z,34.56,26.07,2298.62
72:a5:12:55:c5:00,2024-01-29T05:40:00Z,2024-01-29T05:45:00Z,37.5,25.71,2141.61
72:a5:12:55:c5:00,2024-01-29T05:45:00Z,2024-01-29T05:50:00Z,38.02,22.06,2273.72
72:a5:12:55:c5:00,2024-01-29T05:50:00Z,2024-01-29T05:55:00Z,33.29,31.75,2443.59
72:a5:12:55:c5:00,2024-01-29T05:55:00Z,2024-01-29T06:00:00Z,33.89,24.7,2542.96
72:a5:12:55:c5:00,2024-01-29T06:00:00Z,2024-01-29T06:05:00Z,34.62,31.09,2594.43
72:a5:12:55:c5:00,2024-01-29T06:05:00Z,2024-01-29T06:10:00Z,32.19,23.81,2549.66
72:a5:12:55:c5:00,2024-01-29T06:10:00Z,2024-01-29T06:15:00Z,30.89,26.75,2419.93
72:a5:12:55:c5:00,2024-01-29T06:15:00Z,2024-01-29T06:20:00Z,34.55,26.84,2340.58
72:a5:12:55:c5:00,2024-01-29T06:20:00Z,2024-01-29T06:25:00Z,30.91,34.54,2364.14
72:a5:12:55:c5:00,2024-01-29T06:25:00Z,2024-01-29T06:30:00Z,33.75,28.85,2464.0
72:a5:12:55:c5:00,2024-01-29T06:30:00Z,2024-01-29T06:35:00Z,32.45,34.62,2499.44
72:a5:12:55:c5:00,2024-01-29T06:35:00Z,2024-01-29T06:40:00Z,31.01,31.46,2346.93
72:a5:12:55:c5:00,2024-01-29T06:40:00Z,2024-01-29T06:45:00Z,33.7,28.96,2306.23
72:a5:12:55:c5:00,2024-01-29T06:45:00Z,2024-01-29T06:50:00Z,35.6,25.68,2377.21
72:a5:12:55:c5:00,2024-01-29T06:50:00Z,2024-01-29T06:55:00Z,33.54,30.63,2533.06
72:a5:12:55:c5:00,2024-01-29T06:55:00Z,2024-01-29T07:00:00Z,34.17,29.01,2375.59
72:a5:12:55:c5:00,2024-01-29T07:00:00Z,2024-01-29T07:05:00Z,33.65,20.68,2337.19
72:a5:12:55:c5:00,2024-01-29T07:05:00Z,2024-01-29T07:10:00Z,33.41,25.95,2404.73
72:a5:12:55:c5:00,2024-01-29T07:10:00Z,2024-01-29T07:15:00Z,32.45,30.86,2519.95
72:a5:12:55:c5:00,2024-01-29T07:15:00Z,2024-01-29T07:20:00Z,33.2,21.79,2136.5
72:a5:12:55:c5:00,2024-01-29T07:20:00Z,2024-01-29T07:25:00Z,30.43,25.46,2247.6
72:a5:12:55:c5:00,2024-01-29T07:25:00Z,2024-01-29T07:30:00Z,30.32,27.27,2386.85
72:a5:12:55:c5:00,2024-01-29T07:30:00Z,2024-01-29T07:35:00Z,32.04,33.38,2354.25
72:a5:12:55:c5:00,2024-01-29T07:35:00Z,2024-01-29T07:40:00Z,33.54,35.15,2377.9
72:a5:12:55:c5:00,2024-01-29T07:40:00Z,2024-01-29T07:45:00Z,33.26,24.75,2464.04
72:a5:12:55:c5:00,2024-01-29T07:45:00Z,2024-01-29T07:50:00Z,31.94,29.54,2309.99
72:a5:12:55:c5:00,2024-01-29T07:50:00Z,2024-01-29T07:55:00Z,34.47,31.85,2083.5
72:a5:12:55:c5:00,2024-01-29T07:55:00Z,2024-01-29T08:00:00Z,33.13,32.28,2448.08
72:a5:12:55:c5:00,2024-01-29T08:00:00Z,2024-01-29T08:05:00Z,31.67,31.28,2190.22
72:a5:12:55:c5:00,2024-01-29T08:05:00Z,2024-01-29T08:10:00Z,30.79,28.76,2090.34
72:a5:12:55:c5:00,2024-01-29T08:10:00Z,2024-01-29T08:15:00Z,31.17,28.34,2230.99
72:a5:12:55:c5:00,2024-01-29T08:15:00Z,2024-01-29T08:20:00Z,29.38,28.58,2176.32
72:a5:12:55:c5:00,2024-01-29T08:20:00Z,2024-01-29T08:25:00Z,31.55,40.62,2187.83
72:a5:12:55:c5:00,2024-01-29T08:25:00Z,2024-01-29T08:30:00Z,32.4,27.41,2389.3
72:a5:12:55:c5:00,2024-01-29T08:30:00Z,2024-01-29T08:35:00Z,32.39,30.52,2294.66
72:a5:12:55:c5:00,2024-01-29T08:35:00Z,2024-01-29T08:40:00Z,32.51,27.62,2401.75
72:a5:12:55:c5:00,2024-01-29T08:40:00Z,2024-01-29T08:45:00Z,33.97,36.59,2346.19
72:a5:12:55:c5:00,2024-01-29T08:45:00Z,2024-01-29T08:50:00Z,34.12,23.39,2124.25
72:a5:12:55:c5:00,2024-01-29T08:50:00Z,2024-01-29T08:55:00Z,31.89,32.67,2005.81
72:a5:12:55:c5:00,2024-01-29T08:55:00Z,2024-01-29T09:00:00Z,35.62,29.31,2288.09
72:a5:12:55:c5:00,2024-01-29T09:00:00Z,2024-01-29T09:05:00Z,27.67,27.63,1689.01
72:a5:12:55:c5:00,2024-01-29T09:05:00Z,2024-01-29T09:10:00Z,34.82,31.93,1735.61
72:a5:12:55:c5:00,2024-01-29T09:10:00Z,2024-01-29T09:15:00Z,32.64,27.69,1657.91
72:a5:12:55:c5:00,2024-01-29T09:15:00Z,2024-01-29T09:20:00Z,32.41,32.31,1902.96
72:a5:12:55:c5:00,2024-01-29T09:20:00Z,2024-01-29T09:25:00Z,30.71,32.3,1601.96
72:a5:12:55:c5:00,2024-01-29T09:25:00Z,2024-01-29T09:30:00Z,31.58,36.76,1767.51
72:a5:12:55:c5:00,2024-01-29T09:30:00Z,2024-01-29T09:35:00Z,33.21,26.6,1801.52
72:a5:12:55:c5:00,2024-01-29T09:35:00Z,2024-01-29T09:40:00Z,32.65,35.57,1747.35
72:a5:12:55:c5:00,2024-01-29T09:40:00Z,2024-01-29T09:45:00Z,30.93,25.24,1692.59
72:a5:12:55:c5:00,2024-01-29T09:45:00Z,2024-01-29T09:50:00Z,30.26,19.78,1643.61
72:a5:12:55:c5:00,2024-01-29T09:50:00Z,2024-01-29T09:55:00Z,29.67,30.32,1705.2
72:a5:12:55:c5:00,2024-01-29T09:55:00Z,2024-01-29T10:00:00Z,32.01,31.08,2004.72
72:a5:12:55:c5:00,2024-01-29T10:00:00Z,2024-01-29T10:05:00Z,32.07,34.58,1464.17
72:a5:12:55:c5:00,2024-01-29T10:05:00Z,2024-01-29T10:10:00Z,29.71,28.65,1339.89
72:a5:12:55:c5:00,2024-01-29T10:10:00Z,2024-01-29T10:15:00Z,33.8,23.46,1309.24
72:a5:12:55:c5:00,2024-01-29T10:15:00Z,2024-01-29T10:20:00Z,30.95,36.24,1473.07
72:a5:12:55:c5:00,2024-01-29T10:20:00Z,2024-01-29T10:25:00Z,30.91,43.06,1142.86
72:a5:12:55:c5:00,2024-01-29T10:25:00Z,2024-01-29T10:30:00Z,32.41,33.65,1049.26
72:a5:12:55:c5:00,2024-01-29T10:30:00Z,2024-01-29T10:35:00Z,33.3,36.62,1376.02
72:a5:12:55:c5:00,2024-01-29T10:35:00Z,2024-01-29T10:40:00Z,27.56,35.55,1312.86
72:a5:12:55:c5:00,2024-01-29T10:40:00Z,2024-01-29T10:45:00Z,28.22,44.08,1610.33
72:a5:12:55:c5:00,2024-01-29T10:45:00Z,2024-01-29T10:50:00Z,29.93,35.4,1463.43
72:a5:12:55:c5:00,2024-01-29T10:50:00Z,2024-01-29T10:55:00Z,36.88,31.52,1559.64
72:a5:12:55:c5:00,2024-01-29T10:55:00Z,2024-01-29T11:00:00Z,30.58,34.55,1359.77
72:a5:12:55:c5:00,2024-01-29T11:00:00Z,2024-01-29T11:05:00Z,29.44,39.26,1052.08
72:a5:12:55:c5:00,2024-01-29T11:05:00Z,2024-01-29T11:10:00Z,31.78,31.3,803.74
72:a5:12:55:c5:00,2024-01-29T11:10:00Z,2024-01-29T11:15:00Z,32.57,40.19,1022.08
72:a5:12:55:c5:00,2024-01-29T11:15:00Z,2024-01-29T11:20:00Z,29.68,31.99,892.48
72:a5:12:55:c5:00,2024-01-29T11:20:00Z,2024-01-29T11:25:00Z,29.32,26.56,1022.3
72:a5:12:55:c5:00,2024-01-29T11:25:00Z,2024-01-29T11:30:00Z,27.65,39.2,785.19
72:a5:12:55:c5:00,2024-01-29T11:30:00Z,2024-01-29T11:35:00Z,27.44,33.56,849.17
72:a5:12:55:c5:00,2024-01-29T11:35:00Z,2024-01-29T11:40:00Z,31.14,37.1,887.99
72:a5:12:55:c5:00,2024-01-29T11:40:00Z,2024-01-29T11:45:00Z,29.08,34.5,1092.3
72:a5:12:55:c5:00,2024-01-29T11:45:00Z,2024-01-29T11:50:00Z,26.5,35.05,722.01
72:a5:12:55:c5:00,2024-01-29T11:50:00Z,2024-01-29T11:55:00Z,27.02,40.84,848.86
72:a5:12:55:c5:00,2024-01-29T11:55:00Z,2024-01-29T12:00:00Z,26.74,39.2,1019.96
72:a5:12:55:c5:00,2024-01-29T12:00:00Z,2024-01-29T12:05:00Z,27.36,37.11,268.4
72:a5:12:55:c5:00,2024-01-29T12:05:00Z,2024-01-29T12:10:00Z,29.14,33.67,424.07
72:a5:12:55:c5:00,2024-01-29T12:10:00Z,2024-01-29T12:15:00Z,27.72,39.81,252.47
72:a5:12:55:c5:00,2024-01-29T12:15:00Z,2024-01-29T12:20:00Z,29.15,41.1,240.8
72:a5:12:55:c5:00,2024-01-29T12:20:00Z,2024-01-29T12:25:00Z,26.65,37.6,351.12
72:a5:12:55:c5:00,2024-01-29T12:25:00Z,2024-01-29T12:30:00Z,29.86,35.35,314.51
72:a5:12:55:c5:00,2024-01-29T12:30:00Z,2024-01-29T12:35:00Z,32.8,38.52,339.05
72:a5:12:55:c5:00,2024-01-29T12:35:00Z,2024-01-29T12:40:00Z,27.36,41.04,370.17
72:a5:12:55:c5:00,2024-01-29T12:40:00Z,2024-01-29T12:45:00Z,29.85,42.75,301.78
72:a5:12:55:c5:00,2024-01-29T12:45:00Z,2024-01-29T12:50:00Z,27.57,41.09,632.89
72:a5:12:55:c5:00,2024-01-29T12:50:00Z,2024-01-29T12:55:00Z,28.14,39.66,408.06
72:a5:12:55:c5:00,2024-01-29T12:55:00Z,2024-01-29T13:00:00Z,28.51,40.44,553.63
72:a5:12:55:c5:00,2024-01-29T13:00:00Z,2024-01-29T13:05:00Z,26.67,42.93,206.4
72:a5:12:55:c5:00,2024-01-29T13:05:00Z,2024-01-29T13:10:00Z,26.34,48.48,404.04
72:a5:12:55:c5:00,2024-01-29T13:10:00Z,2024-01-29T13:15:00Z,29.67,46.31,519.56
72:a5:12:55:c5:00,2024-01-29T13:15:00Z,2024-01-29T13:20:00Z,27.38,49.21,428.16
72:a5:12:55:c5:00,2024-01-29T13:20:00Z,2024-01-29T13:25:00Z,26.49,44.32,282.67
72:a5:12:55:c5:00,2024-01-29T13:25:00Z,2024-01-29T13:30:00Z,31.3,42.3,82.43
72:a5:12:55:c5:00,2024-01-29T13:30:00Z,2024-01-29T13:35:00Z,26.21,44.38,379.15
72:a5:12:55:c5:00,2024-01-29T13:35:00Z,2024-01-29T13:40:00Z,28.53,46.24,603.16
72:a5:12:55:c5:00,2024-01-29T13:40:00Z,2024-01-29T13:45:00Z,26.91,40.76,397.29
72:a5:12:55:c5:00,2024-01-29T13:45:00Z,2024-01-29T13:50:00Z,26.89,45.23,303.49
72:a5:12:55:c5:00,2024-01-29T13:50:00Z,2024-01-29T13:55:00Z,27.61,38.12,281.17
72:a5:12:55:c5:00,2024-01-29T13:55:00Z,2024-01-29T14:00:00Z,23.91,43.15,426.67
72:a5:12:55:c5:00,2024-01-29T14:00:00Z,2024-01-29T14:05:00Z,25.47,37.6,282.77
72:a5:12:55:c5:00,2024-01-29T14:05:00Z,2024-01-29T14:10:00Z,21.64,51.83,416.28
72:a5:12:55:c5:00,2024-01-29T14:10:00Z,2024-01-29T14:15:00Z,23.54,36.61,641.39
72:a5:12:55:c5:00,2024-01-29T14:15:00Z,2024-01-29T14:20:00Z,29.62,46.56,129.24
72:a5:12:55:c5:00,2024-01-29T14:20:00Z,2024-01-29T14:25:00Z,23.54,42.85,539.43
72:a5:12:55:c5:00,2024-01-29T14:25:00Z,2024-01-29T14:30:00Z,20.99,44.64,556.26
72:a5:12:55:c5:00,2024-01-29T14:30:00Z,2024-01-29T14:35:00Z,24.01,47.17,489.7
72:a5:12:55:c5:00,2024-01-29T14:35:00Z,2024-01-29T14:40:00Z,28.4,44.73,382.15
72:a5:12:55:c5:00,2024-01-29T14:40:00Z,2024-01-29T14:45:00Z,22.04,44.69,242.79
72:a5:12:55:c5:00,2024-01-29T14:45:00Z,2024-01-29T14:50:00Z,23.58,40.81,320.6
72:a5:12:55:c5:00,2024-01-29T14:50:00Z,2024-01-29T14:55:00Z,22.48,40.44,72.87
72:a5:12:55:c5:00,2024-01-29T14:55:00Z,2024-01-29T15:00:00Z,25.75,44.48,460.11
72:a5:12:55:c5:00,2024-01-29T15:00:00Z,2024-01-29T15:05:00Z,23.17,47.24,334.87
72:a5:12:55:c5:00,2024-01-29T15:05:00Z,2024-01-29T15:10:00Z,22.69,48.25,334.75
72:a5:12:55:c5:00,2024-01-29T15:10:00Z,2024-01-29T15:15:00Z,28.19,48.35,479.64
72:a5:12:55:c5:00,2024-01-29T15:15:00Z,2024-01-29T15:20:00Z,21.83,47.08,318.37
72:a5:12:55:c5:00,2024-01-29T15:20:00Z,2024-01-29T15:25:00Z,26.29,46.95,280.26
72:a5:12:55:c5:00,2024-01-29T15:25:00Z,2024-01-29T15:30:00Z,25.55,45.07,604.42
72:a5:12:55:c5:00,2024-01-29T15:30:00Z,2024-01-29T15:35:00Z,22.26,57.48,506.42
72:a5:12:55:c5:00,2024-01-29T15:35:00Z,2024-01-29T15:40:00Z,24.8,59.37,573.76
72:a5:12:55:c5:00,2024-01-29T15:40:00Z,2024-01-29T15:45:00Z,22.54,46.05,439.63
72:a5:12:55:c5:00,2024-01-29T15:45:00Z,2024-01-29T15:50:00Z,24.6,51.53,467.16
72:a5:12:55:c5:00,2024-01-29T15:50:00Z,2024-01-29T15:55:00Z,24.32,50.54,310.72
72:a5:12:55:c5:00,2024-01-29T15:55:00Z,2024-01-29T16:00:00Z,21.22,56.5,499.82
72:a5:12:55:c5:00,2024-01-29T16:00:00Z,2024-01-29T16:05:00Z,26.96,53.57,287.29
72:a5:12:55:c5:00,2024-01-29T16:05:00Z,2024-01-29T16:10:00Z,27.95,53.32,267.98
72:a5:12:55:c5:00,2024-01-29T16:10:00Z,2024-01-29T16:15:00Z,23.12,41.23,412.18
72:a5:12:55:c5:00,2024-01-29T16:15:00Z,2024-01-29T16:20:00Z,22.04,49.84,392.47
72:a5:12:55:c5:00,2024-01-29T16:20:00Z,2024-01-29T16:25:00Z,26.37,51.23,623.31
72:a5:12:55:c5:00,2024-01-29T16:25:00Z,2024-01-29T16:30:00Z,28.48,50.75,376.12
72:a5:12:55:c5:00,2024-01-29T16:30:00Z,2024-01-29T16:35:00Z,23.22,45.52,575.49
72:a5:12:55:c5:00,2024-01-29T16:35:00Z,2024-01-29T16:40:00Z,23.18,47.43,653.8
72:a5:12:55:c5:00,2024-01-29T16:40:00Z,2024-01-29T16:45:00Z,22.18,51.57,355.38
72:a5:12:55:c5:00,2024-01-29T16:45:00Z,2024-01-29T16:50:00Z,20.2,48.12,417.19
72:a5:12:55:c5:00,2024-01-29T16:50:00Z,2024-01-29T16:55:00Z,23.59,51.52,286.26
72:a5:12:55:c5:00,2024-01-29T16:55:00Z,2024-01-29T17:00:00Z,26.46,55.53,298.21
72:a5:12:55:c5:00,2024-01-29T17:00:00Z,2024-01-29T17:05:00Z,22.38,53.91,438.74
72:a5:12:55:c5:00,2024-01-29T17:05:00Z,2024-01-29T17:10:00Z,21.57,58.89,394.51
72:a5:12:55:c5:00,2024-01-29T17:10:00Z,2024-01-29T17:15:00Z,23.28,41.25,456.8
72:a5:12:55:c5:00,2024-01-29T17:15:00Z,2024-01-29T17:20:00Z,22.47,46.61,104.82
72:a5:12:55:c5:00,2024-01-29T17:20:00Z,2024-01-29T17:25:00Z,22.72,57.05,414.89
72:a5:12:55:c5:00,2024-01-29T17:25:00Z,2024-01-29T17:30:00Z,20.4,48.73,558.79
72:a5:12:55:c5:00,2024-01-29T17:30:00Z,2024-01-29T17:35:00Z,20.42,57.14,242.92
72:a5:12:55:c5:00,2024-01-29T17:35:00Z,2024-01-29T17:40:00Z,24.87,48.22,425.22
72:a5:12:55:c5:00,2024-01-29T17:40:00Z,2024-01-29T17:45:00Z,24.88,49.4,557.08
72:a5:12:55:c5:00,2024-01-29T17:45:00Z,2024-01-29T17:50:00Z,22.09,53.94,641.73
72:a5:12:55:c5:00,2024-01-29T17:50:00Z,2024-01-29T17:55:00Z,22.89,50.99,329.23
72:a5:12:55:c5:00,2024-01-29T17:55:00Z,2024-01-29T18:00:00Z,22.64,53.74,475.63
72:a5:12:55:c5:00,2024-01-29T18:00:00Z,2024-01-29T18:05:00Z,21.24,50.95,526.25
72:a5:12:55:c5:00,2024-01-29T18:05:00Z,2024-01-29T18:10:00Z,26.15,48.81,401.8
72:a5:12:55:c5:00,2024-01-29T18:10:00Z,2024-01-29T18:15:00Z,25.05,50.22,714.34
72:a5:12:55:c5:00,2024-01-29T18:15:00Z,2024-01-29T18:20:00Z,21.19,52.04,383.92
72:a5:12:55:c5:00,2024-01-29T18:20:00Z,2024-01-29T18:25:00Z,22.69,51.65,529.22
72:a5:12:55:c5:00,2024-01-29T18:25:00Z,2024-01-29T18:30:00Z,23.55,55.83,426.45
72:a5:12:55:c5:00,2024-01-29T18:30:00Z,2024-01-29T18:35:00Z,24.07,50.8,369.23
72:a5:12:55:c5:00,2024-01-29T18:35:00Z,2024-01-29T18:40:00Z,20.79,53.16,474.15
72:a5:12:55:c5:00,2024-01-29T18:40:00Z,2024-01-29T18:45:00Z,24.34,51.52,322.55
72:a5:12:55:c5:00,2024-01-29T18:45:00Z,2024-01-29T18:50:00Z,22.56,49.0,276.44
72:a5:12:55:c5:00,2024-01-29T18:50:00Z,2024-01-29T18:55:00Z,22.42,52.76,398.19
72:a5:12:55:c5:00,2024-01-29T18:55:00Z,2024-01-29T19:00:00Z,23.35,53.92,649.24
72:a5:12:55:c5:00,2024-01-29T19:00:00Z,2024-01-29T19:05:00Z,25.34,52.31,128.57
72:a5:12:55:c5:00,2024-01-29T19:05:00Z,2024-01-29T19:10:00Z,24.18,50.18,750.68
72:a5:12:55:c5:00,2024-01-29T19:10:00Z,2024-01-29T19:15:00Z,22.3,42.58,354.62
72:a5:12:55:c5:00,2024-01-29T19:15:00Z,2024-01-29T19:20:00Z,23.02,50.1,632.84
72:a5:12:55:c5:00,2024-01-29T19:20:00Z,2024-01-29T19:25:00Z,25.89,52.13,510.75
72:a5:12:55:c5:00,2024-01-29T19:25:00Z,2024-01-29T19:30:00Z,20.18,55.84,702.47
72:a5:12:55:c5:00,2024-01-29T19:30:00Z,2024-01-29T19:35:00Z,22.35,50.93,343.03
72:a5:12:55:c5:00,2024-01-29T19:35:00Z,2024-01-29T19:40:00Z,25.93,54.46,406.76
72:a5:12:55:c5:00,2024-01-29T19:40:00Z,2024-01-29T19:45:00Z,23.71,49.37,362.86
72:a5:12:55:c5:00,2024-01-29T19:45:00Z,2024-01-29T19:50:00Z,23.43,50.18,391.72
72:a5:12:55:c5:00,2024-01-29T19:50:00Z,2024-01-29T19:55:00Z,24.91,50.34,659.81
72:a5:12:55:c5:00,2024-01-29T19:55:00Z,2024-01-29T20:00:00Z,25.04,47.0,382.09
72:a5:12:55:c5:00,2024-01-29T20:00:00Z,2024-01-29T20:05:00Z,23.29,51.94,185.41
72:a5:12:55:c5:00,2024-01-29T20:05:00Z,2024-01-29T20:10:00Z,23.89,50.77,309.23
72:a5:12:55:c5:00,2024-01-29T20:10:00Z,2024-01-29T20:15:00Z,24.62,54.72,307.8
72:a5:12:55:c5:00,2024-01-29T20:15:00Z,2024-01-29T20:20:00Z,26.7,48.51,423.92
72:a5:12:55:c5:00,2024-01-29T20:20:00Z,2024-01-29T20:25:00Z,23.11,50.09,567.57
72:a5:12:55:c5:00,2024-01-29T20:25:00Z,2024-01-29T20:30:00Z,23.4,54.17,340.28
72:a5:12:55:c5:00,2024-01-29T20:30:00Z,2024-01-29T20:35:00Z,23.66,49.7,354.0
72:a5:12:55:c5:00,2024-01-29T20:35:00Z,2024-01-29T20:40:00Z,28.02,55.6,392.46
72:a5:12:55:c5:00,2024-01-29T20:40:00Z,2024-01-29T20:45:00Z,25.95,57.27,481.1
72:a5:12:55:c5:00,2024-01-29T20:45:00Z,2024-01-29T20:50:00Z,24.55,53.83,447.1
72:a5:12:55:c5:00,2024-01-29T20:50:00Z,2024-01-29T20:55:00Z,22.03,49.99,578.99
72:a5:12:55:c5:00,2024-01-29T20:55:00Z,2024-01-29T21:00:00Z,23.58,58.05,692.61
72:a5:12:55:c5:00,2024-01-29T21:00:00Z,2024-01-29T21:05:00Z,23.91,55.58,270.44
72:a5:12:55:c5:00,2024-01-29T21:05:00Z,2024-01-29T21:10:00Z,27.81,49.79,541.3
72:a5:12:55:c5:00,2024-01-29T21:10:00Z,2024-01-29T21:15:00Z,23.49,50.22,133.15
72:a5:12:55:c5:00,2024-01-29T21:15:00Z,2024-01-29T21:20:00Z,26.68,55.43,406.05
72:a5:12:55:c5:00,2024-01-29T21:20:00Z,2024-01-29T21:25:00Z,22.12,43.96,421.64
72:a5:12:55:c5:00,2024-01-29T21:25:00Z,2024-01-29T21:30:00Z,22.69,50.38,297.72
72:a5:12:55:c5:00,2024-01-29T21:30:00Z,2024-01-29T21:35:00Z,26.51,47.36,368.3
72:a5:12:55:c5:00,2024-01-29T21:35:00Z,2024-01-29T21:40:00Z,28.59,47.67,453.03
72:a5:12:55:c5:00,2024-01-29T21:40:00Z,2024-01-29T21:45:00Z,24.08,42.19,309.7
72:a5:12:55:c5:00,2024-01-29T21:45:00Z,2024-01-29T21:50:00Z,20.34,43.19,759.83
72:a5:12:55:c5:00,2024-01-29T21:50:00Z,2024-01-29T21:55:00Z,21.24,42.35,531.25
72:a5:12:55:c5:00,2024-01-29T21:55:00Z,2024-01-29T22:00:00Z,24.91,52.52,745.73
72:a5:12:55:c5:00,2024-01-29T22:00:00Z,2024-01-29T22:05:00Z,22.58,39.83,512.77
72:a5:12:55:c5:00,2024-01-29T22:05:00Z,2024-01-29T22:10:00Z,23.69,47.86,347.8
72:a5:12:55:c5:00,2024-01-29T22:10:00Z,2024-01-29T22:15:00Z,25.4,51.4,346.82
72:a5:12:55:c5:00,2024-01-29T22:15:00Z,2024-01-29T22:20:00Z,21.29,51.33,287.59
72:a5:12:55:c5:00,2024-01-29T22:20:00Z,2024-01-29T22:25:00Z,24.83,39.3,402.12
72:a5:12:55:c5:00,2024-01-29T22:25:00Z,2024-01-29T22:30:00Z,23.6,38.89,287.48
72:a5:12:55:c5:00,2024-01-29T22:30:00Z,2024-01-29T22:35:00Z,23.12,40.27,415.72
72:a5:12:55:c5:00,2024-01-29T22:35:00Z,2024-01-29T22:40:00Z,24.13,42.31,422.37
72:a5:12:55:c5:00,2024-01-29T22:40:00Z,2024-01-29T22:45:00Z,22.78,41.63,431.93
72:a5:12:55:c5:00,2024-01-29T22:45:00Z,2024-01-29T22:50:00Z,25.63,45.8,443.1
72:a5:12:55:c5:00,2024-01-29T22:50:00Z,2024-01-29T22:55:00Z,27.98,47.91,341.13
72:a5:12:55:c5:00,2024-01-29T22:55:00Z,2024-01-29T23:00:00Z,24.67,50.13,459.9
72:a5:12:55:c5:00,2024-01-29T23:00:00Z,2024-01-29T23:05:00Z,25.57,41.32,436.12
72:a5:12:55:c5:00,2024-01-29T23:05:00Z,2024-01-29T23:10:00Z,25.87,42.5,534.05
72:a5:12:55:c5:00,2024-01-29T23:10:00Z,2024-01-29T23:15:00Z,26.04,39.47,249.24
72:a5:12:55:c5:00,2024-01-29T23:15:00Z,2024-01-29T23:20:00Z,23.33,40.53,515.26
72:a5:12:55:c5:00,2024-01-29T23:20:00Z,2024-01-29T23:25:00Z,22.22,44.66,365.75
72:a5:12:55:c5:00,2024-01-29T23:25:00Z,2024-01-29T23:30:00Z,24.25,45.13,350.87
72:a5:12:55:c5:00,2024-01-29T23:30:00Z,2024-01-29T23:35:00Z,29.74,41.97,388.72
72:a5:12:55:c5:00,2024-01-29T23:35:00Z,2024-01-29T23:40:00Z,25.51,36.95,481.15
72:a5:12:55:c5:00,2024-01-29T23:40:00Z,2024-01-29T23:45:00Z,21.17,49.62,501.4
72:a5:12:55:c5:00,2024-01-29T23:45:00Z,2024-01-29T23:50:00Z,26.3,37.76,133.66
72:a5:12:55:c5:00,2024-01-29T23:50:00Z,2024-01-29T23:55:00Z,22.62,47.43,556.16
72:a5:12:55:c5:00,2024-01-29T23:55:00Z,2024-01-30T00:00:00Z,26.49,37.98,338.99
72:a5:12:55:c5:00,2024-01-30T00:00:00Z,2024-01-30T00:05:00Z,28.16,37.44,482.03
72:a5:12:55:c5:00,2024-01-30T00:05:00Z,2024-01-30T00:10:00Z,28.57,41.07,206.74
72:a5:12:55:c5:00,2024-01-30T00:10:00Z,2024-01-30T00:15:00Z,29.23,39.4,648.87
72:a5:12:55:c5:00,2024-01-30T00:15:00Z,2024-01-30T00:20:00Z,27.83,52.33,236.72
72:a5:12:55:c5:00,2024-01-30T00:20:00Z,2024-01-30T00:25:00Z,25.05,39.58,549.07
72:a5:12:55:c5:00,2024-01-30T00:25:00Z,2024-01-30T00:30:00Z,27.32,47.54,351.77
72:a5:12:55:c5:00,2024-01-30T00:30:00Z,2024-01-30T00:35:00Z,29.7,43.6,247.03
72:a5:12:55:c5:00,2024-01-30T00:35:00Z,2024-01-30T00:40:00Z,31.27,37.88,480.2
72:a5:12:55:c5:00,2024-01-30T00:40:00Z,2024-01-30T00:45:00Z,27.92,42.54,516.67
72:a5:12:55:c5:00,2024-01-30T00:45:00Z,2024-01-30T00:50:00Z,27.89,39.71,288.81
72:a5:12:55:c5:00,2024-01-30T00:50:00Z,2024-01-30T00:55:00Z,28.21,46.22,432.92
72:a5:12:55:c5:00,2024-01-30T00:55:00Z,2024-01-30T01:00:00Z,30.72,47.75,294.88
72:a5:12:55:c5:00,2024-01-30T01:00:00Z,2024-01-30T01:05:00Z,28.85,35.73,995.81
72:a5:12:55:c5:00,2024-01-30T01:05:00Z,2024-01-30T01:10:00Z,30.89,32.53,1030.31
72:a5:12:55:c5:00,2024-01-30T01:10:00Z,2024-01-30T01:15:00Z,27.99,42.13,880.87
72:a5:12:55:c5:00,2024-01-30T01:15:00Z,2024-01-30T01:20:00Z,30.18,42.98,976.99
72:a5:12:55:c5:00,2024-01-30T01:20:00Z,2024-01-30T01:25:00Z,32.21,32.07,1018.28
72:a5:12:55:c5:00,2024-01-30T01:25:00Z,2024-01-30T01:30:00Z,26.85,37.13,1011.84
72:a5:12:55:c5:00,2024-01-30T01:30:00Z,2024-01-30T01:35:00Z,28.01,38.75,867.79
72:a5:12:55:c5:00,2024-01-30T01:35:00Z,2024-01-30T01:40:00Z,30.65,36.1,994.63
72:a5:12:55:c5:00,2024-01-30T01:40:00Z,2024-01-30T01:45:00Z,30.68,33.04,1041.12
72:a5:12:55:c5:00,2024-01-30T01:45:00Z,2024-01-30T01:50:00Z,29.9,38.36,1061.92
72:a5:12:55:c5:00,2024-01-30T01:50:00Z,2024-01-30T01:55:00Z,30.88,40.05,684.26
72:a5:12:55:c5:00,2024-01-30T01:55:00Z,2024-01-30T02:00:00Z,28.49,37.86,632.54
72:a5:12:55:c5:00,2024-01-30T02:00:00Z,2024-01-30T02:05:00Z,34.08,31.96,1595.36
72:a5:12:55:c5:00,2024-01-30T02:05:00Z,2024-01-30T02:10:00Z,30.22,32.67,1364.46
72:a5:12:55:c5:00,2024-01-30T02:10:00Z,2024-01-30T02:15:00Z,24.87,29.96,1247.4
72:a5:12:55:c5:00,2024-01-30T02:15:00Z,2024-01-30T02:20:00Z,30.07,32.32,1375.65
72:a5:12:55:c5:00,2024-01-30T02:20:00Z,2024-01-30T02:25:00Z,29.62,36.04,1177.29
72:a5:12:55:c5:00,2024-01-30T02:25:00Z,2024-01-30T02:30:00Z,32.27,28.2,1401.22
72:a5:12:55:c5:00,2024-01-30T02:30:00Z,2024-01-30T02:35:00Z,29.65,33.26,1296.83
72:a5:12:55:c5:00,2024-01-30T02:35:00Z,2024-01-30T02:40:00Z,33.44,35.78,1355.2
72:a5:12:55:c5:00,2024-01-30T02:40:00Z,2024-01-30T02:45:00Z,31.69,37.77,1318.02
72:a5:12:55:c5:00,2024-01-30T02:45:00Z,2024-01-30T02:50:00Z,27.62,33.35,1373.37
72:a5:12:55:c5:00,2024-01-30T02:50:00Z,2024-01-30T02:55:00Z,31.2,28.51,1334.14
72:a5:12:55:c5:00,2024-01-30T02:55:00Z,2024-01-30T03:00:00Z,29.17,32.9,1427.32
72:a5:12:55:c5:00,2024-01-30T03:00:00Z,2024-01-30T03:05:00Z,31.55,28.6,1868.58
72:a5:12:55:c5:00,2024-01-30T03:05:00Z,2024-01-30T03:10:00Z,29.22,34.67,2092.57
72:a5:12:55:c5:00,2024-01-30T03:10:00Z,2024-01-30T03:15:00Z,31.92,30.33,1839.39
72:a5:12:55:c5:00,2024-01-30T03:15:00Z,2024-01-30T03:20:00Z,30.92,21.46,2119.04
72:a5:12:55:c5:00,2024-01-30T03:20:00Z,2024-01-30T03:25:00Z,32.18,46.25,1988.24
72:a5:12:55:c5:00,2024-01-30T03:25:00Z,2024-01-30T03:30:00Z,35.43,28.88,1701.91
72:a5:12:55:c5:00,2024-01-30T03:30:00Z,2024-01-30T03:35:00Z,30.31,31.93,1594.33
72:a5:12:55:c5:00,2024-01-30T03:35:00Z,2024-01-30T03:40:00Z,28.2,25.48,1855.54
72:a5:12:55:c5:00,2024-01-30T03:40:00Z,2024-01-30T03:45:00Z,34.12,26.14,1931.91
72:a5:12:55:c5:00,2024-01-30T03:45:00Z,2024-01-30T03:50:00Z,33.65,29.96,1737.95
72:a5:12:55:c5:00,2024-01-30T03:50:00Z,2024-01-30T03:55:00Z,27.98,30.47,1629.54
72:a5:12:55:c5:00,2024-01-30T03:55:00Z,2024-01-30T04:00:00Z,30.11,35.57,1832.14
72:a5:12:55:c5:00,2024-01-30T04:00:00Z,2024-01-30T04:05:00Z,33.34,30.01,1928.72
72:a5:12:55:c5:00,2024-01-30T04:05:00Z,2024-01-30T04:10:00Z,34.08,25.21,1981.44
72:a5:12:55:c5:00,2024-01-30T04:10:00Z,2024-01-30T04:15:00Z,32.7,19.03,2025.19
72:a5:12:55:c5:00,2024-01-30T04:15:00Z,2024-01-30T04:20:00Z,32.26,29.19,2302.08
72:a5:12:55:c5:00,2024-01-30T04:20:00Z,2024-01-30T04:25:00Z,31.26,26.57,2252.59
72:a5:12:55:c5:00,2024-01-30T04:25:00Z,2024-01-30T04:30:00Z,26.11,22.62,2205.64
72:a5:12:55:c5:00,2024-01-30T04:30:00Z,2024-01-30T04:35:00Z,37.66,33.87,1947.72
72:a5:12:55:c5:00,2024-01-30T04:35:00Z,2024-01-30T04:40:00Z,29.37,22.1,2102.13
72:a5:12:55:c5:00,2024-01-30T04:40:00Z,2024-01-30T04:45:00Z,32.31,32.4,2153.1
72:a5:12:55:c5:00,2024-01-30T04:45:00Z,2024-01-30T04:50:00Z,31.99,24.79,2099.61
72:a5:12:55:c5:00,2024-01-30T04:50:00Z,2024-01-30T04:55:00Z,34.04,28.97,2122.64
72:a5:12:55:c5:00,2024-01-30T04:55:00Z,2024-01-30T05:00:00Z,33.16,30.94,2031.13
72:a5:12:55:c5:00,2024-01-30T05:00:00Z,2024-01-30T05:05:00Z,32.5,31.91,2157.82
72:a5:12:55:c5:00,2024-01-30T05:05:00Z,2024-01-30T05:10:00Z,27.72,34.11,2286.08
72:a5:12:55:c5:00,2024-01-30T05:10:00Z,2024-01-30T05:15:00Z,30.82,37.33,1921.79
72:a5:12:55:c5:00,2024-01-30T05:15:00Z,2024-01-30T05:20:00Z,34.5,33.24,2426.41
72:a5:12:55:c5:00,2024-01-30T05:20:00Z,2024-01-30T05:25:00Z,34.1,32.15,2133.02
72:a5:12:55:c5:00,2024-01-30T05:25:00Z,2024-01-30T05:30:00Z,30.98,32.05,2382.75
72:a5:12:55:c5:00,2024-01-30T05:30:00Z,2024-01-30T05:35:00Z,29.34,30.45,2316.15
72:a5:12:55:c5:00,2024-01-30T05:35:00Z,2024-01-30T05:40:00Z,32.78,28.49,2272.48
72:a5:12:55:c5:00,2024-01-30T05:40:00Z,2024-01-30T05:45:00Z,27.19,28.08,2477.7
72:a5:12:55:c5:00,2024-01-30T05:45:00Z,2024-01-30T05:50:00Z,31.1,22.79,2532.66
72:a5:12:55:c5:00,2024-01-30T05:50:00Z,2024-01-30T05:55:00Z,35.99,21.82,2322.95
72:a5:12:55:c5:00,2024-01-30T05:55:00Z,2024-01-30T06:00:00Z,35.2,35.85,2254.26
72:a5:12:55:c5:00,2024-01-30T06:00:00Z,2024-01-30T06:05:00Z,34.34,26.65,2450.09
72:a5:12:55:c5:00,2024-01-30T06:05:00Z,2024-01-30T06:10:00Z,33.6,28.99,2354.56
72:a5:12:55:c5:00,2024-01-30T06:10:00Z,2024-01-30T06:15:00Z,29.6,33.29,2447.63
72:a5:12:55:c5:00,2024-01-30T06:15:00Z,2024-01-30T06:20:00Z,30.98,25.43,2226.01
72:a5:12:55:c5:00,2024-01-30T06:20:00Z,2024-01-30T06:25:00Z,31.34,28.69,2429.09
72:a5:12:55:c5:00,2024-01-30T06:25:00Z,2024-01-30T06:30:00Z,31.24,25.38,2175.73
72:a5:12:55:c5:00,2024-01-30T06:30:00Z,2024-01-30T06:35:00Z,31.84,31.77,2339.31
72:a5:12:55:c5:00,2024-01-30T06:35:00Z,2024-01-30T06:40:00Z,35.55,26.74,2434.29
72:a5:12:55:c5:00,2024-01-30T06:40:00Z,2024-01-30T06:45:00Z,31.53,25.96,2572.14
72:a5:12:55:c5:00,2024-01-30T06:45:00Z,2024-01-30T06:50:00Z,32.76,23.94,2366.4
72:a5:12:55:c5:00,2024-01-30T06:50:00Z,2024-01-30T06:55:00Z,34.31,24.39,2335.12
72:a5:12:55:c5:00,2024-01-30T06:55:00Z,2024-01-30T07:00:00Z,30.25,29.41,2301.69
72:a5:12:55:c5:00,2024-01-30T07:00:00Z,2024-01-30T07:05:00Z,31.24,23.65,2353.54
72:a5:12:55:c5:00,2024-01-30T07:05:00Z,2024-01-30T07:10:00Z,31.47,25.01,2380.87
72:a5:12:55:c5:00,2024-01-30T07:10:00Z,2024-01-30T07:15:00Z,32.93,28.36,2287.99
72:a5:12:55:c5:00,2024-01-30T07:15:00Z,2024-01-30T07:20:00Z,32.45,29.13,2425.1
72:a5:12:55:c5:00,2024-01-30T07:20:00Z,2024-01-30T07:25:00Z,31.73,31.39,2431.18
72:a5:12:55:c5:00,2024-01-30T07:25:00Z,2024-01-30T07:30:00Z,32.34,28.02,2295.05
72:a5:12:55:c5:00,2024-01-30T07:30:00Z,2024-01-30T07:35:00Z,30.55,37.46,2159.86
72:a5:12:55:c5:00,2024-01-30T07:35:00Z,2024-01-30T07:40:00Z,33.26,31.6,2266.29
72:a5:12:55:c5:00,2024-01-30T07:40:00Z,2024-01-30T07:45:00Z,32.27,25.58,2174.72
72:a5:12:55:c5:00,2024-01-30T07:45:00Z,2024-01-30T07:50:00Z,33.56,30.07,2345.23
72:a5:12:55:c5:00,2024-01-30T07:50:00Z,2024-01-30T07:55:00Z,31.01,32.37,2462.95
72:a5:12:55:c5:00,2024-01-30T07:55:00Z,2024-01-30T08:00:00Z,32.82,24.53,2181.93
72:a5:12:55:c5:00,2024-01-30T08:00:00Z,2024-01-30T08:05:00Z,31.42,34.6,1945.81
72:a5:12:55:c5:00,2024-01-30T08:05:00Z,2024-01-30T08:10:00Z,32.27,25.68,2074.92
72:a5:12:55:c5:00,2024-01-30T08:10:00Z,2024-01-30T08:15:00Z,32.79,24.48,2057.5
72:a5:12:55:c5:00,2024-01-30T08:15:00Z,2024-01-30T08:20:00Z,31.74,31.11,2212.69
72:a5:12:55:c5:00,2024-01-30T08:20:00Z,2024-01-30T08:25:00Z,33.29,37.06,2160.73
72:a5:12:55:c5:00,2024-01-30T08:25:00Z,2024-01-30T08:30:00Z,32.71,29.3,1863.87
72:a5:12:55:c5:00,2024-01-30T08:30:00Z,2024-01-30T08:35:00Z,31.46,25.96,2219.81
72:a5:12:55:c5:00,2024-01-30T08:35:00Z,2024-01-30T08:40:00Z,30.87,23.27,2058.78
72:a5:12:55:c5:00,2024-01-30T08:40:00Z,2024-01-30T08:45:00Z,34.45,22.56,2075.69
72:a5:12:55:c5:00,2024-01-30T08:45:00Z,2024-01-30T08:50:00Z,30.49,30.66,2139.98
72:a5:12:55:c5:00,2024-01-30T08:50:00Z,2024-01-30T08:55:00Z,31.77,34.76,2091.09
72:a5:12:55:c5:00,2024-01-30T08:55:00Z,2024-01-30T09:00:00Z,33.18,24.28,2337.05
72:a5:12:55:c5:00,2024-01-30T09:00:00Z,2024-01-30T09:05:00Z,30.67,33.1,1925.32
72:a5:12:55:c5:00,2024-01-30T09:05:00Z,2024-01-30T09:10:00Z,29.46,35.4,1851.85
72:a5:12:55:c5:00,2024-01-30T09:10:00Z,2024-01-30T09:15:00Z,30.17,32.13,1863.65
72:a5:12:55:c5:00,2024-01-30T09:15:00Z,2024-01-30T09:20:00Z,27.64,41.03,1914.43
72:a5:12:55:c5:00,2024-01-30T09:20:00Z,2024-01-30T09:25:00Z,34.94,26.44,1808.17
72:a5:12:55:c5:00,2024-01-30T09:25:00Z,2024-01-30T09:30:00Z,30.32,30.96,1872.39
72:a5:12:55:c5:00,2024-01-30T09:30:00Z,2024-01-30T09:35:00Z,31.64,24.8,1964.07
72:a5:12:55:c5:00,2024-01-30T09:35:00Z,2024-01-30T09:40:00Z,32.11,27.05,1822.27
72:a5:12:55:c5:00,2024-01-30T09:40:00Z,2024-01-30T09:45:00Z,33.0,36.96,2140.2
72:a5:12:55:c5:00,2024-01-30T09:45:00Z,2024-01-30T09:50:00Z,35.06,27.83,1895.17
72:a5:12:55:c5:00,2024-01-30T09:50:00Z,2024-01-30T09:55:00Z,31.81,33.42,1693.69
72:a5:12:55:c5:00,2024-01-30T09:55:00Z,2024-01-30T10:00:00Z,32.14,24.28,1785.13
72:a5:12:55:c5:00,2024-01-30T10:00:00Z,2024-01-30T10:05:00Z,27.86,39.32,1410.77
72:a5:12:55:c5:00,2024-01-30T10:05:00Z,2024-01-30T10:10:00Z,27.26,35.81,1435.51
72:a5:12:55:c5:00,2024-01-30T10:10:00Z,2024-01-30T10:15:00Z,27.24,37.72,1469.96
72:a5:12:55:c5:00,2024-01-30T10:15:00Z,2024-01-30T10:20:00Z,28.56,28.47,1407.26
72:a5:12:55:c5:00,2024-01-30T10:20:00Z,2024-01-30T10:25:00Z,26.41,37.18,1128.79
72:a5:12:55:c5:00,2024-01-30T10:25:00Z,2024-01-30T10:30:00Z,31.73,33.97,1601.07
72:a5:12:55:c5:00,2024-01-30T10:30:00Z,2024-01-30T10:35:00Z,32.67,32.46,1267.15
72:a5:12:55:c5:00,2024-01-30T10:35:00Z,2024-01-30T10:40:00Z,29.19,37.6,1345.25
72:a5:12:55:c5:00,2024-01-30T10:40:00Z,2024-01-30T10:45:00Z,32.53,35.98,1331.4
72:a5:12:55:c5:00,2024-01-30T10:45:00Z,2024-01-30T10:50:00Z,28.34,29.47,1474.92
72:a5:12:55:c5:00,2024-01-30T10:50:00Z,2024-01-30T10:55:00Z,30.01,41.99,1485.35
72:a5:12:55:c5:00,2024-01-30T10:55:00Z,2024-01-30T11:00:00Z,25.84,42.26,1331.15
72:a5:12:55:c5:00,2024-01-30T11:00:00Z,2024-01-30T11:05:00Z,32.03,34.96,912.1
72:a5:12:55:c5:00,2024-01-30T11:05:00Z,2024-01-30T11:10:00Z,28.13,39.4,719.36
72:a5:12:55:c5:00,2024-01-30T11:10:00Z,2024-01-30T11:15:00Z,29.58,38.83,802.69
72:a5:12:55:c5:00,2024-01-30T11:15:00Z,2024-01-30T11:20:00Z,30.71,30.82,767.74
72:a5:12:55:c5:00,2024-01-30T11:20:00Z,2024-01-30T11:25:00Z,32.38,37.05,972.85
72:a5:12:55:c5:00,2024-01-30T11:25:00Z,2024-01-30T11:30:00Z,28.8,32.16,1062.63
72:a5:12:55:c5:00,2024-01-30T11:30:00Z,2024-01-30T11:35:00Z,30.82,33.71,1101.22
72:a5:12:55:c5:00,2024-01-30T11:35:00Z,2024-01-30T11:40:00Z,26.9,39.24,1081.75
72:a5:12:55:c5:00,2024-01-30T11:40:00Z,2024-01-30T11:45:00Z,32.59,27.39,989.1
72:a5:12:55:c5:00,2024-01-30T11:45:00Z,2024-01-30T11:50:00Z,28.63,31.89,827.78
72:a5:12:55:c5:00,2024-01-30T11:50:00Z,2024-01-30T11:55:00Z,28.86,40.62,848.66
72:a5:12:55:c5:00,2024-01-30T11:55:00Z,2024-01-30T12:00:00Z,28.93,44.53,959.75
72:a5:12:55:c5:00,2024-01-30T12:00:00Z,2024-01-30T12:05:00Z,30.72,37.54,106.72
72:a5:12:55:c5:00,2024-01-30T12:05:00Z,2024-01-30T12:10:00Z,29.12,40.27,70.61
72:a5:12:55:c5:00,2024-01-30T12:10:00Z,2024-01-30T12:15:00Z,28.45,45.24,527.75
72:a5:12:55:c5:00,2024-01-30T12:15:00Z,2024-01-30T12:20:00Z,29.35,41.27,345.02
72:a5:12:55:c5:00,2024-01-30T12:20:00Z,2024-01-30T12:25:00Z,29.06,44.72,426.88
72:a5:12:55:c5:00,2024-01-30T12:25:00Z,2024-01-30T12:30:00Z,29.59,44.55,555.93
72:a5:12:55:c5:00,2024-01-30T12:30:00Z,2024-01-30T12:35:00Z,29.83,43.45,115.02
72:a5:12:55:c5:00,2024-01-30T12:35:00Z,2024-01-30T12:40:00Z,25.92,38.22,530.43
72:a5:12:55:c5:00,2024-01-30T12:40:00Z,2024-01-30T12:45:00Z,25.2,34.0,386.18
72:a5:12:55:c5:00,2024-01-30T12:45:00Z,2024-01-30T12:50:00Z,28.11,41.83,395.38
72:a5:12:55:c5:00,2024-01-30T12:50:00Z,2024-01-30T12:55:00Z,30.44,41.85,630.37
72:a5:12:55:c5:00,2024-01-30T12:55:00Z,2024-01-30T13:00:00Z,30.78,38.75,438.24
72:a5:12:55:c5:00,2024-01-30T13:00:00Z,2024-01-30T13:05:00Z,22.79,45.59,604.67
72:a5:12:55:c5:00,2024-01-30T13:05:00Z,2024-01-30T13:10:00Z,27.11,41.2,315.33
72:a5:12:55:c5:00,2024-01-30T13:10:00Z,2024-01-30T13:15:00Z,27.69,36.21,322.46
72:a5:12:55:c5:00,2024-01-30T13:15:00Z,2024-01-30T13:20:00Z,27.65,44.44,377.52
72:a5:12:55:c5:00,2024-01-30T13:20:00Z,2024-01-30T13:25:00Z,28.87,38.78,362.44
72:a5:12:55:c5:00,2024-01-30T13:25:00Z,2024-01-30T13:30:00Z,28.3,45.85,375.67
72:a5:12:55:c5:00,2024-01-30T13:30:00Z,2024-01-30T13:35:00Z,24.48,50.18,555.82
72:a5:12:55:c5:00,2024-01-30T13:35:00Z,2024-01-30T13:40:00Z,24.82,46.01,471.88
72:a5:12:55:c5:00,2024-01-30T13:40:00Z,2024-01-30T13:45:00Z,26.77,44.43,494.95
72:a5:12:55:c5:00,2024-01-30T13:45:00Z,2024-01-30T13:50:00Z,29.46,42.98,272.69
72:a5:12:55:c5:00,2024-01-30T13:50:00Z,2024-01-30T13:55:00Z,26.61,41.1,183.28
72:a5:12:55:c5:00,2024-01-30T13:55:00Z,2024-01-30T14:00:00Z,24.23,39.59,323.01
72:a5:12:55:c5:00,2024-01-30T14:00:00Z,2024-01-30T14:05:00Z,23.27,43.72,528.46
72:a5:12:55:c5:00,2024-01-30T14:05:00Z,2024-01-30T14:10:00Z,27.0,47.16,406.85
72:a5:12:55:c5:00,2024-01-30T14:10:00Z,2024-01-30T14:15:00Z,24.51,46.23,495.67
72:a5:12:55:c5:00,2024-01-30T14:15:00Z,2024-01-30T14:20:00Z,25.13,39.69,603.89
72:a5:12:55:c5:00,2024-01-30T14:20:00Z,2024-01-30T14:25:00Z,26.58,45.59,531.08
72:a5:12:55:c5:00,2024-01-30T14:25:00Z,2024-01-30T14:30:00Z,22.46,44.86,412.45
72:a5:12:55:c5:00,2024-01-30T14:30:00Z,2024-01-30T14:35:00Z,24.48,42.35,468.14
72:a5:12:55:c5:00,2024-01-30T14:35:00Z,2024-01-30T14:40:00Z,24.58,48.29,266.48
72:a5:12:55:c5:00,2024-01-30T14:40:00Z,2024-01-30T14:45:00Z,26.82,40.35,314.06
72:a5:12:55:c5:00,2024-01-30T14:45:00Z,2024-01-30T14:50:00Z,26.78,45.07,340.74
72:a5:12:55:c5:00,2024-01-30T14:50:00Z,2024-01-30T14:55:00Z,22.01,34.92,367.76
72:a5:12:55:c5:00,2024-01-30T14:55:00Z,2024-01-30T15:00:00Z,24.62,48.59,408.22
72:a5:12:55:c5:00,2024-01-30T15:00:00Z,2024-01-30T15:05:00Z,26.49,49.18,674.15
72:a5:12:55:c5:00,2024-01-30T15:05:00Z,2024-01-30T15:10:00Z,21.58,40.89,573.92
72:a5:12:55:c5:00,2024-01-30T15:10:00Z,2024-01-30T15:15:00Z,25.1,41.99,366.41
72:a5:12:55:c5:00,2024-01-30T15:15:00Z,2024-01-30T15:20:00Z,22.46,45.0,590.27
72:a5:12:55:c5:00,2024-01-30T15:20:00Z,2024-01-30T15:25:00Z,23.56,48.23,319.77
72:a5:12:55:c5:00,2024-01-30T15:25:00Z,2024-01-30T15:30:00Z,20.47,42.24,533.05
72:a5:12:55:c5:00,2024-01-30T15:30:00Z,2024-01-30T15:35:00Z,27.45,49.79,129.12
72:a5:12:55:c5:00,2024-01-30T15:35:00Z,2024-01-30T15:40:00Z,24.14,46.4,432.14
72:a5:12:55:c5:00,2024-01-30T15:40:00Z,2024-01-30T15:45:00Z,22.66,40.89,437.1
72:a5:12:55:c5:00,2024-01-30T15:45:00Z,2024-01-30T15:50:00Z,24.3,52.38,424.8
72:a5:12:55:c5:00,2024-01-30T15:50:00Z,2024-01-30T15:55:00Z,21.97,50.62,339.87
72:a5:12:55:c5:00,2024-01-30T15:55:00Z,2024-01-30T16:00:00Z,22.18,44.55,350.74
72:a5:12:55:c5:00,2024-01-30T16:00:00Z,2024-01-30T16:05:00Z,26.73,51.19,261.16
72:a5:12:55:c5:00,2024-01-30T16:05:00Z,2024-01-30T16:10:00Z,28.44,45.2,138.2
72:a5:12:55:c5:00,2024-01-30T16:10:00Z,2024-01-30T16:15:00Z,22.53,56.11,463.71
72:a5:12:55:c5:00,2024-01-30T16:15:00Z,2024-01-30T16:20:00Z,26.51,51.84,467.78
72:a5:12:55:c5:00,2024-01-30T16:20:00Z,2024-01-30T16:25:00Z,24.12,46.8,89.22
72:a5:12:55:c5:00,2024-01-30T16:25:00Z,2024-01-30T16:30:00Z,20.66,58.99,567.45
72:a5:12:55:c5:00,2024-01-30T16:30:00Z,2024-01-30T16:35:00Z,21.02,57.13,284.33
72:a5:12:55:c5:00,2024-01-30T16:35:00Z,2024-01-30T16:40:00Z,26.33,50.04,525.55
72:a5:12:55:c5:00,2024-01-30T16:40:00Z,2024-01-30T16:45:00Z,21.13,49.6,235.97
72:a5:12:55:c5:00,2024-01-30T16:45:00Z,2024-01-30T16:50:00Z,28.24,47.57,517.32
72:a5:12:55:c5:00,2024-01-30T16:50:00Z,2024-01-30T16:55:00Z,23.09,44.57,437.34
72:a5:12:55:c5:00,2024-01-30T16:55:00Z,2024-01-30T17:00:00Z,26.94,57.4,486.53
72:a5:12:55:c5:00,2024-01-30T17:00:00Z,2024-01-30T17:05:00Z,22.35,49.89,386.24
72:a5:12:55:c5:00,2024-01-30T17:05:00Z,2024-01-30T17:10:00Z,26.06,58.28,737.59
72:a5:12:55:c5:00,2024-01-30T17:10:00Z,2024-01-30T17:15:00Z,25.9,55.94,333.58
72:a5:12:55:c5:00,2024-01-30T17:15:00Z,2024-01-30T17:20:00Z,26.65,50.43,339.7
72:a5:12:55:c5:00,2024-01-30T17:20:00Z,2024-01-30T17:25:00Z,21.76,59.37,210.56
72:a5:12:55:c5:00,2024-01-30T17:25:00Z,2024-01-30T17:30:00Z,21.88,45.38,417.76
72:a5:12:55:c5:00,2024-01-30T17:30:00Z,2024-01-30T17:35:00Z,23.56,49.22,539.22
72:a5:12:55:c5:00,2024-01-30T17:35:00Z,2024-01-30T17:40:00Z,20.69,49.68,618.41
72:a5:12:55:c5:00,2024-01-30T17:40:00Z,2024-01-30T17:45:00Z,22.24,52.76,578.72
72:a5:12:55:c5:00,2024-01-30T17:45:00Z,2024-01-30T17:50:00Z,21.54,52.76,125.82
72:a5:12:55:c5:00,2024-01-30T17:50:00Z,2024-01-30T17:55:00Z,26.07,47.95,652.69
72:a5:12:55:c5:00,2024-01-30T17:55:00Z,2024-01-30T18:00:00Z,22.35,58.19,541.09
72:a5:12:55:c5:00,2024-01-30T18:00:00Z,2024-01-30T18:05:00Z,19.78,52.1,394.99
72:a5:12:55:c5:00,2024-01-30T18:05:00Z,2024-01-30T18:10:00Z,24.77,47.71,468.75
72:a5:12:55:c5:00,2024-01-30T18:10:00Z,2024-01-30T18:15:00Z,22.93,48.93,294.74
72:a5:12:55:c5:00,2024-01-30T18:15:00Z,2024-01-30T18:20:00Z,23.31,46.68,402.04
72:a5:12:55:c5:00,2024-01-30T18:20:00Z,2024-01-30T18:25:00Z,25.44,53.4,324.82
72:a5:12:55:c5:00,2024-01-30T18:25:00Z,2024-01-30T18:30:00Z,25.47,53.91,496.09
72:a5:12:55:c5:00,2024-01-30T18:30:00Z,2024-01-30T18:35:00Z,21.39,55.63,325.25
72:a5:12:55:c5:00,2024-01-30T18:35:00Z,2024-01-30T18:40:00Z,22.34,52.58,337.62
72:a5:12:55:c5:00,2024-01-30T18:40:00Z,2024-01-30T18:45:00Z,20.78,45.96,412.22
72:a5:12:55:c5:00,2024-01-30T18:45:00Z,2024-01-30T18:50:00Z,19.48,54.7,772.34
72:a5:12:55:c5:00,2024-01-30T18:50:00Z,2024-01-30T18:55:00Z,22.8,43.9,358.22
72:a5:12:55:c5:00,2024-01-30T18:55:00Z,2024-01-30T19:00:00Z,24.04,49.87,309.39
72:a5:12:55:c5:00,2024-01-30T19:00:00Z,2024-01-30T19:05:00Z,24.8,47.01,406.63
72:a5:12:55:c5:00,2024-01-30T19:05:00Z,2024-01-30T19:10:00Z,25.36,53.81,262.62
72:a5:12:55:c5:00,2024-01-30T19:10:00Z,2024-01-30T19:15:00Z,23.75,51.08,563.43
72:a5:12:55:c5:00,2024-01-30T19:15:00Z,2024-01-30T19:20:00Z,25.28,53.75,452.9
72:a5:12:55:c5:00,2024-01-30T19:20:00Z,2024-01-30T19:25:00Z,18.85,57.52,409.13
72:a5:12:55:c5:00,2024-01-30T19:25:00Z,2024-01-30T19:30:00Z,22.89,57.47,536.71
72:a5:12:55:c5:00,2024-01-30T19:30:00Z,2024-01-30T19:35:00Z,26.22,42.22,507.08
72:a5:12:55:c5:00,2024-01-30T19:35:00Z,2024-01-30T19:40:00Z,19.55,51.85,420.99
72:a5:12:55:c5:00,2024-01-30T19:40:00Z,2024-01-30T19:45:00Z,22.93,59.3,239.42
72:a5:12:55:c5:00,2024-01-30T19:45:00Z,2024-01-30T19:50:00Z,24.08,54.29,546.59
72:a5:12:55:c5:00,2024-01-30T19:50:00Z,2024-01-30T19:55:00Z,24.93,50.33,448.24
72:a5:12:55:c5:00,2024-01-30T19:55:00Z,2024-01-30T20:00:00Z,22.93,53.91,326.8
72:a5:12:55:c5:00,2024-01-30T20:00:00Z,2024-01-30T20:05:00Z,26.03,46.62,360.26
72:a5:12:55:c5:00,2024-01-30T20:05:00Z,2024-01-30T20:10:00Z,24.11,44.12,455.53
72:a5:12:55:c5:00,2024-01-30T20:10:00Z,2024-01-30T20:15:00Z,20.69,56.1,375.26
72:a5:12:55:c5:00,2024-01-30T20:15:00Z,2024-01-30T20:20:00Z,24.56,51.55,354.19
72:a5:12:55:c5:00,2024-01-30T20:20:00Z,2024-01-30T20:25:00Z,23.98,42.01,263.94
72:a5:12:55:c5:00,2024-01-30T20:25:00Z,2024-01-30T20:30:00Z,21.4,51.08,543.13
72:a5:12:55:c5:00,2024-01-30T20:30:00Z,2024-01-30T20:35:00Z,25.79,47.03,535.95
72:a5:12:55:c5:00,2024-01-30T20:35:00Z,2024-01-30T20:40:00Z,24.94,47.57,509.09
72:a5:12:55:c5:00,2024-01-30T20:40:00Z,2024-01-30T20:45:00Z,20.68,45.33,101.36
72:a5:12:55:c5:00,2024-01-30T20:45:00Z,2024-01-30T20:50:00Z,21.58,45.65,426.48
72:a5:12:55:c5:00,2024-01-30T20:50:00Z,2024-01-30T20:55:00Z,24.09,49.42,376.77
72:a5:12:55:c5:00,2024-01-30T20:55:00Z,2024-01-30T21:00:00Z,22.79,51.74,371.81
72:a5:12:55:c5:00,2024-01-30T21:00:00Z,2024-01-30T21:05:00Z,25.42,45.37,519.73
72:a5:12:55:c5:00,2024-01-30T21:05:00Z,2024-01-30T21:10:00Z,23.19,46.1,482.51
72:a5:12:55:c5:00,2024-01-30T21:10:00Z,2024-01-30T21:15:00Z,25.87,49.89,581.54
72:a5:12:55:c5:00,2024-01-30T21:15:00Z,2024-01-30T21:20:00Z,27.61,49.77,491.78
72:a5:12:55:c5:00,2024-01-30T21:20:00Z,2024-01-30T21:25:00Z,24.2,50.54,364.59
72:a5:12:55:c5:00,2024-01-30T21:25:00Z,2024-01-30T21:30:00Z,24.09,49.63,264.3
72:a5:12:55:c5:00,2024-01-30T21:30:00Z,2024-01-30T21:35:00Z,26.06,51.28,457.79
72:a5:12:55:c5:00,2024-01-30T21:35:00Z,2024-01-30T21:40:00Z,24.26,49.6,411.55
72:a5:12:55:c5:00,2024-01-30T21:40:00Z,2024-01-30T21:45:00Z,23.15,47.75,372.83
72:a5:12:55:c5:00,2024-01-30T21:45:00Z,2024-01-30T21:50:00Z,26.74,49.54,345.67
72:a5:12:55:c5:00,2024-01-30T21:50:00Z,2024-01-30T21:55:00Z,25.09,42.06,598.73
72:a5:12:55:c5:00,2024-01-30T21:55:00Z,2024-01-30T22:00:00Z,22.51,48.58,303.38
72:a5:12:55:c5:00,2024-01-30T22:00:00Z,2024-01-30T22:05:00Z,23.77,45.95,678.53
72:a5:12:55:c5:00,2024-01-30T22:05:00Z,2024-01-30T22:10:00Z,24.46,48.4,651.69
72:a5:12:55:c5:00,2024-01-30T22:10:00Z,2024-01-30T22:15:00Z,29.96,45.66,322.97
72:a5:12:55:c5:00,2024-01-30T22:15:00Z,2024-01-30T22:20:00Z,26.46,57.86,679.62
72:a5:12:55:c5:00,2024-01-30T22:20:00Z,2024-01-30T22:25:00Z,25.34,43.96,321.74
72:a5:12:55:c5:00,2024-01-30T22:25:00Z,2024-01-30T22:30:00Z,27.36,41.68,547.64
72:a5:12:55:c5:00,2024-01-30T22:30:00Z,2024-01-30T22:35:00Z,22.9,51.03,340.07
72:a5:12:55:c5:00,2024-01-30T22:35:00Z,2024-01-30T22:40:00Z,28.41,49.91,109.2
72:a5:12:55:c5:00,2024-01-30T22:40:00Z,2024-01-30T22:45:00Z,24.9,49.98,-79.41
72:a5:12:55:c5:00,2024-01-30T22:45:00Z,2024-01-30T22:50:00Z,29.29,46.38,280.9
72:a5:12:55:c5:00,2024-01-30T22:50:00Z,2024-01-30T22:55:00Z,24.67,49.81,498.98
72:a5:12:55:c5:00,2024-01-30T22:55:00Z,2024-01-30T23:00:00Z,28.15,52.86,523.23
72:a5:12:55:c5:00,2024-01-30T23:00:00Z,2024-01-30T23:05:00Z,22.1,45.5,373.55
72:a5:12:55:c5:00,2024-01-30T23:05:00Z,2024-01-30T23:10:00Z,23.94,37.65,456.49
72:a5:12:55:c5:00,2024-01-30T23:10:00Z,2024-01-30T23:15:00Z,25.32,26.87,351.17
72:a5:12:55:c5:00,2024-01-30T23:15:00Z,2024-01-30T23:20:00Z,22.47,45.25,316.54
72:a5:12:55:c5:00,2024-01-30T23:20:00Z,2024-01-30T23:25:00Z,28.82,39.67,586.03
72:a5:12:55:c5:00,2024-01-30T23:25:00Z,2024-01-30T23:30:00Z,28.02,43.87,122.36
72:a5:12:55:c5:00,2024-01-30T23:30:00Z,2024-01-30T23:35:00Z,24.06,39.61,367.25
72:a5:12:55:c5:00,2024-01-30T23:35:00Z,2024-01-30T23:40:00Z,25.97,38.06,403.02
72:a5:12:55:c5:00,2024-01-30T23:40:00Z,2024-01-30T23:45:00Z,29.08,41.36,563.75
72:a5:12:55:c5:00,2024-01-30T23:45:00Z,2024-01-30T23:50:00Z,21.82,37.78,337.9
72:a5:12:55:c5:00,2024-01-30T23:50:00Z,2024-01-30T23:55:00Z,24.46,49.13,374.23
72:a5:12:55:c5:00,2024-01-30T23:55:00Z,2024-01-31T00:00:00Z,25.67,44.94,506.32
